"Lot/Serial Number","Internal Reference","Product/Internal Reference","Product/Name","Product/Product Category/Parent Name","Product/Product Category/Category Name","Product/CN Brand","Display Name","On Hand Qty","Expiry Date","Product/Lot Available","Product/Forecast Qty","Product/Pallet","Product/Unit of Measure","Product/Base Cost","Activity","Product/Expiry Date","Product/Sales Price","Company"
"L270100001","","A54394","QINGQUAN Peach Ready-to-Drink Tea 12btls*330ml","Beverages","Ready-to-Drink Tea","QINGQUAN","01-29-2027/0.0","133.0","2027-01-29","266.0","266.0","","Case","24.275","","360","30.0","Crestline New Jersey Inc"
"L270600002","","A54394","QINGQUAN Peach Ready-to-Drink Tea 12btls*330ml","Beverages","Ready-to-Drink Tea","QINGQUAN","06-02-2027/0.0","133.0","2027-06-02","266.0","266.0","","Case","24.275","","360","30.0","Crestline New Jersey Inc"
"L250900003","","A54394","QINGQUAN Peach Ready-to-Drink Tea 12btls*330ml","Beverages","Ready-to-Drink Tea","QINGQUAN","09-09-2025/0.0","0.0","2025-09-09","266.0","266.0","","Case","24.275","","360","30.0","Crestline New Jersey Inc"
"L270600004","","A11157","QINGQUAN Lychee Jasmine Ready-to-Drink Tea 24btls*1500ml","Beverages","Ready-to-Drink Tea","QINGQUAN","06-16-2027/0.0","0.0","2027-06-16","0.0","1.0","13*12=156","Case","13.873","","360","21.0","Crestline New Jersey Inc"
"L251000005","","A11157","QINGQUAN Lychee Jasmine Ready-to-Drink Tea 24btls*1500ml","Beverages","Ready-to-Drink Tea","QINGQUAN","10-31-2025/0.0","0.0","2025-10-31","0.0","1.0","13*12=156","Case","13.873","","360","21.0","Crestline New Jersey Inc"
"L260800006","","A11157","QINGQUAN Lychee Jasmine Ready-to-Drink Tea 24btls*1500ml","Beverages","Ready-to-Drink Tea","QINGQUAN","08-10-2026/0.0","0.0","2026-08-10","0.0","1.0","13*12=156","Case","13.873","","360","21.0","Crestline New Jersey Inc"
"L270800007","","A63261","QINGQUAN Grape Ready-to-Drink Tea 12btls*500ml","Beverages","Ready-to-Drink Tea","QINGQUAN","08-15-2027/0.0","4.0","2027-08-15","10.0","13.0","","Case","10.486","","360","12.0","Crestline New Jersey Inc"
"L270600008","","A63261","QINGQUAN Grape Ready-to-Drink Tea 12btls*500ml","Beverages","Ready-to-Drink Tea","QINGQUAN","06-06-2027/0.0","3.0","2027-06-06","10.0","13.0","","Case","10.486","","360","12.0","Crestline New Jersey Inc"
"L270700009","","A63261","QINGQUAN Grape Ready-to-Drink Tea 12btls*500ml","Beverages","Ready-to-Drink Tea","QINGQUAN","07-29-2027/0.0","3.0","2027-07-29","10.0","13.0","","Case","10.486","","360","12.0","Crestline New Jersey Inc"
"L270700010","","A49363","QINGQUAN Lemon Ready-to-Drink Tea 20btls*480ml","Beverages","Ready-to-Drink Tea","QINGQUAN","07-28-2027/0.0","20.0","2027-07-28","40.0","40.0","9*13=117","Case","27.816","","360","31.5","Crestline New Jersey Inc"
"L270200011","","A49363","QINGQUAN Lemon Ready-to-Drink Tea 20btls*480ml","Beverages","Ready-to-Drink Tea","QINGQUAN","02-09-2027/0.0","20.0","2027-02-09","40.0","40.0","9*13=117","Case","27.816","","360","31.5","Crestline New Jersey Inc"
"L270500012","","A59173","QINGQUAN Matcha Ready-to-Drink Tea 20btls*280ml","Beverages","Ready-to-Drink Tea","QINGQUAN","05-24-2027/0.0","1690.0","2027-05-24","1690.0","1690.0","10*12=120","Case","16.793","","360","23.0","Crestline New Jersey Inc"
"2026-03-16","","A59173","QINGQUAN Matcha Ready-to-Drink Tea 20btls*280ml","Beverages","Ready-to-Drink Tea","QINGQUAN","03-16-2026/0.0","0.0","2026-03-16","1690.0","1690.0","10*12=120","Case","16.793","","360","23.0","Crestline New Jersey Inc"
"L260900014","","A60317","QINGQUAN Milk Ready-to-Drink Tea 20btls*280ml","Beverages","Ready-to-Drink Tea","QINGQUAN","09-26-2026/0.0","70.0","2026-09-26","139.0","148.0","12*14=168","Case","21.707","Alert Date Reached","360","29.0","Crestline New Jersey Inc"
"L270800015","","A60317","QINGQUAN Milk Ready-to-Drink Tea 20btls*280ml","Beverages","Ready-to-Drink Tea","QINGQUAN","08-30-2027/0.0","69.0","2027-08-30","139.0","148.0","12*14=168","Case","21.707","","360","29.0","Crestline New Jersey Inc"
"2026-07-29","","A60317","QINGQUAN Milk Ready-to-Drink Tea 20btls*280ml","Beverages","Ready-to-Drink Tea","QINGQUAN","07-29-2026/0.0","0.0","2026-07-29","139.0","148.0","12*14=168","Case","21.707","","360","29.0","Crestline New Jersey Inc"
"2026-02-26","","A60317","QINGQUAN Milk Ready-to-Drink Tea 20btls*280ml","Beverages","Ready-to-Drink Tea","QINGQUAN","02-26-2026/0.0","0.0","2026-02-26","139.0","148.0","12*14=168","Case","21.707","","360","29.0","Crestline New Jersey Inc"
"L270700018","","A77352","QINGQUAN Coconut Ready-to-Drink Tea 24btls*280ml","Beverages","Ready-to-Drink Tea","QINGQUAN","07-13-2027/0.0","67.0","2027-07-13","67.0","67.0","8*8=64","Case","17.479","","360","20.5","Crestline New Jersey Inc"
"2026-07-14","","A77352","QINGQUAN Coconut Ready-to-Drink Tea 24btls*280ml","Beverages","Ready-to-Drink Tea","QINGQUAN","07-14-2026/0.0","0.0","2026-07-14","67.0","67.0","8*8=64","Case","17.479","","360","20.5","Crestline New Jersey Inc"
"L270500020","","A66366","QINGQUAN Peach Plant-Based Drinks 20btls*500ml","Beverages","Plant-Based Drinks","QINGQUAN","05-03-2027/0.0","0.0","2027-05-03","0.0","0.0","","Case","21.05","","360","23.5","Crestline New Jersey Inc"
"L270700021","","A66366","QINGQUAN Peach Plant-Based Drinks 20btls*500ml","Beverages","Plant-Based Drinks","QINGQUAN","07-21-2027/0.0","0.0","2027-07-21","0.0","0.0","","Case","21.05","","360","23.5","Crestline New Jersey Inc"
"L260500022","","A66366","QINGQUAN Peach Plant-Based Drinks 20btls*500ml","Beverages","Plant-Based Drinks","QINGQUAN","05-18-2026/0.0","0.0","2026-05-18","0.0","0.0","","Case","21.05","","360","23.5","Crestline New Jersey Inc"
"L270800023","","A67153","QINGQUAN Lychee Jasmine Plant-Based Drinks 15btls*330ml","Beverages","Plant-Based Drinks","QINGQUAN","08-12-2027/0.0","0.0","2027-08-12","0.0","97.0","16*6=96","Case","25.395","","360","28.5","Crestline New Jersey Inc"
"L270700024","","A67153","QINGQUAN Lychee Jasmine Plant-Based Drinks 15btls*330ml","Beverages","Plant-Based Drinks","QINGQUAN","07-10-2027/0.0","0.0","2027-07-10","0.0","97.0","16*6=96","Case","25.395","","360","28.5","Crestline New Jersey Inc"
"L270600025","","A16334","QINGQUAN Grape Plant-Based Drinks 24btls*500ml","Beverages","Plant-Based Drinks","QINGQUAN","06-04-2027/0.0","4.0","2027-06-04","12.0","12.0","18*10=180","Case","13.084","","360","15.0","Crestline New Jersey Inc"
"L261200026","","A16334","QINGQUAN Grape Plant-Based Drinks 24btls*500ml","Beverages","Plant-Based Drinks","QINGQUAN","12-15-2026/0.0","4.0","2026-12-15","12.0","12.0","18*10=180","Case","13.084","","360","15.0","Crestline New Jersey Inc"
"L270700027","","A16334","QINGQUAN Grape Plant-Based Drinks 24btls*500ml","Beverages","Plant-Based Drinks","QINGQUAN","07-26-2027/0.0","4.0","2027-07-26","12.0","12.0","18*10=180","Case","13.084","","360","15.0","Crestline New Jersey Inc"
"L260100028","","A16334","QINGQUAN Grape Plant-Based Drinks 24btls*500ml","Beverages","Plant-Based Drinks","QINGQUAN","01-23-2026/0.0","0.0","2026-01-23","12.0","12.0","18*10=180","Case","13.084","","360","15.0","Crestline New Jersey Inc"
"L261100029","","A71357","QINGQUAN Lemon Plant-Based Drinks 20btls*1500ml","Beverages","Plant-Based Drinks","QINGQUAN","11-04-2026/0.0","5.0","2026-11-04","11.0","60.0","","Case","17.991","Alert Date Reached","360","20.0","Crestline New Jersey Inc"
"L270100030","","A71357","QINGQUAN Lemon Plant-Based Drinks 20btls*1500ml","Beverages","Plant-Based Drinks","QINGQUAN","01-16-2027/0.0","3.0","2027-01-16","11.0","60.0","","Case","17.991","","360","20.0","Crestline New Jersey Inc"
"L270100031","","A71357","QINGQUAN Lemon Plant-Based Drinks 20btls*1500ml","Beverages","Plant-Based Drinks","QINGQUAN","01-20-2027/0.0","3.0","2027-01-20","11.0","60.0","","Case","17.991","","360","20.0","Crestline New Jersey Inc"
"L270600032","","A02117","QINGQUAN Matcha Plant-Based Drinks 24btls*500ml","Beverages","Plant-Based Drinks","QINGQUAN","06-22-2027/0.0","18.0","2027-06-22","18.0","18.0","7*8=56","Case","13.754","","360","16.0","Crestline New Jersey Inc"
"L270100033","","A26234","QINGQUAN Milk Plant-Based Drinks 24btls*1500ml","Beverages","Plant-Based Drinks","QINGQUAN","01-26-2027/0.0","0.0","2027-01-26","0.0","0.0","10*8=80","Case","22.765","","360","30.5","Crestline New Jersey Inc"
"L251100034","","A26234","QINGQUAN Milk Plant-Based Drinks 24btls*1500ml","Beverages","Plant-Based Drinks","QINGQUAN","11-14-2025/0.0","0.0","2025-11-14","0.0","0.0","10*8=80","Case","22.765","","360","30.5","Crestline New Jersey Inc"
"L260600035","","A26234","QINGQUAN Milk Plant-Based Drinks 24btls*1500ml","Beverages","Plant-Based Drinks","QINGQUAN","06-14-2026/0.0","0.0","2026-06-14","0.0","0.0","10*8=80","Case","22.765","","360","999.0","Crestline New Jersey Inc"
"L270500036","","A56386","QINGQUAN Coconut Plant-Based Drinks 24btls*1500ml","Beverages","Plant-Based Drinks","QINGQUAN","05-19-2027/0.0","3.0","2027-05-19","7.0","7.0","4*13=52","Case","21.431","","360","27.5","Crestline New Jersey Inc"
"L270300037","","A56386","QINGQUAN Coconut Plant-Based Drinks 24btls*1500ml","Beverages","Plant-Based Drinks","QINGQUAN","03-09-2027/0.0","2.0","2027-03-09","7.0","7.0","4*13=52","Case","21.431","","360","27.5","Crestline New Jersey Inc"
"L260600038","","A56386","QINGQUAN Coconut Plant-Based Drinks 24btls*1500ml","Beverages","Plant-Based Drinks","QINGQUAN","06-09-2026/0.0","2.0","2026-06-09","7.0","7.0","4*13=52","Case","21.431","Alert Date Reached","360","999.0","Crestline New Jersey Inc"
"2026-01-05","","A56386","QINGQUAN Coconut Plant-Based Drinks 24btls*1500ml","Beverages","Plant-Based Drinks","QINGQUAN","01-05-2026/0.0","0.0","2026-01-05","7.0","7.0","4*13=52","Case","21.431","","360","27.5","Crestline New Jersey Inc"
"L270500040","","FE53175","YUANCHUAN Red Bean Ice Cream 8boxes*4bags*88ml","Frozen & Chilled Foods","Ice Cream","YUANCHUAN","05-13-2027/0.0","0.0","2027-05-13","0.0","0.0","13*14=182","Case","35.688","","540","50.5","Crestline New Jersey Inc"
"L270700041","","FE53175","YUANCHUAN Red Bean Ice Cream 8boxes*4bags*88ml","Frozen & Chilled Foods","Ice Cream","YUANCHUAN","07-31-2027/0.0","0.0","2027-07-31","0.0","0.0","13*14=182","Case","35.688","","540","50.5","Crestline New Jersey Inc"
"2025-10-23","","FE53175","YUANCHUAN Red Bean Ice Cream 8boxes*4bags*88ml","Frozen & Chilled Foods","Ice Cream","YUANCHUAN","10-23-2025/0.0","0.0","2025-10-23","0.0","0.0","13*14=182","Case","35.688","","540","50.5","Crestline New Jersey Inc"
"L270800043","","FE11202","YUANCHUAN Taro Ice Cream 8boxes*3bags*72ml","Frozen & Chilled Foods","Ice Cream","YUANCHUAN","08-28-2027/0.0","41.0","2027-08-28","81.0","81.0","7*12=84","Case","42.328","","540","53.5","Crestline New Jersey Inc"
"L271000044","","FE11202","YUANCHUAN Taro Ice Cream 8boxes*3bags*72ml","Frozen & Chilled Foods","Ice Cream","YUANCHUAN","10-17-2027/0.0","40.0","2027-10-17","81.0","81.0","7*12=84","Case","42.328","","540","53.5","Crestline New Jersey Inc"
"L270900045","","FE82283","YUANCHUAN Coconut Ice Cream 24boxes*3bags*90ml","Frozen & Chilled Foods","Ice Cream","YUANCHUAN","09-09-2027/0.0","20.0","2027-09-09","40.0","40.0","10*5=50","Case","57.841","","540","70.5","Crestline New Jersey Inc"
"L271200046","","FE82283","YUANCHUAN Coconut Ice Cream 24boxes*3bags*90ml","Frozen & Chilled Foods","Ice Cream","YUANCHUAN","12-24-2027/0.0","20.0","2027-12-24","40.0","40.0","10*5=50","Case","57.841","","540","70.5","Crestline New Jersey Inc"
"L261000047","","FE29343","YUANCHUAN Milk Ice Cream 6boxes*4bags*90ml","Frozen & Chilled Foods","Ice Cream","YUANCHUAN","10-27-2026/0.0","145.0","2026-10-27","290.0","290.0","","Case","43.273","Alert Date Reached","540","62.5","Crestline New Jersey Inc"
"L271100048","","FE29343","YUANCHUAN Milk Ice Cream 6boxes*4bags*90ml","Frozen & Chilled Foods","Ice Cream","YUANCHUAN","11-24-2027/0.0","145.0","2027-11-24","290.0","290.0","","Case","43.273","","540","62.5","Crestline New Jersey Inc"
"L271000049","","FE18257","YUANCHUAN Peach Ice Cream 24boxes*4bags*72ml","Frozen & Chilled Foods","Ice Cream","YUANCHUAN","10-13-2027/0.0","851.0","2027-10-13","851.0","851.0","11*9=99","Case","36.318","","540","52.0","Crestline New Jersey Inc"
"L270800050","","FE14300","YUANCHUAN Matcha Ice Cream 6boxes*3bags*90ml","Frozen & Chilled Foods","Ice Cream","YUANCHUAN","08-30-2027/0.0","49.0","2027-08-30","147.0","147.0","7*5=35","Case","49.141","","540","65.5","Crestline New Jersey Inc"
"L270600051","","FE14300","YUANCHUAN Matcha Ice Cream 6boxes*3bags*90ml","Frozen & Chilled Foods","Ice Cream","YUANCHUAN","06-06-2027/0.0","49.0","2027-06-06","147.0","147.0","7*5=35","Case","49.141","","540","65.5","Crestline New Jersey Inc"
"L270800052","","FE14300","YUANCHUAN Matcha Ice Cream 6boxes*3bags*90ml","Frozen & Chilled Foods","Ice Cream","YUANCHUAN","08-04-2027/0.0","49.0","2027-08-04","147.0","147.0","7*5=35","Case","49.141","","540","65.5","Crestline New Jersey Inc"
"L280100053","","FE04114","YUANCHUAN Melon Ice Cream 8boxes*4bags*90ml","Frozen & Chilled Foods","Ice Cream","YUANCHUAN","01-01-2028/0.0","41.0","2028-01-01","41.0","41.0","","Case","42.234","","540","50.0","Crestline New Jersey Inc"
"L260700054","","FE04114","YUANCHUAN Melon Ice Cream 8boxes*4bags*90ml","Frozen & Chilled Foods","Ice Cream","YUANCHUAN","07-20-2026/0.0","0.0","2026-07-20","41.0","41.0","","Case","42.234","","540","50.0","Crestline New Jersey Inc"
"L260400055","","FE04114","YUANCHUAN Melon Ice Cream 8boxes*4bags*90ml","Frozen & Chilled Foods","Ice Cream","YUANCHUAN","04-08-2026/0.0","0.0","2026-04-08","41.0","41.0","","Case","42.234","","540","50.0","Crestline New Jersey Inc"
"L270400056","","FE60393","YUANCHUAN Brown Sugar Ice Cream 6boxes*4bags*88ml","Frozen & Chilled Foods","Ice Cream","YUANCHUAN","04-15-2027/0.0","185.0","2027-04-15","185.0","185.0","","Case","33.767","","540","49.0","Crestline New Jersey Inc"
"L270600057","","FE83379","Chenle Chocolate Ice Cream 6boxes*3bags*72ml","Frozen & Chilled Foods","Ice Cream","Chenle","06-07-2027/0.0","0.0","2027-06-07","0.0","1959.0","18*5=90","Case","42.096","","540","60.0","Crestline New Jersey Inc"
"L261200058","","FE83379","Chenle Chocolate Ice Cream 6boxes*3bags*72ml","Frozen & Chilled Foods","Ice Cream","Chenle","12-11-2026/0.0","0.0","2026-12-11","0.0","1959.0","18*5=90","Case","42.096","","540","60.0","Crestline New Jersey Inc"
"L270200059","","FE03167","Chenle Pineapple Ice Cream 8boxes*4bags*90ml","Frozen & Chilled Foods","Ice Cream","Chenle","02-09-2027/0.0","94.0","2027-02-09","278.0","400.0","13*7=91","Case","36.963","","540","44.5","Crestline New Jersey Inc"
"L261200060","","FE03167","Chenle Pineapple Ice Cream 8boxes*4bags*90ml","Frozen & Chilled Foods","Ice Cream","Chenle","12-10-2026/0.0","92.0","2026-12-10","278.0","400.0","13*7=91","Case","36.963","","540","44.5","Crestline New Jersey Inc"
"L280100061","","FE03167","Chenle Pineapple Ice Cream 8boxes*4bags*90ml","Frozen & Chilled Foods","Ice Cream","Chenle","01-04-2028/0.0","92.0","2028-01-04","278.0","400.0","13*7=91","Case","36.963","","540","44.5","Crestline New Jersey Inc"
"L270700062","","FE35318","Chenle Red Bean Ice Cream 8boxes*3bags*72ml","Frozen & Chilled Foods","Ice Cream","Chenle","07-22-2027/0.0","74.0","2027-07-22","147.0","366.0","4*8=32","Case","42.631","","540","60.5","Crestline New Jersey Inc"
"L261200063","","FE35318","Chenle Red Bean Ice Cream 8boxes*3bags*72ml","Frozen & Chilled Foods","Ice Cream","Chenle","12-18-2026/0.0","73.0","2026-12-18","147.0","366.0","4*8=32","Case","42.631","","540","60.5","Crestline New Jersey Inc"
"L270700064","","FE60355","Chenle Osmanthus Ice Cream 8boxes*4bags*88ml","Frozen & Chilled Foods","Ice Cream","Chenle","07-05-2027/0.0","2340.0","2027-07-05","7018.0","19481.0","16*13=208","Case","31.236","","540","44.5","Crestline New Jersey Inc"
"L270300065","","FE60355","Chenle Osmanthus Ice Cream 8boxes*4bags*88ml","Frozen & Chilled Foods","Ice Cream","Chenle","03-18-2027/0.0","2339.0","2027-03-18","7018.0","19481.0","16*13=208","Case","31.236","","540","44.5","Crestline New Jersey Inc"
"L270900066","","FE60355","Chenle Osmanthus Ice Cream 8boxes*4bags*88ml","Frozen & Chilled Foods","Ice Cream","Chenle","09-05-2027/0.0","2339.0","2027-09-05","7018.0","19481.0","16*13=208","Case","31.236","","540","44.5","Crestline New Jersey Inc"
"L271000067","","FE57162","Chenle Lychee Ice Cream 6boxes*4bags*88ml","Frozen & Chilled Foods","Ice Cream","Chenle","10-30-2027/0.0","34.0","2027-10-30","98.0","98.0","13*8=104","Case","34.524","","540","44.0","Crestline New Jersey Inc"
"L280100068","","FE57162","Chenle Lychee Ice Cream 6boxes*4bags*88ml","Frozen & Chilled Foods","Ice Cream","Chenle","01-05-2028/0.0","32.0","2028-01-05","98.0","98.0","13*8=104","Case","34.524","","540","44.0","Crestline New Jersey Inc"
"L270400069","","FE57162","Chenle Lychee Ice Cream 6boxes*4bags*88ml","Frozen & Chilled Foods","Ice Cream","Chenle","04-24-2027/0.0","32.0","2027-04-24","98.0","98.0","13*8=104","Case","34.524","","540","44.0","Crestline New Jersey Inc"
"L270100070","","FE12333","Chenle Taro Ice Cream 24boxes*4bags*72ml","Frozen & Chilled Foods","Ice Cream","Chenle","01-13-2027/0.0","20.0","2027-01-13","58.0","123.0","","Case","47.94","","540","67.0","Crestline New Jersey Inc"
"L270400071","","FE12333","Chenle Taro Ice Cream 24boxes*4bags*72ml","Frozen & Chilled Foods","Ice Cream","Chenle","04-16-2027/0.0","19.0","2027-04-16","58.0","123.0","","Case","47.94","","540","67.0","Crestline New Jersey Inc"
"L280100072","","FE12333","Chenle Taro Ice Cream 24boxes*4bags*72ml","Frozen & Chilled Foods","Ice Cream","Chenle","01-10-2028/0.0","19.0","2028-01-10","58.0","123.0","","Case","47.94","","540","67.0","Crestline New Jersey Inc"
"L270400073","","FE72394","Chenle Melon Ice Cream 6boxes*3bags*72ml","Frozen & Chilled Foods","Ice Cream","Chenle","04-01-2027/0.0","0.0","2027-04-01","0.0","0.0","8*9=72","Case","34.881","","540","50.0","Crestline New Jersey Inc"
"L280100074","","FE72394","Chenle Melon Ice Cream 6boxes*3bags*72ml","Frozen & Chilled Foods","Ice Cream","Chenle","01-02-2028/0.0","0.0","2028-01-02","0.0","0.0","8*9=72","Case","34.881","","540","50.0","Crestline New Jersey Inc"
"L271200075","","FE73210","Chenle Strawberry Ice Cream 8boxes*3bags*90ml","Frozen & Chilled Foods","Ice Cream","Chenle","12-26-2027/0.0","593.0","2027-12-26","1186.0","1186.0","","Case","49.587","","540","62.5","Crestline New Jersey Inc"
"L270500076","","FE73210","Chenle Strawberry Ice Cream 8boxes*3bags*90ml","Frozen & Chilled Foods","Ice Cream","Chenle","05-13-2027/0.0","593.0","2027-05-13","1186.0","1186.0","","Case","49.587","","540","62.5","Crestline New Jersey Inc"
"L260200077","","FE73210","Chenle Strawberry Ice Cream 8boxes*3bags*90ml","Frozen & Chilled Foods","Ice Cream","Chenle","02-07-2026/0.0","0.0","2026-02-07","1186.0","1186.0","","Case","49.587","","540","62.5","Crestline New Jersey Inc"
"L261000078","","FE34150","Chenle Coconut Ice Cream 24boxes*4bags*90ml","Frozen & Chilled Foods","Ice Cream","Chenle","10-08-2026/0.0","77.0","2026-10-08","229.0","2322.0","14*13=182","Case","39.008","Alert Date Reached","540","57.0","Crestline New Jersey Inc"
"L261200079","","FE34150","Chenle Coconut Ice Cream 24boxes*4bags*90ml","Frozen & Chilled Foods","Ice Cream","Chenle","12-17-2026/0.0","76.0","2026-12-17","229.0","2322.0","14*13=182","Case","39.008","","540","57.0","Crestline New Jersey Inc"
"L270100080","","FE34150","Chenle Coconut Ice Cream 24boxes*4bags*90ml","Frozen & Chilled Foods","Ice Cream","Chenle","01-10-2027/0.0","76.0","2027-01-10","229.0","2322.0","14*13=182","Case","39.008","","540","57.0","Crestline New Jersey Inc"
"L270700081","","FE33313","Chenqing Lemon Ice Cream 6boxes*3bags*72ml","Frozen & Chilled Foods","Ice Cream","Chenqing","07-20-2027/0.0","422.0","2027-07-20","422.0","422.0","12*9=108","Case","45.528","","540","52.0","Crestline New Jersey Inc"
"2025-11-30","","FE33313","Chenqing Lemon Ice Cream 6boxes*3bags*72ml","Frozen & Chilled Foods","Ice Cream","Chenqing","11-30-2025/0.0","0.0","2025-11-30","422.0","422.0","12*9=108","Case","45.528","","540","52.0","Crestline New Jersey Inc"
"L271200083","","FE88388","Chenqing Lychee Ice Cream 8boxes*3bags*72ml","Frozen & Chilled Foods","Ice Cream","Chenqing","12-10-2027/0.0","15.0","2027-12-10","43.0","43.0","15*8=120","Case","26.891","","540","39.0","Crestline New Jersey Inc"
"L270600084","","FE88388","Chenqing Lychee Ice Cream 8boxes*3bags*72ml","Frozen & Chilled Foods","Ice Cream","Chenqing","06-17-2027/0.0","14.0","2027-06-17","43.0","43.0","15*8=120","Case","26.891","","540","39.0","Crestline New Jersey Inc"
"L270200085","","FE88388","Chenqing Lychee Ice Cream 8boxes*3bags*72ml","Frozen & Chilled Foods","Ice Cream","Chenqing","02-26-2027/0.0","14.0","2027-02-26","43.0","43.0","15*8=120","Case","26.891","","540","39.0","Crestline New Jersey Inc"
"L280100086","","FE79120","Chenqing Pineapple Ice Cream 6boxes*4bags*88ml","Frozen & Chilled Foods","Ice Cream","Chenqing","01-23-2028/0.0","2488.0","2028-01-23","4976.0","4976.0","16*8=128","Case","47.802","","540","58.5","Crestline New Jersey Inc"
"L270800087","","FE79120","Chenqing Pineapple Ice Cream 6boxes*4bags*88ml","Frozen & Chilled Foods","Ice Cream","Chenqing","08-22-2027/0.0","2488.0","2027-08-22","4976.0","4976.0","16*8=128","Case","47.802","","540","58.5","Crestline New Jersey Inc"
"L271100088","","FE16292","Chenqing Grape Ice Cream 6boxes*3bags*90ml","Frozen & Chilled Foods","Ice Cream","Chenqing","11-10-2027/0.0","202.0","2027-11-10","606.0","606.0","6*8=48","Case","47.882","","540","53.5","Crestline New Jersey Inc"
"L270600089","","FE16292","Chenqing Grape Ice Cream 6boxes*3bags*90ml","Frozen & Chilled Foods","Ice Cream","Chenqing","06-29-2027/0.0","202.0","2027-06-29","606.0","606.0","6*8=48","Case","47.882","","540","53.5","Crestline New Jersey Inc"
"L270300090","","FE16292","Chenqing Grape Ice Cream 6boxes*3bags*90ml","Frozen & Chilled Foods","Ice Cream","Chenqing","03-29-2027/0.0","202.0","2027-03-29","606.0","606.0","6*8=48","Case","47.882","","540","53.5","Crestline New Jersey Inc"
"L251100091","","FE16292","Chenqing Grape Ice Cream 6boxes*3bags*90ml","Frozen & Chilled Foods","Ice Cream","Chenqing","11-09-2025/0.0","0.0","2025-11-09","606.0","606.0","6*8=48","Case","47.882","","540","53.5","Crestline New Jersey Inc"
"L271000092","","FE08324","Chenqing Osmanthus Ice Cream 24boxes*4bags*88ml","Frozen & Chilled Foods","Ice Cream","Chenqing","10-17-2027/0.0","63.0","2027-10-17","189.0","189.0","","Case","41.09","","540","48.0","Crestline New Jersey Inc"
"L270400093","","FE08324","Chenqing Osmanthus Ice Cream 24boxes*4bags*88ml","Frozen & Chilled Foods","Ice Cream","Chenqing","04-22-2027/0.0","63.0","2027-04-22","189.0","189.0","","Case","41.09","","540","48.0","Crestline New Jersey Inc"
"L270500094","","FE08324","Chenqing Osmanthus Ice Cream 24boxes*4bags*88ml","Frozen & Chilled Foods","Ice Cream","Chenqing","05-21-2027/0.0","63.0","2027-05-21","189.0","189.0","","Case","41.09","","540","48.0","Crestline New Jersey Inc"
"2026-03-06","","FE08324","Chenqing Osmanthus Ice Cream 24boxes*4bags*88ml","Frozen & Chilled Foods","Ice Cream","Chenqing","03-06-2026/0.0","0.0","2026-03-06","189.0","189.0","","Case","41.09","","540","48.0","Crestline New Jersey Inc"
"2025-09-28","","FE08324","Chenqing Osmanthus Ice Cream 24boxes*4bags*88ml","Frozen & Chilled Foods","Ice Cream","Chenqing","09-28-2025/0.0","0.0","2025-09-28","189.0","189.0","","Case","41.09","","540","48.0","Crestline New Jersey Inc"
"L260900097","","FE16253","Chenqing Strawberry Ice Cream 6boxes*4bags*88ml","Frozen & Chilled Foods","Ice Cream","Chenqing","09-12-2026/0.0","880.0","2026-09-12","880.0","880.0","4*7=28","Case","52.787","Alert Date Reached","540","62.5","Crestline New Jersey Inc"
"L270200098","","FE08158","Chenqing Red Bean Ice Cream 6boxes*3bags*90ml","Frozen & Chilled Foods","Ice Cream","Chenqing","02-04-2027/0.0","28.0","2027-02-04","28.0","28.0","","Case","49.871","","540","70.5","Crestline New Jersey Inc"
"L270800099","","FE83255","Chenqing Brown Sugar Ice Cream 8boxes*3bags*72ml","Frozen & Chilled Foods","Ice Cream","Chenqing","08-10-2027/0.0","0.0","2027-08-10","0.0","0.0","11*7=77","Case","31.661","","540","42.5","Crestline New Jersey Inc"
"L270600100","","FE83255","Chenqing Brown Sugar Ice Cream 8boxes*3bags*72ml","Frozen & Chilled Foods","Ice Cream","Chenqing","06-05-2027/0.0","0.0","2027-06-05","0.0","0.0","11*7=77","Case","31.661","","540","42.5","Crestline New Jersey Inc"
"L270200101","","FE54213","Chenqing Peach Ice Cream 24boxes*3bags*88ml","Frozen & Chilled Foods","Ice Cream","Chenqing","02-24-2027/0.0","179.0","2027-02-24","358.0","358.0","6*6=36","Case","39.027","","540","52.0","Crestline New Jersey Inc"
"L260900102","","FE54213","Chenqing Peach Ice Cream 24boxes*3bags*88ml","Frozen & Chilled Foods","Ice Cream","Chenqing","09-26-2026/0.0","179.0","2026-09-26","358.0","358.0","6*6=36","Case","39.027","Alert Date Reached","540","52.0","Crestline New Jersey Inc"
"L271200103","","FE72304","Chenqing Melon Ice Cream 8boxes*3bags*90ml","Frozen & Chilled Foods","Ice Cream","Chenqing","12-14-2027/0.0","493.0","2027-12-14","985.0","1206.0","4*8=32","Case","49.37","","540","62.5","Crestline New Jersey Inc"
"L270700104","","FE72304","Chenqing Melon Ice Cream 8boxes*3bags*90ml","Frozen & Chilled Foods","Ice Cream","Chenqing","07-26-2027/0.0","492.0","2027-07-26","985.0","1206.0","4*8=32","Case","49.37","","540","62.5","Crestline New Jersey Inc"
"L280700105","","L20305","XIANFU Tomato Wood Ear Mushroom 12bags*70g","Dried Vegetables","Wood Ear Mushroom","XIANFU","07-25-2028/0.0","49.0","2028-07-25","49.0","49.0","","Case","96.29","","1080","117.0","Crestline New Jersey Inc"
"2025-08-19","","L20305","XIANFU Tomato Wood Ear Mushroom 12bags*70g","Dried Vegetables","Wood Ear Mushroom","XIANFU","08-19-2025/0.0","0.0","2025-08-19","49.0","49.0","","Case","96.29","","1080","117.0","Crestline New Jersey Inc"
"L270800107","","K05189","XIANFU Jujube Fermented Tofu 30bags*1000g","Dried Vegetables","Fermented Tofu","XIANFU","08-24-2027/0.0","40.0","2027-08-24","80.0","80.0","18*7=126","Case","56.471","","360","74.5","Crestline New Jersey Inc"
"L270100108","","K05189","XIANFU Jujube Fermented Tofu 30bags*1000g","Dried Vegetables","Fermented Tofu","XIANFU","01-10-2027/0.0","40.0","2027-01-10","80.0","80.0","18*7=126","Case","56.471","","360","999.0","Crestline New Jersey Inc"
"L260800109","","K05189","XIANFU Jujube Fermented Tofu 30bags*1000g","Dried Vegetables","Fermented Tofu","XIANFU","08-11-2026/0.0","0.0","2026-08-11","80.0","80.0","18*7=126","Case","56.471","","360","74.5","Crestline New Jersey Inc"
"L260600110","","K05189","XIANFU Jujube Fermented Tofu 30bags*1000g","Dried Vegetables","Fermented Tofu","XIANFU","06-16-2026/0.0","0.0","2026-06-16","80.0","80.0","18*7=126","Case","56.471","","360","74.5","Crestline New Jersey Inc"
"L281100111","","E25184","Lusong Pickled Vegetable Brown Sugar 10bags*70g","Honey & Jam","Brown Sugar","Lusong","11-07-2028/0.0","0.0","2028-11-07","0.0","0.0","5*9=45","Case","36.443","","1080","44.5","Crestline New Jersey Inc"
"L280600112","","E25184","Lusong Pickled Vegetable Brown Sugar 10bags*70g","Honey & Jam","Brown Sugar","Lusong","06-11-2028/0.0","0.0","2028-06-11","0.0","0.0","5*9=45","Case","36.443","","1080","44.5","Crestline New Jersey Inc"
"L270500113","","E25184","Lusong Pickled Vegetable Brown Sugar 10bags*70g","Honey & Jam","Brown Sugar","Lusong","05-21-2027/0.0","0.0","2027-05-21","0.0","0.0","5*9=45","Case","36.443","","1080","44.5","Crestline New Jersey Inc"
"L290200114","","E96105","Lusong Chicken Brown Sugar 10bags*100g","Honey & Jam","Brown Sugar","Lusong","02-19-2029/0.0","1.0","2029-02-19","1.0","1.0","6*14=84","Case","38.086","","1080","54.0","Crestline New Jersey Inc"
"L270300115","","E69188","Lusong Melon White Sugar 10bags*1000g","Honey & Jam","White Sugar","Lusong","03-29-2027/0.0","0.0","2027-03-29","0.0","1.0","12*13=156","Case","38.932","","1080","46.0","Crestline New Jersey Inc"
"L270600116","","E66102","Lusong Garlic Brown Sugar 20bags*100g","Honey & Jam","Brown Sugar","Lusong","06-10-2027/0.0","0.0","2027-06-10","0.0","2.0","14*10=140","Case","18.768","","1080","21.5","Crestline New Jersey Inc"
"L290100117","","E66102","Lusong Garlic Brown Sugar 20bags*100g","Honey & Jam","Brown Sugar","Lusong","01-14-2029/0.0","0.0","2029-01-14","0.0","2.0","14*10=140","Case","18.768","","1080","21.5","Crestline New Jersey Inc"
"L270700118","","E66102","Lusong Garlic Brown Sugar 20bags*100g","Honey & Jam","Brown Sugar","Lusong","07-28-2027/0.0","0.0","2027-07-28","0.0","2.0","14*10=140","Case","18.768","","1080","21.5","Crestline New Jersey Inc"
"2026-05-17","","E66102","Lusong Garlic Brown Sugar 20bags*100g","Honey & Jam","Brown Sugar","Lusong","05-17-2026/0.0","0.0","2026-05-17","0.0","2.0","14*10=140","Case","18.768","","1080","21.5","Crestline New Jersey Inc"
"2026-03-12","","E66102","Lusong Garlic Brown Sugar 20bags*100g","Honey & Jam","Brown Sugar","Lusong","03-12-2026/0.0","0.0","2026-03-12","0.0","2.0","14*10=140","Case","18.768","","1080","21.5","Crestline New Jersey Inc"
"L280500121","","E17155","Lusong Seafood Brown Sugar 8bags*400g","Honey & Jam","Brown Sugar","Lusong","05-13-2028/0.0","359.0","2028-05-13","1073.0","1209.0","9*13=117","Case","16.934","","1080","21.0","Crestline New Jersey Inc"
"L290600122","","E17155","Lusong Seafood Brown Sugar 8bags*400g","Honey & Jam","Brown Sugar","Lusong","06-04-2029/0.0","357.0","2029-06-04","1073.0","1209.0","9*13=117","Case","16.934","","1080","21.0","Crestline New Jersey Inc"
"L281100123","","E17155","Lusong Seafood Brown Sugar 8bags*400g","Honey & Jam","Brown Sugar","Lusong","11-11-2028/0.0","357.0","2028-11-11","1073.0","1209.0","9*13=117","Case","16.934","","1080","21.0","Crestline New Jersey Inc"
"L261000124","","B46334","SHANBAO Jujube Puffed Snacks 12bags*200g","Candy & Snacks","Puffed Snacks","SHANBAO","10-27-2026/0.0","202.0","2026-10-27","202.0","225.0","6*11=66","Case","16.868","Alert Date Reached","270","21.5","Crestline New Jersey Inc"
"L270900125","","B87380","WANXIAN Pineapple Candy 10bags*70g","Candy & Snacks","Candy","WANXIAN","09-19-2027/0.0","23.0","2027-09-19","23.0","47.0","12*12=144","Case","33.938","","540","38.5","Crestline New Jersey Inc"
"L290600126","","VHB42229","Chengfeng Jujube Bath & Body Care 150ml","Beauty & Health & Home","Bath & Body Care","Chengfeng","06-12-2029/0.0","80.0","2029-06-12","159.0","159.0","7*7=49","each","12.262","","1095","17.0","Crestline New Jersey Inc"
"L270500127","","VHB42229","Chengfeng Jujube Bath & Body Care 150ml","Beauty & Health & Home","Bath & Body Care","Chengfeng","05-30-2027/0.0","79.0","2027-05-30","159.0","159.0","7*7=49","each","12.262","","1095","17.0","Crestline New Jersey Inc"
"L251100128","","VHB42229","Chengfeng Jujube Bath & Body Care 150ml","Beauty & Health & Home","Bath & Body Care","Chengfeng","11-03-2025/0.0","0.0","2025-11-03","159.0","159.0","7*7=49","each","12.262","","1095","17.0","Crestline New Jersey Inc"
"L270100129","","B66373","Fuxi Pineapple Puffed/Flour Snacks 30bags*70g","Candy & Snacks","Puffed/Flour Snacks","Fuxi","01-02-2027/0.0","3.0","2027-01-02","6.0","10.0","16*12=192","Case","32.596","","270","40.0","Crestline New Jersey Inc"
"L270400130","","B66373","Fuxi Pineapple Puffed/Flour Snacks 30bags*70g","Candy & Snacks","Puffed/Flour Snacks","Fuxi","04-28-2027/0.0","3.0","2027-04-28","6.0","10.0","16*12=192","Case","32.596","","270","40.0","Crestline New Jersey Inc"
"2026-01-05","","B66373","Fuxi Pineapple Puffed/Flour Snacks 30bags*70g","Candy & Snacks","Puffed/Flour Snacks","Fuxi","01-05-2026/0.0","0.0","2026-01-05","6.0","10.0","16*12=192","Case","32.596","","270","40.0","Crestline New Jersey Inc"
"L270700132","","B77267","Fuxi Red Bean Candy 20bags*70g","Candy & Snacks","Candy","Fuxi","07-04-2027/0.0","1.0","2027-07-04","1.0","2.0","4*14=56","Case","38.883","","540","43.5","Crestline New Jersey Inc"
"L270300133","","B23232","Fuxi Green Tea Puffed Snacks 8bags*70g","Candy & Snacks","Puffed Snacks","Fuxi","03-21-2027/0.0","70.0","2027-03-21","70.0","245.0","10*11=110","Case","41.194","","270","47.5","Crestline New Jersey Inc"
"L270700134","","FA87267","Runliang Beef Frozen Pastries&Pancakes&Baked Pancakes 30bags*1000g","Frozen & Chilled Foods","Frozen Pastries&Pancakes&Baked Pancakes","Runliang","07-27-2027/0.0","14.0","2027-07-27","28.0","30.0","13*14=182","Case","43.301","","360","62.5","Crestline New Jersey Inc"
"L261100135","","FA87267","Runliang Beef Frozen Pastries&Pancakes&Baked Pancakes 30bags*1000g","Frozen & Chilled Foods","Frozen Pastries&Pancakes&Baked Pancakes","Runliang","11-17-2026/0.0","14.0","2026-11-17","28.0","30.0","13*14=182","Case","43.301","Alert Date Reached","360","62.5","Crestline New Jersey Inc"
"L261200136","","FA94174","Runliang Honey Zongzi&Rice Cakes 8bags*400g","Frozen & Chilled Foods","Zongzi&Rice Cakes","Runliang","12-15-2026/0.0","100.0","2026-12-15","100.0","100.0","","Case","50.575","","540","56.5","Crestline New Jersey Inc"
"L251000137","","FA94174","Runliang Honey Zongzi&Rice Cakes 8bags*400g","Frozen & Chilled Foods","Zongzi&Rice Cakes","Runliang","10-05-2025/0.0","0.0","2025-10-05","100.0","100.0","","Case","50.575","","540","56.5","Crestline New Jersey Inc"
"2025-09-10","","FA94174","Runliang Honey Zongzi&Rice Cakes 8bags*400g","Frozen & Chilled Foods","Zongzi&Rice Cakes","Runliang","09-10-2025/0.0","0.0","2025-09-10","100.0","100.0","","Case","50.575","","540","999.0","Crestline New Jersey Inc"
"L270800139","","FG39192","Runliang Mango Frozen Beef 30bags*500g","Frozen & Chilled Foods","Frozen Beef","Runliang","08-08-2027/0.0","0.0","2027-08-08","0.0","6.0","14*14=196","LB","49.092","","360","67.5","Crestline New Jersey Inc"
"L270300140","","FG39192","Runliang Mango Frozen Beef 30bags*500g","Frozen & Chilled Foods","Frozen Beef","Runliang","03-19-2027/0.0","0.0","2027-03-19","0.0","6.0","14*14=196","LB","49.092","","360","67.5","Crestline New Jersey Inc"
"L270800141","","FA97196","Runliang Jujube Glutinous Rice Balls 8bags*200g","Frozen & Chilled Foods","Glutinous Rice Balls","Runliang","08-27-2027/0.0","1.0","2027-08-27","1.0","2.0","12*14=168","Case","35.945","","540","43.5","Crestline New Jersey Inc"
"L270600142","","FA97196","Runliang Jujube Glutinous Rice Balls 8bags*200g","Frozen & Chilled Foods","Glutinous Rice Balls","Runliang","06-02-2027/0.0","0.0","2027-06-02","1.0","2.0","12*14=168","Case","35.945","","540","43.5","Crestline New Jersey Inc"
"L270500143","","G53180","Zhouyou Taro Sauces 10bags*400g","Seasonings","Sauces","Zhouyou","05-31-2027/0.0","20.0","2027-05-31","39.0","62.0","","Case","14.819","","540","18.0","Crestline New Jersey Inc"
"L270100144","","G53180","Zhouyou Taro Sauces 10bags*400g","Seasonings","Sauces","Zhouyou","01-05-2027/0.0","19.0","2027-01-05","39.0","62.0","","Case","14.819","","540","18.0","Crestline New Jersey Inc"
"L280400145","","E56203","Zhouyou Taro Chili Seasonings 8bags*1000g","Seasonings","Chili Seasonings","Zhouyou","04-06-2028/0.0","10.0","2028-04-06","20.0","23.0","11*12=132","Case","39.216","","1080","51.5","Crestline New Jersey Inc"
"L270100146","","E56203","Zhouyou Taro Chili Seasonings 8bags*1000g","Seasonings","Chili Seasonings","Zhouyou","01-28-2027/0.0","10.0","2027-01-28","20.0","23.0","11*12=132","Case","39.216","","1080","51.5","Crestline New Jersey Inc"
"2026-05-02","","E56203","Zhouyou Taro Chili Seasonings 8bags*1000g","Seasonings","Chili Seasonings","Zhouyou","05-02-2026/0.0","0.0","2026-05-02","20.0","23.0","11*12=132","Case","39.216","","1080","51.5","Crestline New Jersey Inc"
"L261100148","","A40326","XIANYOU Melon Milk 24btls*500ml","Beverages","Milk","XIANYOU","11-10-2026/0.0","31.0","2026-11-10","89.0","121.0","17*8=136","Case","24.047","Alert Date Reached","360","29.0","Crestline New Jersey Inc"
"L270800149","","A40326","XIANYOU Melon Milk 24btls*500ml","Beverages","Milk","XIANYOU","08-14-2027/0.0","29.0","2027-08-14","89.0","121.0","17*8=136","Case","24.047","","360","999.0","Crestline New Jersey Inc"
"L270600150","","A40326","XIANYOU Melon Milk 24btls*500ml","Beverages","Milk","XIANYOU","06-27-2027/0.0","29.0","2027-06-27","89.0","121.0","17*8=136","Case","24.047","","360","29.0","Crestline New Jersey Inc"
"2025-08-25","","A40326","XIANYOU Melon Milk 24btls*500ml","Beverages","Milk","XIANYOU","08-25-2025/0.0","0.0","2025-08-25","89.0","121.0","17*8=136","Case","24.047","","360","29.0","Crestline New Jersey Inc"
"L261200152","","A11282","XIANYOU Red Bean Milk 12btls*330ml","Beverages","Milk","XIANYOU","12-15-2026/0.0","3.0","2026-12-15","5.0","7.0","","Case","18.571","","360","27.0","Crestline New Jersey Inc"
"L270700153","","A11282","XIANYOU Red Bean Milk 12btls*330ml","Beverages","Milk","XIANYOU","07-13-2027/0.0","1.0","2027-07-13","5.0","7.0","","Case","18.571","","360","27.0","Crestline New Jersey Inc"
"L270200154","","A11282","XIANYOU Red Bean Milk 12btls*330ml","Beverages","Milk","XIANYOU","02-27-2027/0.0","1.0","2027-02-27","5.0","7.0","","Case","18.571","","360","27.0","Crestline New Jersey Inc"
"L260100155","","A11282","XIANYOU Red Bean Milk 12btls*330ml","Beverages","Milk","XIANYOU","01-04-2026/0.0","0.0","2026-01-04","5.0","7.0","","Case","18.571","","360","27.0","Crestline New Jersey Inc"
"L270600156","","A59240","XIANYOU Beef Ready-to-Drink Tea 20btls*480ml","Beverages","Ready-to-Drink Tea","XIANYOU","06-10-2027/0.0","25.0","2027-06-10","25.0","27.0","11*9=99","Case","15.488","","360","20.0","Crestline New Jersey Inc"
"L270300157","","B68372","Jiaqing Peach Seasoned Vegetarian Snacks 12bags*200g","Candy & Snacks","Seasoned Vegetarian Snacks","Jiaqing","03-28-2027/0.0","62.0","2027-03-28","186.0","223.0","","Case","24.46","","240","28.5","Crestline New Jersey Inc"
"L270400158","","B68372","Jiaqing Peach Seasoned Vegetarian Snacks 12bags*200g","Candy & Snacks","Seasoned Vegetarian Snacks","Jiaqing","04-25-2027/0.0","62.0","2027-04-25","186.0","223.0","","Case","24.46","","240","28.5","Crestline New Jersey Inc"
"L270400159","","B68372","Jiaqing Peach Seasoned Vegetarian Snacks 12bags*200g","Candy & Snacks","Seasoned Vegetarian Snacks","Jiaqing","04-19-2027/0.0","62.0","2027-04-19","186.0","223.0","","Case","24.46","","240","28.5","Crestline New Jersey Inc"
"L260200160","","B68372","Jiaqing Peach Seasoned Vegetarian Snacks 12bags*200g","Candy & Snacks","Seasoned Vegetarian Snacks","Jiaqing","02-04-2026/0.0","0.0","2026-02-04","186.0","223.0","","Case","24.46","","240","28.5","Crestline New Jersey Inc"
"L270600161","","B96137","Jiaqing Milk Rice Crackers&Popcorn 20bags*1000g","Candy & Snacks","Rice Crackers&Popcorn","Jiaqing","06-16-2027/0.0","0.0","2027-06-16","0.0","5.0","","Case","22.778","","360","25.5","Crestline New Jersey Inc"
"L270300162","","B96137","Jiaqing Milk Rice Crackers&Popcorn 20bags*1000g","Candy & Snacks","Rice Crackers&Popcorn","Jiaqing","03-17-2027/0.0","0.0","2027-03-17","0.0","5.0","","Case","22.778","","360","25.5","Crestline New Jersey Inc"
"L270200163","","M42340","Jiaqing Five Spice Bread 24bags*100g","Candy & Snacks","Bread","Jiaqing","02-27-2027/0.0","105.0","2027-02-27","105.0","105.0","","Case","20.871","","180","27.0","Crestline New Jersey Inc"
"L270800164","","VSC33186","Luxi Milk Skin Care 250ml","Beauty & Health & Home","Skin Care","Luxi","08-08-2027/0.0","0.0","2027-08-08","0.0","1018.0","","each","6.748","","1095","9.0","Crestline New Jersey Inc"
"L280900165","","VSC33186","Luxi Milk Skin Care 250ml","Beauty & Health & Home","Skin Care","Luxi","09-16-2028/0.0","0.0","2028-09-16","0.0","1018.0","","each","6.748","","1095","9.0","Crestline New Jersey Inc"
"L271200166","","VSC89340","Luxi Grape Skin Care 200ml","Beauty & Health & Home","Skin Care","Luxi","12-01-2027/0.0","80.0","2027-12-01","238.0","269.0","","each","10.362","","1095","15.5","Crestline New Jersey Inc"
"L280400167","","VSC89340","Luxi Grape Skin Care 200ml","Beauty & Health & Home","Skin Care","Luxi","04-10-2028/0.0","79.0","2028-04-10","238.0","269.0","","each","10.362","","1095","15.5","Crestline New Jersey Inc"
"L261200168","","VSC89340","Luxi Grape Skin Care 200ml","Beauty & Health & Home","Skin Care","Luxi","12-12-2026/0.0","79.0","2026-12-12","238.0","269.0","","each","10.362","","1095","15.5","Crestline New Jersey Inc"
"2026-01-26","","VSC89340","Luxi Grape Skin Care 200ml","Beauty & Health & Home","Skin Care","Luxi","01-26-2026/0.0","0.0","2026-01-26","238.0","269.0","","each","10.362","","1095","15.5","Crestline New Jersey Inc"
"L261200170","","L97273","Yuanyue Coconut Nuts 8bags*100g","Candy & Snacks","Nuts","Yuanyue","12-19-2026/0.0","0.0","2026-12-19","0.0","0.0","","Case","16.28","","360","23.0","Crestline New Jersey Inc"
"L270300171","","L97273","Yuanyue Coconut Nuts 8bags*100g","Candy & Snacks","Nuts","Yuanyue","03-28-2027/0.0","0.0","2027-03-28","0.0","0.0","","Case","16.28","","360","23.0","Crestline New Jersey Inc"
"L261000172","","B97167","Yuanyue Milk Cheese Snacks 12bags*70g","Candy & Snacks","Cheese Snacks","Yuanyue","10-11-2026/0.0","329.0","2026-10-11","329.0","329.0","11*13=143","Case","12.54","Alert Date Reached","270","18.5","Crestline New Jersey Inc"
"L260600173","","B97167","Yuanyue Milk Cheese Snacks 12bags*70g","Candy & Snacks","Cheese Snacks","Yuanyue","06-01-2026/0.0","0.0","2026-06-01","329.0","329.0","11*13=143","Case","12.54","","270","18.5","Crestline New Jersey Inc"
"2025-10-24","","B97167","Yuanyue Milk Cheese Snacks 12bags*70g","Candy & Snacks","Cheese Snacks","Yuanyue","10-24-2025/0.0","0.0","2025-10-24","329.0","329.0","11*13=143","Case","12.54","","270","18.5","Crestline New Jersey Inc"
"L280100175","","B89177","Yuanyue Brown Sugar Seaweed Snacks & Dried Kelp 30bags*100g","Candy & Snacks","Seaweed Snacks & Dried Kelp","Yuanyue","01-24-2028/0.0","0.0","2028-01-24","0.0","0.0","","Case","32.888","","540","42.5","Crestline New Jersey Inc"
"L270700176","","B89177","Yuanyue Brown Sugar Seaweed Snacks & Dried Kelp 30bags*100g","Candy & Snacks","Seaweed Snacks & Dried Kelp","Yuanyue","07-07-2027/0.0","0.0","2027-07-07","0.0","0.0","","Case","32.888","","540","42.5","Crestline New Jersey Inc"
"L270700177","","B89177","Yuanyue Brown Sugar Seaweed Snacks & Dried Kelp 30bags*100g","Candy & Snacks","Seaweed Snacks & Dried Kelp","Yuanyue","07-19-2027/0.0","0.0","2027-07-19","0.0","0.0","","Case","32.888","","540","42.5","Crestline New Jersey Inc"
"2025-11-07","","B89177","Yuanyue Brown Sugar Seaweed Snacks & Dried Kelp 30bags*100g","Candy & Snacks","Seaweed Snacks & Dried Kelp","Yuanyue","11-07-2025/0.0","0.0","2025-11-07","0.0","0.0","","Case","32.888","","540","42.5","Crestline New Jersey Inc"
"L250900179","","B89177","Yuanyue Brown Sugar Seaweed Snacks & Dried Kelp 30bags*100g","Candy & Snacks","Seaweed Snacks & Dried Kelp","Yuanyue","09-20-2025/0.0","0.0","2025-09-20","0.0","0.0","","Case","32.888","","540","999.0","Crestline New Jersey Inc"
"L261000180","","CJ44363","YOUFENG Peach BBQ Sauce 24bags*200g","Seasonings","BBQ Sauce","YOUFENG","10-27-2026/0.0","34.0","2026-10-27","98.0","98.0","18*8=144","Case","35.303","Alert Date Reached","540","43.0","Crestline New Jersey Inc"
"L261100181","","CJ44363","YOUFENG Peach BBQ Sauce 24bags*200g","Seasonings","BBQ Sauce","YOUFENG","11-10-2026/0.0","32.0","2026-11-10","98.0","98.0","18*8=144","Case","35.303","Alert Date Reached","540","43.0","Crestline New Jersey Inc"
"L260600182","","CJ44363","YOUFENG Peach BBQ Sauce 24bags*200g","Seasonings","BBQ Sauce","YOUFENG","06-14-2026/0.0","32.0","2026-06-14","98.0","98.0","18*8=144","Case","35.303","Alert Date Reached","540","43.0","Crestline New Jersey Inc"
"L270600183","","E32256","YOUFENG Spicy Chili Seasonings 24bags*150g","Seasonings","Chili Seasonings","YOUFENG","06-03-2027/0.0","1.0","2027-06-03","3.0","4.0","","Case","18.763","","1080","25.0","Crestline New Jersey Inc"
"L271000184","","E32256","YOUFENG Spicy Chili Seasonings 24bags*150g","Seasonings","Chili Seasonings","YOUFENG","10-04-2027/0.0","1.0","2027-10-04","3.0","4.0","","Case","18.763","","1080","25.0","Crestline New Jersey Inc"
"L281100185","","E32256","YOUFENG Spicy Chili Seasonings 24bags*150g","Seasonings","Chili Seasonings","YOUFENG","11-21-2028/0.0","1.0","2028-11-21","3.0","4.0","","Case","18.763","","1080","25.0","Crestline New Jersey Inc"
"L270300186","","G44190","YOUFENG Coconut Oyster Sauce 10bags*500g","Seasonings","Oyster Sauce","YOUFENG","03-30-2027/0.0","82.0","2027-03-30","244.0","244.0","","Case","34.395","","540","38.5","Crestline New Jersey Inc"
"L271200187","","G44190","YOUFENG Coconut Oyster Sauce 10bags*500g","Seasonings","Oyster Sauce","YOUFENG","12-20-2027/0.0","81.0","2027-12-20","244.0","244.0","","Case","34.395","","540","38.5","Crestline New Jersey Inc"
"L260500188","","G44190","YOUFENG Coconut Oyster Sauce 10bags*500g","Seasonings","Oyster Sauce","YOUFENG","05-29-2026/0.0","81.0","2026-05-29","244.0","244.0","","Case","34.395","Alert Date Reached","540","38.5","Crestline New Jersey Inc"
"2025-11-25","","G44190","YOUFENG Coconut Oyster Sauce 10bags*500g","Seasonings","Oyster Sauce","YOUFENG","11-25-2025/0.0","0.0","2025-11-25","244.0","244.0","","Case","34.395","","540","38.5","Crestline New Jersey Inc"
"L270500190","","F38261","Xiangxi Seafood Peanuts 10bags*200g","Grains","Peanuts","Xiangxi","05-28-2027/0.0","1.0","2027-05-28","1.0","1.0","14*8=112","Case","36.788","","1080","48.5","Crestline New Jersey Inc"
"L260200191","","F38261","Xiangxi Seafood Peanuts 10bags*200g","Grains","Peanuts","Xiangxi","02-21-2026/0.0","0.0","2026-02-21","1.0","1.0","14*8=112","Case","36.788","","1080","48.5","Crestline New Jersey Inc"
"L290500192","","A69294","FENGFU Osmanthus Coconut Milk 15btls*1500ml","Beverages","Coconut Milk","FENGFU","05-07-2029/0.0","5.0","2029-05-07","5.0","5.0","18*6=108","Case","20.214","","1080","23.0","Crestline New Jersey Inc"
"L270300193","","C79258","FENGFU Lemon Coffee 24btls*500ml","Beverages","Coffee","FENGFU","03-21-2027/0.0","9.0","2027-03-21","23.0","23.0","12*6=72","Case","20.174","","720","24.5","Crestline New Jersey Inc"
"L260700194","","C79258","FENGFU Lemon Coffee 24btls*500ml","Beverages","Coffee","FENGFU","07-04-2026/0.0","7.0","2026-07-04","23.0","23.0","12*6=72","Case","20.174","Alert Date Reached","720","24.5","Crestline New Jersey Inc"
"L270700195","","C79258","FENGFU Lemon Coffee 24btls*500ml","Beverages","Coffee","FENGFU","07-01-2027/0.0","7.0","2027-07-01","23.0","23.0","12*6=72","Case","20.174","","720","24.5","Crestline New Jersey Inc"
"L270300196","","A89374","FENGFU Taro Beverages 20btls*1500ml","Beverages","Beverages","FENGFU","03-11-2027/0.0","363.0","2027-03-11","363.0","363.0","","Case","13.669","","360","18.0","Crestline New Jersey Inc"
"L270200197","","A32387","FENGFU Brown Sugar Sparkling Water 24btls*500ml","Beverages","Sparkling Water","FENGFU","02-07-2027/0.0","0.0","2027-02-07","0.0","0.0","","Case","21.518","","360","24.5","Crestline New Jersey Inc"
"L261200198","","A51343","FENGFU Spicy Probiotic Drinks 12btls*330ml","Beverages","Probiotic Drinks","FENGFU","12-22-2026/0.0","910.0","2026-12-22","1819.0","1819.0","6*12=72","Case","12.832","","360","16.5","Crestline New Jersey Inc"
"L270800199","","A51343","FENGFU Spicy Probiotic Drinks 12btls*330ml","Beverages","Probiotic Drinks","FENGFU","08-03-2027/0.0","909.0","2027-08-03","1819.0","1819.0","6*12=72","Case","12.832","","360","16.5","Crestline New Jersey Inc"
"L260500200","","A51343","FENGFU Spicy Probiotic Drinks 12btls*330ml","Beverages","Probiotic Drinks","FENGFU","05-03-2026/0.0","0.0","2026-05-03","1819.0","1819.0","6*12=72","Case","12.832","","360","16.5","Crestline New Jersey Inc"
"L251000201","","A51343","FENGFU Spicy Probiotic Drinks 12btls*330ml","Beverages","Probiotic Drinks","FENGFU","10-21-2025/0.0","0.0","2025-10-21","1819.0","1819.0","6*12=72","Case","12.832","","360","16.5","Crestline New Jersey Inc"
"L260900202","","A45365","LIANGYUE Lychee Sparkling Water 12btls*330ml","Beverages","Sparkling Water","LIANGYUE","09-29-2026/0.0","2185.0","2026-09-29","4369.0","5153.0","16*8=128","Case","15.395","Alert Date Reached","360","999.0","Crestline New Jersey Inc"
"L270800203","","A45365","LIANGYUE Lychee Sparkling Water 12btls*330ml","Beverages","Sparkling Water","LIANGYUE","08-31-2027/0.0","2184.0","2027-08-31","4369.0","5153.0","16*8=128","Case","15.395","","360","20.0","Crestline New Jersey Inc"
"L280600204","","A09275","LIANGYUE Pineapple Coconut Milk 15btls*480ml","Beverages","Coconut Milk","LIANGYUE","06-10-2028/0.0","5.0","2028-06-10","11.0","20.0","","Case","11.895","","1080","18.0","Crestline New Jersey Inc"
"L270800205","","A09275","LIANGYUE Pineapple Coconut Milk 15btls*480ml","Beverages","Coconut Milk","LIANGYUE","08-13-2027/0.0","3.0","2027-08-13","11.0","20.0","","Case","11.895","","1080","18.0","Crestline New Jersey Inc"
"L290300206","","A09275","LIANGYUE Pineapple Coconut Milk 15btls*480ml","Beverages","Coconut Milk","LIANGYUE","03-20-2029/0.0","3.0","2029-03-20","11.0","20.0","","Case","11.895","","1080","18.0","Crestline New Jersey Inc"
"2025-10-06","","A09275","LIANGYUE Pineapple Coconut Milk 15btls*480ml","Beverages","Coconut Milk","LIANGYUE","10-06-2025/0.0","0.0","2025-10-06","11.0","20.0","","Case","11.895","","1080","999.0","Crestline New Jersey Inc"
"L270100208","","A13382","LIANGYUE Peach Ready-to-Drink Tea 20btls*330ml","Beverages","Ready-to-Drink Tea","LIANGYUE","01-14-2027/0.0","24.0","2027-01-14","47.0","90.0","9*7=63","Case","11.579","","360","15.0","Crestline New Jersey Inc"
"L270500209","","A13382","LIANGYUE Peach Ready-to-Drink Tea 20btls*330ml","Beverages","Ready-to-Drink Tea","LIANGYUE","05-30-2027/0.0","23.0","2027-05-30","47.0","90.0","9*7=63","Case","11.579","","360","15.0","Crestline New Jersey Inc"
"L270500210","","A09231","LIANGYUE Jujube Coconut Water 12btls*280ml","Beverages","Coconut Water","LIANGYUE","05-15-2027/0.0","10.0","2027-05-15","10.0","14.0","","Case","15.255","","360","20.0","Crestline New Jersey Inc"
"L271000211","","L79229","QINGXIAN Brown Sugar Wood Ear Mushroom 8bags*400g","Dried Vegetables","Wood Ear Mushroom","QINGXIAN","10-26-2027/0.0","7.0","2027-10-26","17.0","17.0","15*13=195","Case","43.431","","1080","65.0","Crestline New Jersey Inc"
"L270500212","","L79229","QINGXIAN Brown Sugar Wood Ear Mushroom 8bags*400g","Dried Vegetables","Wood Ear Mushroom","QINGXIAN","05-07-2027/0.0","5.0","2027-05-07","17.0","17.0","15*13=195","Case","43.431","","1080","65.0","Crestline New Jersey Inc"
"L270200213","","L79229","QINGXIAN Brown Sugar Wood Ear Mushroom 8bags*400g","Dried Vegetables","Wood Ear Mushroom","QINGXIAN","02-08-2027/0.0","5.0","2027-02-08","17.0","17.0","15*13=195","Case","43.431","","1080","65.0","Crestline New Jersey Inc"
"2025-11-08","","L79229","QINGXIAN Brown Sugar Wood Ear Mushroom 8bags*400g","Dried Vegetables","Wood Ear Mushroom","QINGXIAN","11-08-2025/0.0","0.0","2025-11-08","17.0","17.0","15*13=195","Case","43.431","","1080","65.0","Crestline New Jersey Inc"
"2026-02-16","","L79229","QINGXIAN Brown Sugar Wood Ear Mushroom 8bags*400g","Dried Vegetables","Wood Ear Mushroom","QINGXIAN","02-16-2026/0.0","0.0","2026-02-16","17.0","17.0","15*13=195","Case","43.431","","1080","65.0","Crestline New Jersey Inc"
"L280800216","","L26273","QINGXIAN Pickled Vegetable Mushrooms 10bags*70g","Dried Vegetables","Mushrooms","QINGXIAN","08-07-2028/0.0","1.0","2028-08-07","3.0","10.0","13*13=169","Case","77.677","","720","108.0","Crestline New Jersey Inc"
"L261000217","","L26273","QINGXIAN Pickled Vegetable Mushrooms 10bags*70g","Dried Vegetables","Mushrooms","QINGXIAN","10-18-2026/0.0","1.0","2026-10-18","3.0","10.0","13*13=169","Case","77.677","Alert Date Reached","720","108.0","Crestline New Jersey Inc"
"L280700218","","L26273","QINGXIAN Pickled Vegetable Mushrooms 10bags*70g","Dried Vegetables","Mushrooms","QINGXIAN","07-31-2028/0.0","1.0","2028-07-31","3.0","10.0","13*13=169","Case","77.677","","720","108.0","Crestline New Jersey Inc"
"2026-08-12","","L26273","QINGXIAN Pickled Vegetable Mushrooms 10bags*70g","Dried Vegetables","Mushrooms","QINGXIAN","08-12-2026/0.0","0.0","2026-08-12","3.0","10.0","13*13=169","Case","77.677","","720","108.0","Crestline New Jersey Inc"
"2025-09-11","","L26273","QINGXIAN Pickled Vegetable Mushrooms 10bags*70g","Dried Vegetables","Mushrooms","QINGXIAN","09-11-2025/0.0","0.0","2025-09-11","3.0","10.0","13*13=169","Case","77.677","","720","108.0","Crestline New Jersey Inc"
"L270400221","","L43322","QINGXIAN Chicken Jujube 20bags*400g","Dried Vegetables","Jujube","QINGXIAN","04-01-2027/0.0","11.0","2027-04-01","11.0","16.0","","Case","69.132","","360","100.5","Crestline New Jersey Inc"
"L270700222","","H23126","QINGXIAN Pickled Vegetable Pickled Products 6bags*100g","Dried Vegetables","Pickled Products","QINGXIAN","07-12-2027/0.0","205.0","2027-07-12","205.0","205.0","18*6=108","Case","30.881","","540","45.5","Crestline New Jersey Inc"
"2025-11-07","","H23126","QINGXIAN Pickled Vegetable Pickled Products 6bags*100g","Dried Vegetables","Pickled Products","QINGXIAN","11-07-2025/0.0","0.0","2025-11-07","205.0","205.0","18*6=108","Case","30.881","","540","45.5","Crestline New Jersey Inc"
"2025-09-18","","H23126","QINGXIAN Pickled Vegetable Pickled Products 6bags*100g","Dried Vegetables","Pickled Products","QINGXIAN","09-18-2025/0.0","0.0","2025-09-18","205.0","205.0","18*6=108","Case","30.881","","540","45.5","Crestline New Jersey Inc"
"L270200225","","C54218","Zhouxi Brown Sugar Drink Powder/Blocks 24bags*400g","Instant Drinks","Drink Powder/Blocks","Zhouxi","02-10-2027/0.0","2.0","2027-02-10","2.0","3.0","","Case","11.738","","720","17.0","Crestline New Jersey Inc"
"L261200226","","C48386","Zhouxi Spicy Drink Powder/Blocks 30bags*1000g","Instant Drinks","Drink Powder/Blocks","Zhouxi","12-30-2026/0.0","0.0","2026-12-30","0.0","0.0","5*12=60","Case","37.528","","720","49.5","Crestline New Jersey Inc"
"L280400227","","C82176","Zhouxi Strawberry Drink Powder/Blocks 12bags*400g","Instant Drinks","Drink Powder/Blocks","Zhouxi","04-08-2028/0.0","17.0","2028-04-08","17.0","17.0","16*14=224","Case","24.404","","720","31.5","Crestline New Jersey Inc"
"L271200228","","C14199","Zhouxi Garlic Drink Powder/Blocks 8bags*1000g","Instant Drinks","Drink Powder/Blocks","Zhouxi","12-24-2027/0.0","45.0","2027-12-24","89.0","89.0","","Case","34.349","","720","47.0","Crestline New Jersey Inc"
"L280300229","","C14199","Zhouxi Garlic Drink Powder/Blocks 8bags*1000g","Instant Drinks","Drink Powder/Blocks","Zhouxi","03-25-2028/0.0","44.0","2028-03-25","89.0","89.0","","Case","34.349","","720","47.0","Crestline New Jersey Inc"
"L260900230","","FA25197","MEITIAN Grape Frozen Vegetarian 12bags*150g","Frozen & Chilled Foods","Frozen Vegetarian","MEITIAN","09-04-2026/0.0","1.0","2026-09-04","1.0","2.0","","Case","44.835","Alert Date Reached","540","58.0","Crestline New Jersey Inc"
"L260900231","","FA37374","MEITIAN Red Bean Glutinous Rice Balls 6bags*500g","Frozen & Chilled Foods","Glutinous Rice Balls","MEITIAN","09-09-2026/0.0","60.0","2026-09-09","176.0","176.0","6*7=42","Case","46.955","Alert Date Reached","540","58.0","Crestline New Jersey Inc"
"L261200232","","FA37374","MEITIAN Red Bean Glutinous Rice Balls 6bags*500g","Frozen & Chilled Foods","Glutinous Rice Balls","MEITIAN","12-26-2026/0.0","58.0","2026-12-26","176.0","176.0","6*7=42","Case","46.955","","540","58.0","Crestline New Jersey Inc"
"L260500233","","FA37374","MEITIAN Red Bean Glutinous Rice Balls 6bags*500g","Frozen & Chilled Foods","Glutinous Rice Balls","MEITIAN","05-22-2026/0.0","58.0","2026-05-22","176.0","176.0","6*7=42","Case","46.955","Alert Date Reached","540","58.0","Crestline New Jersey Inc"
"L250800234","","FA37374","MEITIAN Red Bean Glutinous Rice Balls 6bags*500g","Frozen & Chilled Foods","Glutinous Rice Balls","MEITIAN","08-29-2025/0.0","0.0","2025-08-29","176.0","176.0","6*7=42","Case","46.955","","540","58.0","Crestline New Jersey Inc"
"2026-01-28","","FA37374","MEITIAN Red Bean Glutinous Rice Balls 6bags*500g","Frozen & Chilled Foods","Glutinous Rice Balls","MEITIAN","01-28-2026/0.0","0.0","2026-01-28","176.0","176.0","6*7=42","Case","46.955","","540","58.0","Crestline New Jersey Inc"
"L270500236","","FB04264","MEITIAN Honey Frozen Seafood 20bags*70g","Frozen & Chilled Foods","Frozen Seafood","MEITIAN","05-31-2027/0.0","31.0","2027-05-31","31.0","31.0","6*5=30","Case","28.69","","540","39.0","Crestline New Jersey Inc"
"L260300237","","FB04264","MEITIAN Honey Frozen Seafood 20bags*70g","Frozen & Chilled Foods","Frozen Seafood","MEITIAN","03-17-2026/0.0","0.0","2026-03-17","31.0","31.0","6*5=30","Case","28.69","","540","39.0","Crestline New Jersey Inc"
"L250800238","","FB04264","MEITIAN Honey Frozen Seafood 20bags*70g","Frozen & Chilled Foods","Frozen Seafood","MEITIAN","08-20-2025/0.0","0.0","2025-08-20","31.0","31.0","6*5=30","Case","28.69","","540","39.0","Crestline New Jersey Inc"
"L270500239","","B64351","Chenrui BBQ Sunflower Seeds 6bags*150g","Candy & Snacks","Sunflower Seeds","Chenrui","05-16-2027/0.0","2.0","2027-05-16","2.0","5.0","17*11=187","Case","34.721","","450","43.5","Crestline New Jersey Inc"
"L261000240","","B64351","Chenrui BBQ Sunflower Seeds 6bags*150g","Candy & Snacks","Sunflower Seeds","Chenrui","10-29-2026/0.0","0.0","2026-10-29","2.0","5.0","17*11=187","Case","34.721","","450","43.5","Crestline New Jersey Inc"
"L270700241","","B64351","Chenrui BBQ Sunflower Seeds 6bags*150g","Candy & Snacks","Sunflower Seeds","Chenrui","07-17-2027/0.0","0.0","2027-07-17","2.0","5.0","17*11=187","Case","34.721","","450","43.5","Crestline New Jersey Inc"
"L260600242","","B64351","Chenrui BBQ Sunflower Seeds 6bags*150g","Candy & Snacks","Sunflower Seeds","Chenrui","06-14-2026/0.0","0.0","2026-06-14","2.0","5.0","17*11=187","Case","34.721","","450","43.5","Crestline New Jersey Inc"
"L270300243","","B72369","Chenrui Five Spice Puffed/Flour Snacks 30bags*150g","Candy & Snacks","Puffed/Flour Snacks","Chenrui","03-30-2027/0.0","8.0","2027-03-30","8.0","9.0","14*5=70","Case","21.241","","270","24.0","Crestline New Jersey Inc"
"L270700244","","B56339","Chenrui Peach Rice Crackers&Popcorn 24bags*500g","Candy & Snacks","Rice Crackers&Popcorn","Chenrui","07-05-2027/0.0","21.0","2027-07-05","63.0","63.0","5*10=50","Case","37.777","","360","44.5","Crestline New Jersey Inc"
"L270100245","","B56339","Chenrui Peach Rice Crackers&Popcorn 24bags*500g","Candy & Snacks","Rice Crackers&Popcorn","Chenrui","01-01-2027/0.0","21.0","2027-01-01","63.0","63.0","5*10=50","Case","37.777","","360","44.5","Crestline New Jersey Inc"
"L261200246","","B56339","Chenrui Peach Rice Crackers&Popcorn 24bags*500g","Candy & Snacks","Rice Crackers&Popcorn","Chenrui","12-21-2026/0.0","21.0","2026-12-21","63.0","63.0","5*10=50","Case","37.777","","360","44.5","Crestline New Jersey Inc"
"L261000247","","B16283","Chenrui Mala Puffed/Flour Snacks 12bags*100g","Candy & Snacks","Puffed/Flour Snacks","Chenrui","10-17-2026/0.0","137.0","2026-10-17","137.0","137.0","5*8=40","Case","34.036","Alert Date Reached","270","44.0","Crestline New Jersey Inc"
"2026-05-09","","B16283","Chenrui Mala Puffed/Flour Snacks 12bags*100g","Candy & Snacks","Puffed/Flour Snacks","Chenrui","05-09-2026/0.0","0.0","2026-05-09","137.0","137.0","5*8=40","Case","34.036","","270","44.0","Crestline New Jersey Inc"
"L251200249","","B16283","Chenrui Mala Puffed/Flour Snacks 12bags*100g","Candy & Snacks","Puffed/Flour Snacks","Chenrui","12-12-2025/0.0","0.0","2025-12-12","137.0","137.0","5*8=40","Case","34.036","","270","44.0","Crestline New Jersey Inc"
"L261100250","","B28336","Chenrui Tomato Candy 12bags*100g","Candy & Snacks","Candy","Chenrui","11-11-2026/0.0","66.0","2026-11-11","194.0","242.0","7*7=49","Case","27.254","Alert Date Reached","540","37.5","Crestline New Jersey Inc"
"L261100251","","B28336","Chenrui Tomato Candy 12bags*100g","Candy & Snacks","Candy","Chenrui","11-18-2026/0.0","64.0","2026-11-18","194.0","242.0","7*7=49","Case","27.254","Alert Date Reached","540","37.5","Crestline New Jersey Inc"
"L280200252","","B28336","Chenrui Tomato Candy 12bags*100g","Candy & Snacks","Candy","Chenrui","02-09-2028/0.0","64.0","2028-02-09","194.0","242.0","7*7=49","Case","27.254","","540","37.5","Crestline New Jersey Inc"
"L260300253","","B28336","Chenrui Tomato Candy 12bags*100g","Candy & Snacks","Candy","Chenrui","03-23-2026/0.0","0.0","2026-03-23","194.0","242.0","7*7=49","Case","27.254","","540","37.5","Crestline New Jersey Inc"
"2026-07-18","","B28336","Chenrui Tomato Candy 12bags*100g","Candy & Snacks","Candy","Chenrui","07-18-2026/0.0","0.0","2026-07-18","194.0","242.0","7*7=49","Case","27.254","","540","37.5","Crestline New Jersey Inc"
"L270200255","","B83168","Chenrui Mala Puffed/Flour Snacks 24bags*400g","Candy & Snacks","Puffed/Flour Snacks","Chenrui","02-01-2027/0.0","2.0","2027-02-01","4.0","5.0","10*10=100","Case","22.446","","270","32.0","Crestline New Jersey Inc"
"L270400256","","B83168","Chenrui Mala Puffed/Flour Snacks 24bags*400g","Candy & Snacks","Puffed/Flour Snacks","Chenrui","04-16-2027/0.0","2.0","2027-04-16","4.0","5.0","10*10=100","Case","22.446","","270","32.0","Crestline New Jersey Inc"
"L270400257","","L56385","Chenrui Seafood Nuts 8bags*150g","Candy & Snacks","Nuts","Chenrui","04-28-2027/0.0","1.0","2027-04-28","1.0","3.0","4*13=52","Case","29.511","","360","40.5","Crestline New Jersey Inc"
"L251000258","","L56385","Chenrui Seafood Nuts 8bags*150g","Candy & Snacks","Nuts","Chenrui","10-04-2025/0.0","0.0","2025-10-04","1.0","3.0","4*13=52","Case","29.511","","360","40.5","Crestline New Jersey Inc"
"L251100259","","L56385","Chenrui Seafood Nuts 8bags*150g","Candy & Snacks","Nuts","Chenrui","11-19-2025/0.0","0.0","2025-11-19","1.0","3.0","4*13=52","Case","29.511","","360","40.5","Crestline New Jersey Inc"
"L270100260","","A95270","Baoan Corn Milk 20btls*480ml","Beverages","Milk","Baoan","01-28-2027/0.0","12.0","2027-01-28","23.0","24.0","15*5=75","Case","22.595","","360","31.5","Crestline New Jersey Inc"
"L270100261","","A95270","Baoan Corn Milk 20btls*480ml","Beverages","Milk","Baoan","01-09-2027/0.0","11.0","2027-01-09","23.0","24.0","15*5=75","Case","22.595","","360","31.5","Crestline New Jersey Inc"
"L270100262","","A29259","Baoan Beef Milk Drinks 15btls*280ml","Beverages","Milk Drinks","Baoan","01-15-2027/0.0","41.0","2027-01-15","41.0","41.0","","Case","14.972","","240","21.0","Crestline New Jersey Inc"
"L260600263","","A29259","Baoan Beef Milk Drinks 15btls*280ml","Beverages","Milk Drinks","Baoan","06-03-2026/0.0","0.0","2026-06-03","41.0","41.0","","Case","14.972","","240","21.0","Crestline New Jersey Inc"
"2026-05-30","","A29259","Baoan Beef Milk Drinks 15btls*280ml","Beverages","Milk Drinks","Baoan","05-30-2026/0.0","0.0","2026-05-30","41.0","41.0","","Case","14.972","","240","21.0","Crestline New Jersey Inc"
"L260800265","","A38147","Baoan Chocolate Juice 12btls*480ml","Beverages","Juice","Baoan","08-09-2026/0.0","46.0","2026-08-09","136.0","136.0","4*5=20","Case","24.156","Alert Date Reached","360","29.0","Crestline New Jersey Inc"
"L261100266","","A38147","Baoan Chocolate Juice 12btls*480ml","Beverages","Juice","Baoan","11-10-2026/0.0","45.0","2026-11-10","136.0","136.0","4*5=20","Case","24.156","Alert Date Reached","360","29.0","Crestline New Jersey Inc"
"L270100267","","A38147","Baoan Chocolate Juice 12btls*480ml","Beverages","Juice","Baoan","01-04-2027/0.0","45.0","2027-01-04","136.0","136.0","4*5=20","Case","24.156","","360","29.0","Crestline New Jersey Inc"
"L250800268","","A38147","Baoan Chocolate Juice 12btls*480ml","Beverages","Juice","Baoan","08-27-2025/0.0","0.0","2025-08-27","136.0","136.0","4*5=20","Case","24.156","","360","29.0","Crestline New Jersey Inc"
"L270300269","","A17227","Baoan Grape Coconut Water 20btls*280ml","Beverages","Coconut Water","Baoan","03-14-2027/0.0","9.0","2027-03-14","18.0","38.0","16*11=176","Case","20.415","","360","26.0","Crestline New Jersey Inc"
"L270400270","","A17227","Baoan Grape Coconut Water 20btls*280ml","Beverages","Coconut Water","Baoan","04-01-2027/0.0","9.0","2027-04-01","18.0","38.0","16*11=176","Case","20.415","","360","26.0","Crestline New Jersey Inc"
"2026-08-19","","A17227","Baoan Grape Coconut Water 20btls*280ml","Beverages","Coconut Water","Baoan","08-19-2026/0.0","0.0","2026-08-19","18.0","38.0","16*11=176","Case","20.415","","360","26.0","Crestline New Jersey Inc"
"L270100272","","A87246","Baoan Garlic Beverages 15btls*480ml","Beverages","Beverages","Baoan","01-22-2027/0.0","198.0","2027-01-22","198.0","198.0","14*14=196","Case","17.759","","360","24.5","Crestline New Jersey Inc"
"L270500273","","A92139","Baoan Beef Milk 24btls*480ml","Beverages","Milk","Baoan","05-29-2027/0.0","9.0","2027-05-29","18.0","19.0","4*13=52","Case","16.47","","360","21.0","Crestline New Jersey Inc"
"L270600274","","A92139","Baoan Beef Milk 24btls*480ml","Beverages","Milk","Baoan","06-19-2027/0.0","9.0","2027-06-19","18.0","19.0","4*13=52","Case","16.47","","360","21.0","Crestline New Jersey Inc"
"L270900275","","A01136","WANSHUN Green Tea Juice Drinks 24btls*1500ml","Beverages","Juice Drinks","WANSHUN","09-14-2027/0.0","55.0","2027-09-14","109.0","109.0","","Case","21.769","","540","26.0","Crestline New Jersey Inc"
"L270400276","","A01136","WANSHUN Green Tea Juice Drinks 24btls*1500ml","Beverages","Juice Drinks","WANSHUN","04-10-2027/0.0","54.0","2027-04-10","109.0","109.0","","Case","21.769","","540","26.0","Crestline New Jersey Inc"
"L251000277","","A01136","WANSHUN Green Tea Juice Drinks 24btls*1500ml","Beverages","Juice Drinks","WANSHUN","10-27-2025/0.0","0.0","2025-10-27","109.0","109.0","","Case","21.769","","540","26.0","Crestline New Jersey Inc"
"L270700278","","A99110","WANSHUN Mala Sparkling Water 20btls*330ml","Beverages","Sparkling Water","WANSHUN","07-30-2027/0.0","135.0","2027-07-30","270.0","270.0","","Case","9.719","","360","12.5","Crestline New Jersey Inc"
"L270200279","","A99110","WANSHUN Mala Sparkling Water 20btls*330ml","Beverages","Sparkling Water","WANSHUN","02-03-2027/0.0","135.0","2027-02-03","270.0","270.0","","Case","9.719","","360","12.5","Crestline New Jersey Inc"
"L270400280","","A89371","WANSHUN Mala Sparkling Water 20btls*1500ml","Beverages","Sparkling Water","WANSHUN","04-13-2027/0.0","2.0","2027-04-13","2.0","3.0","18*8=144","Case","24.4","","360","31.5","Crestline New Jersey Inc"
"L270300281","","A89371","WANSHUN Mala Sparkling Water 20btls*1500ml","Beverages","Sparkling Water","WANSHUN","03-09-2027/0.0","0.0","2027-03-09","2.0","3.0","18*8=144","Case","24.4","","360","31.5","Crestline New Jersey Inc"
"L261100282","","A89371","WANSHUN Mala Sparkling Water 20btls*1500ml","Beverages","Sparkling Water","WANSHUN","11-04-2026/0.0","0.0","2026-11-04","2.0","3.0","18*8=144","Case","24.4","","360","31.5","Crestline New Jersey Inc"
"L260900283","","A31283","WANSHUN Pineapple Sparkling Water 24btls*280ml","Beverages","Sparkling Water","WANSHUN","09-03-2026/0.0","4.0","2026-09-03","10.0","15.0","","Case","22.001","Alert Date Reached","360","30.0","Crestline New Jersey Inc"
"L261100284","","A31283","WANSHUN Pineapple Sparkling Water 24btls*280ml","Beverages","Sparkling Water","WANSHUN","11-20-2026/0.0","3.0","2026-11-20","10.0","15.0","","Case","22.001","Alert Date Reached","360","30.0","Crestline New Jersey Inc"
"L261200285","","A31283","WANSHUN Pineapple Sparkling Water 24btls*280ml","Beverages","Sparkling Water","WANSHUN","12-24-2026/0.0","3.0","2026-12-24","10.0","15.0","","Case","22.001","","360","30.0","Crestline New Jersey Inc"
"2026-07-28","","A31283","WANSHUN Pineapple Sparkling Water 24btls*280ml","Beverages","Sparkling Water","WANSHUN","07-28-2026/0.0","0.0","2026-07-28","10.0","15.0","","Case","22.001","","360","30.0","Crestline New Jersey Inc"
"L251200287","","A31283","WANSHUN Pineapple Sparkling Water 24btls*280ml","Beverages","Sparkling Water","WANSHUN","12-26-2025/0.0","0.0","2025-12-26","10.0","15.0","","Case","22.001","","360","30.0","Crestline New Jersey Inc"
"L270800288","","A40103","WANSHUN Spicy Sparkling Water 15btls*1500ml","Beverages","Sparkling Water","WANSHUN","08-08-2027/0.0","14.0","2027-08-08","28.0","28.0","10*6=60","Case","11.379","","360","17.0","Crestline New Jersey Inc"
"L270500289","","A40103","WANSHUN Spicy Sparkling Water 15btls*1500ml","Beverages","Sparkling Water","WANSHUN","05-08-2027/0.0","14.0","2027-05-08","28.0","28.0","10*6=60","Case","11.379","","360","17.0","Crestline New Jersey Inc"
"L251000290","","A40103","WANSHUN Spicy Sparkling Water 15btls*1500ml","Beverages","Sparkling Water","WANSHUN","10-23-2025/0.0","0.0","2025-10-23","28.0","28.0","10*6=60","Case","11.379","","360","17.0","Crestline New Jersey Inc"
"L260600291","","A40103","WANSHUN Spicy Sparkling Water 15btls*1500ml","Beverages","Sparkling Water","WANSHUN","06-23-2026/0.0","0.0","2026-06-23","28.0","28.0","10*6=60","Case","11.379","","360","17.0","Crestline New Jersey Inc"
"L260900292","","D23226","JINSONG Peach Rice Noodles 12bags*200g","Dry Noodles","Rice Noodles","JINSONG","09-29-2026/0.0","24.0","2026-09-29","72.0","94.0","16*12=192","Case","16.243","Alert Date Reached","720","18.5","Crestline New Jersey Inc"
"L280200293","","D23226","JINSONG Peach Rice Noodles 12bags*200g","Dry Noodles","Rice Noodles","JINSONG","02-01-2028/0.0","24.0","2028-02-01","72.0","94.0","16*12=192","Case","16.243","","720","18.5","Crestline New Jersey Inc"
"L280400294","","D23226","JINSONG Peach Rice Noodles 12bags*200g","Dry Noodles","Rice Noodles","JINSONG","04-07-2028/0.0","24.0","2028-04-07","72.0","94.0","16*12=192","Case","16.243","","720","18.5","Crestline New Jersey Inc"
"L260500295","","D20331","JINSONG Lemon Instant Noodles 12bags*200g","Dry Noodles","Instant Noodles","JINSONG","05-26-2026/0.0","193.0","2026-05-26","193.0","193.0","10*10=100","Case","14.094","Alert Date Reached","360","17.0","Crestline New Jersey Inc"
"L270400296","","A61275","FENGFENG Lychee Milk Drinks 20btls*500ml","Beverages","Milk Drinks","FENGFENG","04-23-2027/0.0","89.0","2027-04-23","89.0","95.0","14*10=140","Case","24.999","","240","30.5","Crestline New Jersey Inc"
"L260600297","","A61275","FENGFENG Lychee Milk Drinks 20btls*500ml","Beverages","Milk Drinks","FENGFENG","06-15-2026/0.0","0.0","2026-06-15","89.0","95.0","14*10=140","Case","24.999","","240","30.5","Crestline New Jersey Inc"
"L260200298","","A61275","FENGFENG Lychee Milk Drinks 20btls*500ml","Beverages","Milk Drinks","FENGFENG","02-17-2026/0.0","0.0","2026-02-17","89.0","95.0","14*10=140","Case","24.999","","240","30.5","Crestline New Jersey Inc"
"L270800299","","A53303","FENGFENG Milk Ready-to-Drink Tea 24btls*480ml","Beverages","Ready-to-Drink Tea","FENGFENG","08-05-2027/0.0","44.0","2027-08-05","88.0","118.0","4*6=24","Case","14.796","","360","16.5","Crestline New Jersey Inc"
"L270800300","","A53303","FENGFENG Milk Ready-to-Drink Tea 24btls*480ml","Beverages","Ready-to-Drink Tea","FENGFENG","08-15-2027/0.0","44.0","2027-08-15","88.0","118.0","4*6=24","Case","14.796","","360","16.5","Crestline New Jersey Inc"
"L270300301","","A68169","FENGFENG Milk Juice 12btls*1500ml","Beverages","Juice","FENGFENG","03-20-2027/0.0","40.0","2027-03-20","40.0","79.0","18*14=252","Case","19.648","","360","28.0","Crestline New Jersey Inc"
"2025-11-01","","A68169","FENGFENG Milk Juice 12btls*1500ml","Beverages","Juice","FENGFENG","11-01-2025/0.0","0.0","2025-11-01","40.0","79.0","18*14=252","Case","19.648","","360","28.0","Crestline New Jersey Inc"
"L251200303","","A68169","FENGFENG Milk Juice 12btls*1500ml","Beverages","Juice","FENGFENG","12-04-2025/0.0","0.0","2025-12-04","40.0","79.0","18*14=252","Case","19.648","","360","28.0","Crestline New Jersey Inc"
"L270700304","","A29340","FENGFENG Matcha Plant-Based Drinks 12btls*480ml","Beverages","Plant-Based Drinks","FENGFENG","07-04-2027/0.0","1.0","2027-07-04","1.0","15.0","10*5=50","Case","10.138","","360","14.5","Crestline New Jersey Inc"
"L251200305","","A29340","FENGFENG Matcha Plant-Based Drinks 12btls*480ml","Beverages","Plant-Based Drinks","FENGFENG","12-26-2025/0.0","0.0","2025-12-26","1.0","15.0","10*5=50","Case","10.138","","360","14.5","Crestline New Jersey Inc"
"2026-05-11","","A29340","FENGFENG Matcha Plant-Based Drinks 12btls*480ml","Beverages","Plant-Based Drinks","FENGFENG","05-11-2026/0.0","0.0","2026-05-11","1.0","15.0","10*5=50","Case","10.138","","360","14.5","Crestline New Jersey Inc"
"L261200307","","A16378","FENGFENG Green Tea Sparkling Water 12btls*500ml","Beverages","Sparkling Water","FENGFENG","12-28-2026/0.0","648.0","2026-12-28","648.0","1269.0","","Case","11.697","","360","13.0","Crestline New Jersey Inc"
"L260300308","","A16378","FENGFENG Green Tea Sparkling Water 12btls*500ml","Beverages","Sparkling Water","FENGFENG","03-21-2026/0.0","0.0","2026-03-21","648.0","1269.0","","Case","11.697","","360","13.0","Crestline New Jersey Inc"
"L260700309","","A16378","FENGFENG Green Tea Sparkling Water 12btls*500ml","Beverages","Sparkling Water","FENGFENG","07-23-2026/0.0","0.0","2026-07-23","648.0","1269.0","","Case","11.697","","360","13.0","Crestline New Jersey Inc"
"L270200310","","F83341","FENGGU Green Tea Rice 24bags*200g","Grains","Rice","FENGGU","02-08-2027/0.0","0.0","2027-02-08","0.0","0.0","","Case","33.922","","720","48.0","Crestline New Jersey Inc"
"L280400311","","F18149","FENGGU Lemon Flour 12bags*200g","Grains","Flour","FENGGU","04-25-2028/0.0","3.0","2028-04-25","3.0","8.0","11*14=154","Case","37.865","","720","46.5","Crestline New Jersey Inc"
"2026-01-19","","F18149","FENGGU Lemon Flour 12bags*200g","Grains","Flour","FENGGU","01-19-2026/0.0","0.0","2026-01-19","3.0","8.0","11*14=154","Case","37.865","","720","46.5","Crestline New Jersey Inc"
"L251200313","","F18149","FENGGU Lemon Flour 12bags*200g","Grains","Flour","FENGGU","12-01-2025/0.0","0.0","2025-12-01","3.0","8.0","11*14=154","Case","37.865","","720","46.5","Crestline New Jersey Inc"
"L280400314","","F63252","CHENGQING Osmanthus Flour 20bags*150g","Grains","Flour","CHENGQING","04-02-2028/0.0","5.0","2028-04-02","10.0","10.0","","Case","17.116","","720","24.0","Crestline New Jersey Inc"
"L261000315","","F63252","CHENGQING Osmanthus Flour 20bags*150g","Grains","Flour","CHENGQING","10-23-2026/0.0","5.0","2026-10-23","10.0","10.0","","Case","17.116","Alert Date Reached","720","24.0","Crestline New Jersey Inc"
"2026-04-14","","F63252","CHENGQING Osmanthus Flour 20bags*150g","Grains","Flour","CHENGQING","04-14-2026/0.0","0.0","2026-04-14","10.0","10.0","","Case","17.116","","720","24.0","Crestline New Jersey Inc"
"2026-06-19","","F63252","CHENGQING Osmanthus Flour 20bags*150g","Grains","Flour","CHENGQING","06-19-2026/0.0","0.0","2026-06-19","10.0","10.0","","Case","17.116","","720","24.0","Crestline New Jersey Inc"
"L261000318","","VBB72309","CHENWAN Pineapple Baby Products 150ml","Beauty & Health & Home","Baby Products","CHENWAN","10-16-2026/0.0","2218.0","2026-10-16","4436.0","5888.0","","each","10.362","Alert Date Reached","1095","15.5","Crestline New Jersey Inc"
"L261100319","","VBB72309","CHENWAN Pineapple Baby Products 150ml","Beauty & Health & Home","Baby Products","CHENWAN","11-23-2026/0.0","2218.0","2026-11-23","4436.0","5888.0","","each","10.362","","1095","15.5","Crestline New Jersey Inc"
"2025-08-28","","VBB72309","CHENWAN Pineapple Baby Products 150ml","Beauty & Health & Home","Baby Products","CHENWAN","08-28-2025/0.0","0.0","2025-08-28","4436.0","5888.0","","each","10.362","","1095","15.5","Crestline New Jersey Inc"
"2026-07-06","","VBB72309","CHENWAN Pineapple Baby Products 150ml","Beauty & Health & Home","Baby Products","CHENWAN","07-06-2026/0.0","0.0","2026-07-06","4436.0","5888.0","","each","10.362","","1095","15.5","Crestline New Jersey Inc"
"L270100322","","VSC10122","CHENWAN Lychee Skin Care 150ml","Beauty & Health & Home","Skin Care","CHENWAN","01-24-2027/0.0","4.0","2027-01-24","4.0","4.0","16*14=224","each","6.174","","1095","9.0","Crestline New Jersey Inc"
"L301200323","","VCA14282","CHENWAN Spicy Fashion Jewelry 100ml","Beauty & Health & Home","Fashion Jewelry","CHENWAN","12-05-2030/0.0","177.0","2030-12-05","353.0","353.0","14*5=70","each","4.623","","3650","7.0","Crestline New Jersey Inc"
"L290400324","","VCA14282","CHENWAN Spicy Fashion Jewelry 100ml","Beauty & Health & Home","Fashion Jewelry","CHENWAN","04-10-2029/0.0","176.0","2029-04-10","353.0","353.0","14*5=70","each","4.623","","3650","7.0","Crestline New Jersey Inc"
"L280200325","","VSC77229","CHENWAN Grape Skin Care 60ml","Beauty & Health & Home","Skin Care","CHENWAN","02-05-2028/0.0","3.0","2028-02-05","6.0","15.0","4*8=32","each","8.315","","1095","9.5","Crestline New Jersey Inc"
"L270700326","","VSC77229","CHENWAN Grape Skin Care 60ml","Beauty & Health & Home","Skin Care","CHENWAN","07-06-2027/0.0","3.0","2027-07-06","6.0","15.0","4*8=32","each","8.315","","1095","9.5","Crestline New Jersey Inc"
"2026-05-16","","VSC77229","CHENWAN Grape Skin Care 60ml","Beauty & Health & Home","Skin Care","CHENWAN","05-16-2026/0.0","0.0","2026-05-16","6.0","15.0","4*8=32","each","8.315","","1095","9.5","Crestline New Jersey Inc"
"L251100328","","VSC77229","CHENWAN Grape Skin Care 60ml","Beauty & Health & Home","Skin Care","CHENWAN","11-05-2025/0.0","0.0","2025-11-05","6.0","15.0","4*8=32","each","8.315","","1095","9.5","Crestline New Jersey Inc"
"L290600329","","VHB18210","CHENWAN Sea Salt Hair 10bags*70g","Beauty & Health & Home","Hair","CHENWAN","06-01-2029/0.0","0.0","2029-06-01","0.0","0.0","9*13=117","Case","13.866","","1095","16.0","Crestline New Jersey Inc"
"L270600330","","VHK94159","CHENWAN Strawberry Household Goods 500ml","Beauty & Health & Home","Household Goods","CHENWAN","06-09-2027/0.0","1142.0","2027-06-09","1142.0","1142.0","17*8=136","each","6.815","","1095","8.0","Crestline New Jersey Inc"
"L271000331","","VHB47257","CHENWAN Chocolate Hair 12bags*200g","Beauty & Health & Home","Hair","CHENWAN","10-29-2027/0.0","15.0","2027-10-29","41.0","59.0","10*6=60","Case","3.325","","1095","4.0","Crestline New Jersey Inc"
"L280800332","","VHB47257","CHENWAN Chocolate Hair 12bags*200g","Beauty & Health & Home","Hair","CHENWAN","08-17-2028/0.0","13.0","2028-08-17","41.0","59.0","10*6=60","Case","3.325","","1095","4.0","Crestline New Jersey Inc"
"L290700333","","VHB47257","CHENWAN Chocolate Hair 12bags*200g","Beauty & Health & Home","Hair","CHENWAN","07-05-2029/0.0","13.0","2029-07-05","41.0","59.0","10*6=60","Case","3.325","","1095","4.0","Crestline New Jersey Inc"
"L260600334","","VHB47257","CHENWAN Chocolate Hair 12bags*200g","Beauty & Health & Home","Hair","CHENWAN","06-17-2026/0.0","0.0","2026-06-17","41.0","59.0","10*6=60","Case","3.325","","1095","4.0","Crestline New Jersey Inc"
"2026-03-03","","VHB47257","CHENWAN Chocolate Hair 12bags*200g","Beauty & Health & Home","Hair","CHENWAN","03-03-2026/0.0","0.0","2026-03-03","41.0","59.0","10*6=60","Case","3.325","","1095","4.0","Crestline New Jersey Inc"
"L280500336","","E52121","Baochen Corn Scallion 10bags*150g","Seasonings","Scallion","Baochen","05-29-2028/0.0","3.0","2028-05-29","7.0","7.0","17*9=153","Case","36.418","","720","47.5","Crestline New Jersey Inc"
"L261100337","","E52121","Baochen Corn Scallion 10bags*150g","Seasonings","Scallion","Baochen","11-21-2026/0.0","2.0","2026-11-21","7.0","7.0","17*9=153","Case","36.418","Alert Date Reached","720","47.5","Crestline New Jersey Inc"
"L280300338","","E52121","Baochen Corn Scallion 10bags*150g","Seasonings","Scallion","Baochen","03-25-2028/0.0","2.0","2028-03-25","7.0","7.0","17*9=153","Case","36.418","","720","47.5","Crestline New Jersey Inc"
"L271100339","","CJ07286","Baochen Chocolate Salt 6bags*100g","Seasonings","Salt","Baochen","11-02-2027/0.0","0.0","2027-11-02","0.0","1.0","9*5=45","Case","31.664","","1800","42.0","Crestline New Jersey Inc"
"L251000340","","CJ07286","Baochen Chocolate Salt 6bags*100g","Seasonings","Salt","Baochen","10-17-2025/0.0","0.0","2025-10-17","0.0","1.0","9*5=45","Case","31.664","","1800","42.0","Crestline New Jersey Inc"
"L250900341","","CJ07286","Baochen Chocolate Salt 6bags*100g","Seasonings","Salt","Baochen","09-16-2025/0.0","0.0","2025-09-16","0.0","1.0","9*5=45","Case","31.664","","1800","42.0","Crestline New Jersey Inc"
"L270500342","","G40123","YUANQING Osmanthus Jam 10bags*150g","Honey & Jam","Jam","YUANQING","05-20-2027/0.0","27.0","2027-05-20","27.0","27.0","17*6=102","Case","22.761","","360","26.5","Crestline New Jersey Inc"
"L271200343","","E17316","YUANQING Spicy Brown Sugar 10bags*200g","Honey & Jam","Brown Sugar","YUANQING","12-01-2027/0.0","80.0","2027-12-01","238.0","238.0","8*13=104","Case","31.268","","1080","36.5","Crestline New Jersey Inc"
"L271100344","","E17316","YUANQING Spicy Brown Sugar 10bags*200g","Honey & Jam","Brown Sugar","YUANQING","11-21-2027/0.0","79.0","2027-11-21","238.0","238.0","8*13=104","Case","31.268","","1080","999.0","Crestline New Jersey Inc"
"L280800345","","E17316","YUANQING Spicy Brown Sugar 10bags*200g","Honey & Jam","Brown Sugar","YUANQING","08-24-2028/0.0","79.0","2028-08-24","238.0","238.0","8*13=104","Case","31.268","","1080","36.5","Crestline New Jersey Inc"
"L270500346","","E40196","YUANQING Melon Brown Sugar 20bags*100g","Honey & Jam","Brown Sugar","YUANQING","05-30-2027/0.0","605.0","2027-05-30","605.0","605.0","8*13=104","Case","42.789","","1080","54.5","Crestline New Jersey Inc"
"L260700347","","E40196","YUANQING Melon Brown Sugar 20bags*100g","Honey & Jam","Brown Sugar","YUANQING","07-17-2026/0.0","0.0","2026-07-17","605.0","605.0","8*13=104","Case","42.789","","1080","54.5","Crestline New Jersey Inc"
"L251100348","","E40196","YUANQING Melon Brown Sugar 20bags*100g","Honey & Jam","Brown Sugar","YUANQING","11-08-2025/0.0","0.0","2025-11-08","605.0","605.0","8*13=104","Case","42.789","","1080","54.5","Crestline New Jersey Inc"
"L270700349","","E61326","Guwan Sea Salt Brown Sugar 8bags*500g","Honey & Jam","Brown Sugar","Guwan","07-20-2027/0.0","0.0","2027-07-20","0.0","0.0","14*14=196","Case","17.946","","1080","23.5","Crestline New Jersey Inc"
"L270300350","","E61326","Guwan Sea Salt Brown Sugar 8bags*500g","Honey & Jam","Brown Sugar","Guwan","03-31-2027/0.0","0.0","2027-03-31","0.0","0.0","14*14=196","Case","17.946","","1080","23.5","Crestline New Jersey Inc"
"L271100351","","E61326","Guwan Sea Salt Brown Sugar 8bags*500g","Honey & Jam","Brown Sugar","Guwan","11-01-2027/0.0","0.0","2027-11-01","0.0","0.0","14*14=196","Case","17.946","","1080","23.5","Crestline New Jersey Inc"
"2026-02-21","","E61326","Guwan Sea Salt Brown Sugar 8bags*500g","Honey & Jam","Brown Sugar","Guwan","02-21-2026/0.0","0.0","2026-02-21","0.0","0.0","14*14=196","Case","17.946","","1080","23.5","Crestline New Jersey Inc"
"L260300353","","E61326","Guwan Sea Salt Brown Sugar 8bags*500g","Honey & Jam","Brown Sugar","Guwan","03-14-2026/0.0","0.0","2026-03-14","0.0","0.0","14*14=196","Case","17.946","","1080","23.5","Crestline New Jersey Inc"
"L290200354","","E98249","Guwan Chicken Brown Sugar 6bags*500g","Honey & Jam","Brown Sugar","Guwan","02-05-2029/0.0","77.0","2029-02-05","231.0","231.0","12*5=60","Case","26.673","","1080","30.0","Crestline New Jersey Inc"
"L290300355","","E98249","Guwan Chicken Brown Sugar 6bags*500g","Honey & Jam","Brown Sugar","Guwan","03-03-2029/0.0","77.0","2029-03-03","231.0","231.0","12*5=60","Case","26.673","","1080","30.0","Crestline New Jersey Inc"
"L280100356","","E98249","Guwan Chicken Brown Sugar 6bags*500g","Honey & Jam","Brown Sugar","Guwan","01-13-2028/0.0","77.0","2028-01-13","231.0","231.0","12*5=60","Case","26.673","","1080","30.0","Crestline New Jersey Inc"
"L260400357","","E98249","Guwan Chicken Brown Sugar 6bags*500g","Honey & Jam","Brown Sugar","Guwan","04-08-2026/0.0","0.0","2026-04-08","231.0","231.0","12*5=60","Case","26.673","","1080","30.0","Crestline New Jersey Inc"
"L260300358","","E98249","Guwan Chicken Brown Sugar 6bags*500g","Honey & Jam","Brown Sugar","Guwan","03-14-2026/0.0","0.0","2026-03-14","231.0","231.0","12*5=60","Case","26.673","","1080","30.0","Crestline New Jersey Inc"
"L290300359","","E09373","Guwan Osmanthus White Sugar 12bags*100g","Honey & Jam","White Sugar","Guwan","03-14-2029/0.0","82.0","2029-03-14","242.0","242.0","9*10=90","Case","35.108","","1080","40.5","Crestline New Jersey Inc"
"L270600360","","E09373","Guwan Osmanthus White Sugar 12bags*100g","Honey & Jam","White Sugar","Guwan","06-14-2027/0.0","80.0","2027-06-14","242.0","242.0","9*10=90","Case","35.108","","1080","40.5","Crestline New Jersey Inc"
"L271000361","","E09373","Guwan Osmanthus White Sugar 12bags*100g","Honey & Jam","White Sugar","Guwan","10-15-2027/0.0","80.0","2027-10-15","242.0","242.0","9*10=90","Case","35.108","","1080","40.5","Crestline New Jersey Inc"
"2025-08-23","","E09373","Guwan Osmanthus White Sugar 12bags*100g","Honey & Jam","White Sugar","Guwan","08-23-2025/0.0","0.0","2025-08-23","242.0","242.0","9*10=90","Case","35.108","","1080","40.5","Crestline New Jersey Inc"
"L260400363","","E09373","Guwan Osmanthus White Sugar 12bags*100g","Honey & Jam","White Sugar","Guwan","04-07-2026/0.0","0.0","2026-04-07","242.0","242.0","9*10=90","Case","35.108","","1080","40.5","Crestline New Jersey Inc"
"L281200364","","E91303","Guwan Sea Salt White Sugar 8bags*100g","Honey & Jam","White Sugar","Guwan","12-22-2028/0.0","28.0","2028-12-22","80.0","84.0","6*13=78","Case","15.031","","1080","18.0","Crestline New Jersey Inc"
"L270900365","","E91303","Guwan Sea Salt White Sugar 8bags*100g","Honey & Jam","White Sugar","Guwan","09-26-2027/0.0","26.0","2027-09-26","80.0","84.0","6*13=78","Case","15.031","","1080","18.0","Crestline New Jersey Inc"
"L280300366","","E91303","Guwan Sea Salt White Sugar 8bags*100g","Honey & Jam","White Sugar","Guwan","03-26-2028/0.0","26.0","2028-03-26","80.0","84.0","6*13=78","Case","15.031","","1080","18.0","Crestline New Jersey Inc"
"L261000367","","G25161","Guwan Milk Jam 8bags*200g","Honey & Jam","Jam","Guwan","10-20-2026/0.0","0.0","2026-10-20","0.0","0.0","","Case","34.571","","360","48.5","Crestline New Jersey Inc"
"L270400368","","G25161","Guwan Milk Jam 8bags*200g","Honey & Jam","Jam","Guwan","04-11-2027/0.0","0.0","2027-04-11","0.0","0.0","","Case","34.571","","360","48.5","Crestline New Jersey Inc"
"L270100369","","G22273","Guwan Green Tea Syrup 8bags*400g","Honey & Jam","Syrup","Guwan","01-27-2027/0.0","36.0","2027-01-27","108.0","108.0","","Case","17.112","","720","22.0","Crestline New Jersey Inc"
"L261000370","","G22273","Guwan Green Tea Syrup 8bags*400g","Honey & Jam","Syrup","Guwan","10-29-2026/0.0","36.0","2026-10-29","108.0","108.0","","Case","17.112","Alert Date Reached","720","22.0","Crestline New Jersey Inc"
"L270700371","","G22273","Guwan Green Tea Syrup 8bags*400g","Honey & Jam","Syrup","Guwan","07-09-2027/0.0","36.0","2027-07-09","108.0","108.0","","Case","17.112","","720","22.0","Crestline New Jersey Inc"
"L270500372","","G01158","CHUANRUI Brown Sugar Dipping Sauce 10bags*70g","Seasonings","Dipping Sauce","CHUANRUI","05-15-2027/0.0","57.0","2027-05-15","57.0","57.0","16*10=160","Case","43.867","","360","55.5","Crestline New Jersey Inc"
"L251200373","","G01158","CHUANRUI Brown Sugar Dipping Sauce 10bags*70g","Seasonings","Dipping Sauce","CHUANRUI","12-15-2025/0.0","0.0","2025-12-15","57.0","57.0","16*10=160","Case","43.867","","360","55.5","Crestline New Jersey Inc"
"L280600374","","G71202","CHUANRUI Green Tea MSG&Seasoning Powder 12bags*70g","Seasonings","MSG&Seasoning Powder","CHUANRUI","06-22-2028/0.0","0.0","2028-06-22","0.0","0.0","","Case","21.419","","720","26.0","Crestline New Jersey Inc"
"L271200375","","G71202","CHUANRUI Green Tea MSG&Seasoning Powder 12bags*70g","Seasonings","MSG&Seasoning Powder","CHUANRUI","12-21-2027/0.0","0.0","2027-12-21","0.0","0.0","","Case","21.419","","720","26.0","Crestline New Jersey Inc"
"L261000376","","CJ44247","CHUANRUI Strawberry Salt 6bags*70g","Seasonings","Salt","CHUANRUI","10-16-2026/0.0","45.0","2026-10-16","135.0","135.0","","Case","36.054","Alert Date Reached","1800","40.5","Crestline New Jersey Inc"
"L270300377","","CJ44247","CHUANRUI Strawberry Salt 6bags*70g","Seasonings","Salt","CHUANRUI","03-13-2027/0.0","45.0","2027-03-13","135.0","135.0","","Case","36.054","","1800","40.5","Crestline New Jersey Inc"
"L261000378","","CJ44247","CHUANRUI Strawberry Salt 6bags*70g","Seasonings","Salt","CHUANRUI","10-02-2026/0.0","45.0","2026-10-02","135.0","135.0","","Case","36.054","Alert Date Reached","1800","40.5","Crestline New Jersey Inc"
"L251100379","","CJ44247","CHUANRUI Strawberry Salt 6bags*70g","Seasonings","Salt","CHUANRUI","11-15-2025/0.0","0.0","2025-11-15","135.0","135.0","","Case","36.054","","1800","40.5","Crestline New Jersey Inc"
"L271000380","","G45227","CHUANRUI Strawberry Sauces 10bags*70g","Seasonings","Sauces","CHUANRUI","10-04-2027/0.0","1.0","2027-10-04","1.0","1.0","16*13=208","Case","52.655","","540","59.5","Crestline New Jersey Inc"
"L261000381","","G45227","CHUANRUI Strawberry Sauces 10bags*70g","Seasonings","Sauces","CHUANRUI","10-30-2026/0.0","0.0","2026-10-30","1.0","1.0","16*13=208","Case","52.655","","540","59.5","Crestline New Jersey Inc"
"L270100382","","G96120","CHUANRUI Strawberry Dipping Sauce 6bags*500g","Seasonings","Dipping Sauce","CHUANRUI","01-19-2027/0.0","1.0","2027-01-19","1.0","1.0","4*5=20","Case","16.055","","360","22.0","Crestline New Jersey Inc"
"2026-05-31","","G96120","CHUANRUI Strawberry Dipping Sauce 6bags*500g","Seasonings","Dipping Sauce","CHUANRUI","05-31-2026/0.0","0.0","2026-05-31","1.0","1.0","4*5=20","Case","16.055","","360","22.0","Crestline New Jersey Inc"
"2026-06-05","","G96120","CHUANRUI Strawberry Dipping Sauce 6bags*500g","Seasonings","Dipping Sauce","CHUANRUI","06-05-2026/0.0","0.0","2026-06-05","1.0","1.0","4*5=20","Case","16.055","","360","22.0","Crestline New Jersey Inc"
"L261000385","","VBB96171","Chenmai Green Tea Baby Products 250ml","Beauty & Health & Home","Baby Products","Chenmai","10-26-2026/0.0","132.0","2026-10-26","263.0","336.0","","each","19.788","Alert Date Reached","1095","22.5","Crestline New Jersey Inc"
"L261200386","","VBB96171","Chenmai Green Tea Baby Products 250ml","Beauty & Health & Home","Baby Products","Chenmai","12-25-2026/0.0","131.0","2026-12-25","263.0","336.0","","each","19.788","","1095","22.5","Crestline New Jersey Inc"
"L270800387","","VHB67316","Chenmai Beef Hair Care 150ml","Beauty & Health & Home","Hair Care","Chenmai","08-16-2027/0.0","14.0","2027-08-16","14.0","14.0","4*14=56","each","19.492","","1095","25.5","Crestline New Jersey Inc"
"2026-06-17","","VHB67316","Chenmai Beef Hair Care 150ml","Beauty & Health & Home","Hair Care","Chenmai","06-17-2026/0.0","0.0","2026-06-17","14.0","14.0","4*14=56","each","19.492","","1095","25.5","Crestline New Jersey Inc"
"2026-01-20","","VHB67316","Chenmai Beef Hair Care 150ml","Beauty & Health & Home","Hair Care","Chenmai","01-20-2026/0.0","0.0","2026-01-20","14.0","14.0","4*14=56","each","19.492","","1095","25.5","Crestline New Jersey Inc"
"L270500390","","VHK47112","Chenmai Jujube Home Cleaning 200ml","Beauty & Health & Home","Home Cleaning","Chenmai","05-23-2027/0.0","44.0","2027-05-23","88.0","142.0","16*8=128","each","3.745","","1095","5.0","Crestline New Jersey Inc"
"L270300391","","VHK47112","Chenmai Jujube Home Cleaning 200ml","Beauty & Health & Home","Home Cleaning","Chenmai","03-23-2027/0.0","44.0","2027-03-23","88.0","142.0","16*8=128","each","3.745","","1095","5.0","Crestline New Jersey Inc"
"L260600392","","VHK47112","Chenmai Jujube Home Cleaning 200ml","Beauty & Health & Home","Home Cleaning","Chenmai","06-08-2026/0.0","0.0","2026-06-08","88.0","142.0","16*8=128","each","3.745","","1095","999.0","Crestline New Jersey Inc"
"2025-12-15","","VHK47112","Chenmai Jujube Home Cleaning 200ml","Beauty & Health & Home","Home Cleaning","Chenmai","12-15-2025/0.0","0.0","2025-12-15","88.0","142.0","16*8=128","each","3.745","","1095","5.0","Crestline New Jersey Inc"
"L270600394","","VPC79142","Maibao Seafood Eye Care 400ml","Beauty & Health & Home","Eye Care","Maibao","06-25-2027/0.0","101.0","2027-06-25","299.0","299.0","11*10=110","each","5.423","","1095","8.0","Crestline New Jersey Inc"
"L270800395","","VPC79142","Maibao Seafood Eye Care 400ml","Beauty & Health & Home","Eye Care","Maibao","08-13-2027/0.0","99.0","2027-08-13","299.0","299.0","11*10=110","each","5.423","","1095","8.0","Crestline New Jersey Inc"
"L270900396","","VPC79142","Maibao Seafood Eye Care 400ml","Beauty & Health & Home","Eye Care","Maibao","09-24-2027/0.0","99.0","2027-09-24","299.0","299.0","11*10=110","each","5.423","","1095","8.0","Crestline New Jersey Inc"
"L270600397","","VPC50200","Maibao Spicy Personal Care 200ml","Beauty & Health & Home","Personal Care","Maibao","06-22-2027/0.0","19.0","2027-06-22","19.0","19.0","11*12=132","each","7.299","","1095","9.5","Crestline New Jersey Inc"
"L251200398","","VPC50200","Maibao Spicy Personal Care 200ml","Beauty & Health & Home","Personal Care","Maibao","12-08-2025/0.0","0.0","2025-12-08","19.0","19.0","11*12=132","each","7.299","","1095","9.5","Crestline New Jersey Inc"
"L251200399","","VPC50200","Maibao Spicy Personal Care 200ml","Beauty & Health & Home","Personal Care","Maibao","12-10-2025/0.0","0.0","2025-12-10","19.0","19.0","11*12=132","each","7.299","","1095","9.5","Crestline New Jersey Inc"
"L261200400","","VHK30154","Maibao Melon Home Cleaning 250ml","Beauty & Health & Home","Home Cleaning","Maibao","12-20-2026/0.0","366.0","2026-12-20","1094.0","1365.0","12*11=132","each","13.328","","3650","17.5","Crestline New Jersey Inc"
"L321100401","","VHK30154","Maibao Melon Home Cleaning 250ml","Beauty & Health & Home","Home Cleaning","Maibao","11-29-2032/0.0","364.0","2032-11-29","1094.0","1365.0","12*11=132","each","13.328","","3650","17.5","Crestline New Jersey Inc"
"L301000402","","VHK30154","Maibao Melon Home Cleaning 250ml","Beauty & Health & Home","Home Cleaning","Maibao","10-25-2030/0.0","364.0","2030-10-25","1094.0","1365.0","12*11=132","each","13.328","","3650","17.5","Crestline New Jersey Inc"
"2026-07-06","","VHK30154","Maibao Melon Home Cleaning 250ml","Beauty & Health & Home","Home Cleaning","Maibao","07-06-2026/0.0","0.0","2026-07-06","1094.0","1365.0","12*11=132","each","13.328","","3650","17.5","Crestline New Jersey Inc"
"L270900404","","VHS64175","Maibao Jujube Health & Nutrition Drinks 200ml","Beauty & Health & Home","Health & Nutrition Drinks","Maibao","09-14-2027/0.0","3269.0","2027-09-14","3269.0","4106.0","10*6=60","each","8.933","","1095","13.0","Crestline New Jersey Inc"
"L251000405","","VHS64175","Maibao Jujube Health & Nutrition Drinks 200ml","Beauty & Health & Home","Health & Nutrition Drinks","Maibao","10-22-2025/0.0","0.0","2025-10-22","3269.0","4106.0","10*6=60","each","8.933","","1095","13.0","Crestline New Jersey Inc"
"L260100406","","VHS64175","Maibao Jujube Health & Nutrition Drinks 200ml","Beauty & Health & Home","Health & Nutrition Drinks","Maibao","01-28-2026/0.0","0.0","2026-01-28","3269.0","4106.0","10*6=60","each","8.933","","1095","13.0","Crestline New Jersey Inc"
"L270200407","","E17271","BAOSHUN Original Black Pepper 8bags*400g","Seasonings","Black Pepper","BAOSHUN","02-20-2027/0.0","53.0","2027-02-20","159.0","159.0","","Case","41.554","","1000","52.5","Crestline New Jersey Inc"
"L270100408","","E17271","BAOSHUN Original Black Pepper 8bags*400g","Seasonings","Black Pepper","BAOSHUN","01-17-2027/0.0","53.0","2027-01-17","159.0","159.0","","Case","41.554","","1000","52.5","Crestline New Jersey Inc"
"L260900409","","E17271","BAOSHUN Original Black Pepper 8bags*400g","Seasonings","Black Pepper","BAOSHUN","09-08-2026/0.0","53.0","2026-09-08","159.0","159.0","","Case","41.554","Alert Date Reached","1000","52.5","Crestline New Jersey Inc"
"2026-05-06","","E17271","BAOSHUN Original Black Pepper 8bags*400g","Seasonings","Black Pepper","BAOSHUN","05-06-2026/0.0","0.0","2026-05-06","159.0","159.0","","Case","41.554","","1000","52.5","Crestline New Jersey Inc"
"2026-03-17","","E17271","BAOSHUN Original Black Pepper 8bags*400g","Seasonings","Black Pepper","BAOSHUN","03-17-2026/0.0","0.0","2026-03-17","159.0","159.0","","Case","41.554","","1000","52.5","Crestline New Jersey Inc"
"L280400412","","E79328","BAOSHUN Milk Chili Seasonings 24bags*150g","Seasonings","Chili Seasonings","BAOSHUN","04-02-2028/0.0","120.0","2028-04-02","120.0","120.0","8*10=80","Case","42.449","","1080","55.0","Crestline New Jersey Inc"
"2025-12-16","","E79328","BAOSHUN Milk Chili Seasonings 24bags*150g","Seasonings","Chili Seasonings","BAOSHUN","12-16-2025/0.0","0.0","2025-12-16","120.0","120.0","8*10=80","Case","42.449","","1080","55.0","Crestline New Jersey Inc"
"L260600414","","E79328","BAOSHUN Milk Chili Seasonings 24bags*150g","Seasonings","Chili Seasonings","BAOSHUN","06-10-2026/0.0","0.0","2026-06-10","120.0","120.0","8*10=80","Case","42.449","","1080","55.0","Crestline New Jersey Inc"
"L271200415","","CJ74307","BAOSHUN Oolong BBQ Sauce 20bags*400g","Seasonings","BBQ Sauce","BAOSHUN","12-31-2027/0.0","0.0","2027-12-31","0.0","2.0","18*7=126","Case","26.312","","540","36.5","Crestline New Jersey Inc"
"L260800416","","CJ74307","BAOSHUN Oolong BBQ Sauce 20bags*400g","Seasonings","BBQ Sauce","BAOSHUN","08-17-2026/0.0","0.0","2026-08-17","0.0","2.0","18*7=126","Case","26.312","","540","36.5","Crestline New Jersey Inc"
"L280700417","","G04157","Yuanxi Five Spice Chili Sauce 24bags*150g","Seasonings","Chili Sauce","Yuanxi","07-24-2028/0.0","397.0","2028-07-24","794.0","869.0","","Case","24.025","","720","999.0","Crestline New Jersey Inc"
"L280800418","","G04157","Yuanxi Five Spice Chili Sauce 24bags*150g","Seasonings","Chili Sauce","Yuanxi","08-03-2028/0.0","397.0","2028-08-03","794.0","869.0","","Case","24.025","","720","30.0","Crestline New Jersey Inc"
"2026-02-06","","G04157","Yuanxi Five Spice Chili Sauce 24bags*150g","Seasonings","Chili Sauce","Yuanxi","02-06-2026/0.0","0.0","2026-02-06","794.0","869.0","","Case","24.025","","720","30.0","Crestline New Jersey Inc"
"L280800420","","E25172","Yuanxi Coconut Black Pepper 20bags*100g","Seasonings","Black Pepper","Yuanxi","08-11-2028/0.0","192.0","2028-08-11","192.0","214.0","10*7=70","Case","43.188","","1000","48.0","Crestline New Jersey Inc"
"L281000421","","E28264","Yuanxi Beef Sichuan Pepper Seasonings 10bags*1000g","Seasonings","Sichuan Pepper Seasonings","Yuanxi","10-17-2028/0.0","9.0","2028-10-17","9.0","17.0","18*11=198","Case","16.291","","1080","999.0","Crestline New Jersey Inc"
"L280800422","","E52308","Yuanxi Sea Salt Garlic 1bag*25lb","Seasonings","Garlic","Yuanxi","08-07-2028/0.0","203.0","2028-08-07","203.0","203.0","","Bag","33.055","","1080","43.0","Crestline New Jersey Inc"
"L260800423","","E52308","Yuanxi Sea Salt Garlic 1bag*25lb","Seasonings","Garlic","Yuanxi","08-19-2026/0.0","0.0","2026-08-19","203.0","203.0","","Bag","33.055","","1080","43.0","Crestline New Jersey Inc"
"2026-05-07","","E52308","Yuanxi Sea Salt Garlic 1bag*25lb","Seasonings","Garlic","Yuanxi","05-07-2026/0.0","0.0","2026-05-07","203.0","203.0","","Bag","33.055","","1080","43.0","Crestline New Jersey Inc"
"L270200425","","G71350","Yuanxi Beef Sesame Paste 10bags*100g","Seasonings","Sesame Paste","Yuanxi","02-28-2027/0.0","28.0","2027-02-28","56.0","56.0","8*8=64","Case","52.716","","360","59.5","Crestline New Jersey Inc"
"L270400426","","G71350","Yuanxi Beef Sesame Paste 10bags*100g","Seasonings","Sesame Paste","Yuanxi","04-12-2027/0.0","28.0","2027-04-12","56.0","56.0","8*8=64","Case","52.716","","360","59.5","Crestline New Jersey Inc"
"L270300427","","FA27163","TIANJIN Pineapple Dumplings 10bags*100g","Frozen & Chilled Foods","Dumplings","TIANJIN","03-21-2027/0.0","75.0","2027-03-21","225.0","262.0","16*6=96","Case","40.748","","450","55.5","Crestline New Jersey Inc"
"L270400428","","FA27163","TIANJIN Pineapple Dumplings 10bags*100g","Frozen & Chilled Foods","Dumplings","TIANJIN","04-20-2027/0.0","75.0","2027-04-20","225.0","262.0","16*6=96","Case","40.748","","450","55.5","Crestline New Jersey Inc"
"L261000429","","FA27163","TIANJIN Pineapple Dumplings 10bags*100g","Frozen & Chilled Foods","Dumplings","TIANJIN","10-28-2026/0.0","75.0","2026-10-28","225.0","262.0","16*6=96","Case","40.748","Alert Date Reached","450","55.5","Crestline New Jersey Inc"
"L270900430","","FA98206","TIANJIN Honey Steamed Buns 10bags*400g","Frozen & Chilled Foods","Steamed Buns","TIANJIN","09-11-2027/0.0","238.0","2027-09-11","238.0","252.0","","Case","34.841","","540","41.0","Crestline New Jersey Inc"
"L270300431","","FG18287","TIANJIN Oolong Frozen Beef 12bags*100g","Frozen & Chilled Foods","Frozen Beef","TIANJIN","03-16-2027/0.0","1.0","2027-03-16","1.0","2.0","9*6=54","LB","51.8","","360","67.0","Crestline New Jersey Inc"
"L270400432","","FA11299","TIANJIN Seafood Dumplings 24bags*100g","Frozen & Chilled Foods","Dumplings","TIANJIN","04-06-2027/0.0","80.0","2027-04-06","80.0","80.0","10*5=50","Case","44.984","","450","51.5","Crestline New Jersey Inc"
"L251200433","","FA11299","TIANJIN Seafood Dumplings 24bags*100g","Frozen & Chilled Foods","Dumplings","TIANJIN","12-31-2025/0.0","0.0","2025-12-31","80.0","80.0","10*5=50","Case","44.984","","450","51.5","Crestline New Jersey Inc"
"L270800434","","FG51282","TIANJIN Mango Frozen Beef 24bags*150g","Frozen & Chilled Foods","Frozen Beef","TIANJIN","08-14-2027/0.0","58.0","2027-08-14","116.0","161.0","","LB","37.065","","360","43.0","Crestline New Jersey Inc"
"L261200435","","FG51282","TIANJIN Mango Frozen Beef 24bags*150g","Frozen & Chilled Foods","Frozen Beef","TIANJIN","12-28-2026/0.0","58.0","2026-12-28","116.0","161.0","","LB","37.065","","360","43.0","Crestline New Jersey Inc"
"L251100436","","FG51282","TIANJIN Mango Frozen Beef 24bags*150g","Frozen & Chilled Foods","Frozen Beef","TIANJIN","11-30-2025/0.0","0.0","2025-11-30","116.0","161.0","","LB","37.065","","360","43.0","Crestline New Jersey Inc"
"L261000437","","A33118","Chenwei BBQ Milk 12btls*330ml","Beverages","Milk","Chenwei","10-25-2026/0.0","7.0","2026-10-25","7.0","15.0","","Case","12.484","Alert Date Reached","360","15.0","Crestline New Jersey Inc"
"L270100438","","A70145","Chenwei Green Tea Ready-to-Drink Coffee 15btls*1500ml","Beverages","Ready-to-Drink Coffee","Chenwei","01-09-2027/0.0","0.0","2027-01-09","0.0","0.0","","Case","23.293","","540","29.0","Crestline New Jersey Inc"
"L261100439","","A70145","Chenwei Green Tea Ready-to-Drink Coffee 15btls*1500ml","Beverages","Ready-to-Drink Coffee","Chenwei","11-23-2026/0.0","0.0","2026-11-23","0.0","0.0","","Case","23.293","","540","29.0","Crestline New Jersey Inc"
"L270500440","","A70145","Chenwei Green Tea Ready-to-Drink Coffee 15btls*1500ml","Beverages","Ready-to-Drink Coffee","Chenwei","05-14-2027/0.0","0.0","2027-05-14","0.0","0.0","","Case","23.293","","540","29.0","Crestline New Jersey Inc"
"L270100441","","A67309","Chenwei Green Tea Plant-Based Drinks 15btls*500ml","Beverages","Plant-Based Drinks","Chenwei","01-10-2027/0.0","74.0","2027-01-10","74.0","74.0","","Case","16.188","","360","22.0","Crestline New Jersey Inc"
"2026-04-06","","A67309","Chenwei Green Tea Plant-Based Drinks 15btls*500ml","Beverages","Plant-Based Drinks","Chenwei","04-06-2026/0.0","0.0","2026-04-06","74.0","74.0","","Case","16.188","","360","22.0","Crestline New Jersey Inc"
"L260300443","","A67309","Chenwei Green Tea Plant-Based Drinks 15btls*500ml","Beverages","Plant-Based Drinks","Chenwei","03-07-2026/0.0","0.0","2026-03-07","74.0","74.0","","Case","16.188","","360","22.0","Crestline New Jersey Inc"
"L290600444","","VFM75386","Fengmai Red Bean Derma Care 200ml","Beauty & Health & Home","Derma Care","Fengmai","06-06-2029/0.0","667.0","2029-06-06","1334.0","1770.0","","each","4.081","","1095","5.5","Crestline New Jersey Inc"
"L260700445","","VFM75386","Fengmai Red Bean Derma Care 200ml","Beauty & Health & Home","Derma Care","Fengmai","07-12-2026/0.0","667.0","2026-07-12","1334.0","1770.0","","each","4.081","Alert Date Reached","1095","5.5","Crestline New Jersey Inc"
"2025-11-13","","VFM75386","Fengmai Red Bean Derma Care 200ml","Beauty & Health & Home","Derma Care","Fengmai","11-13-2025/0.0","0.0","2025-11-13","1334.0","1770.0","","each","4.081","","1095","5.5","Crestline New Jersey Inc"
"L270300447","","VEL05342","Fengmai Five Spice Electronics 200ml","Beauty & Health & Home","Electronics","Fengmai","03-18-2027/0.0","184.0","2027-03-18","184.0","184.0","16*7=112","each","7.526","","1095","10.5","Crestline New Jersey Inc"
"L280500448","","VHB89153","Fengmai Beef Hand & Body Care 100ml","Beauty & Health & Home","Hand & Body Care","Fengmai","05-30-2028/0.0","44.0","2028-05-30","130.0","162.0","12*14=168","each","4.013","","1095","5.5","Crestline New Jersey Inc"
"L270800449","","VHB89153","Fengmai Beef Hand & Body Care 100ml","Beauty & Health & Home","Hand & Body Care","Fengmai","08-20-2027/0.0","43.0","2027-08-20","130.0","162.0","12*14=168","each","4.013","","1095","5.5","Crestline New Jersey Inc"
"L290100450","","VHB89153","Fengmai Beef Hand & Body Care 100ml","Beauty & Health & Home","Hand & Body Care","Fengmai","01-09-2029/0.0","43.0","2029-01-09","130.0","162.0","12*14=168","each","4.013","","1095","5.5","Crestline New Jersey Inc"
"L280600451","","VSC46179","Fengmai Five Spice Skin Care 200ml","Beauty & Health & Home","Skin Care","Fengmai","06-09-2028/0.0","14729.0","2028-06-09","14729.0","17760.0","12*10=120","each","10.053","","1095","12.0","Crestline New Jersey Inc"
"2026-02-18","","VSC46179","Fengmai Five Spice Skin Care 200ml","Beauty & Health & Home","Skin Care","Fengmai","02-18-2026/0.0","0.0","2026-02-18","14729.0","17760.0","12*10=120","each","10.053","","1095","12.0","Crestline New Jersey Inc"
"L280500453","","VSC70396","Fengmai Peach Skin Care 250ml","Beauty & Health & Home","Skin Care","Fengmai","05-30-2028/0.0","25.0","2028-05-30","73.0","172.0","10*8=80","each","20.525","","1095","24.5","Crestline New Jersey Inc"
"L261200454","","VSC70396","Fengmai Peach Skin Care 250ml","Beauty & Health & Home","Skin Care","Fengmai","12-20-2026/0.0","24.0","2026-12-20","73.0","172.0","10*8=80","each","20.525","","1095","24.5","Crestline New Jersey Inc"
"L260600455","","VSC70396","Fengmai Peach Skin Care 250ml","Beauty & Health & Home","Skin Care","Fengmai","06-13-2026/0.0","24.0","2026-06-13","73.0","172.0","10*8=80","each","20.525","Alert Date Reached","1095","24.5","Crestline New Jersey Inc"
"L250900456","","VSC70396","Fengmai Peach Skin Care 250ml","Beauty & Health & Home","Skin Care","Fengmai","09-05-2025/0.0","0.0","2025-09-05","73.0","172.0","10*8=80","each","20.525","","1095","24.5","Crestline New Jersey Inc"
"2025-12-03","","VSC70396","Fengmai Peach Skin Care 250ml","Beauty & Health & Home","Skin Care","Fengmai","12-03-2025/0.0","0.0","2025-12-03","73.0","172.0","10*8=80","each","20.525","","1095","24.5","Crestline New Jersey Inc"
"L270900458","","C62298","LINGGU Oolong Tea 12btls*280ml","Beverages","Tea","LINGGU","09-15-2027/0.0","4.0","2027-09-15","8.0","8.0","","Case","15.016","","720","20.0","Crestline New Jersey Inc"
"L271000459","","C62298","LINGGU Oolong Tea 12btls*280ml","Beverages","Tea","LINGGU","10-12-2027/0.0","2.0","2027-10-12","8.0","8.0","","Case","15.016","","720","20.0","Crestline New Jersey Inc"
"L270400460","","C62298","LINGGU Oolong Tea 12btls*280ml","Beverages","Tea","LINGGU","04-13-2027/0.0","2.0","2027-04-13","8.0","8.0","","Case","15.016","","720","20.0","Crestline New Jersey Inc"
"L260600461","","C62298","LINGGU Oolong Tea 12btls*280ml","Beverages","Tea","LINGGU","06-10-2026/0.0","0.0","2026-06-10","8.0","8.0","","Case","15.016","","720","20.0","Crestline New Jersey Inc"
"L260100462","","C62298","LINGGU Oolong Tea 12btls*280ml","Beverages","Tea","LINGGU","01-07-2026/0.0","0.0","2026-01-07","8.0","8.0","","Case","15.016","","720","20.0","Crestline New Jersey Inc"
"L270800463","","A25300","LINGGU Melon Coconut Water 12btls*330ml","Beverages","Coconut Water","LINGGU","08-23-2027/0.0","5.0","2027-08-23","13.0","13.0","12*7=84","Case","26.152","","360","30.0","Crestline New Jersey Inc"
"L270300464","","A25300","LINGGU Melon Coconut Water 12btls*330ml","Beverages","Coconut Water","LINGGU","03-14-2027/0.0","4.0","2027-03-14","13.0","13.0","12*7=84","Case","26.152","","360","30.0","Crestline New Jersey Inc"
"L270300465","","A25300","LINGGU Melon Coconut Water 12btls*330ml","Beverages","Coconut Water","LINGGU","03-03-2027/0.0","4.0","2027-03-03","13.0","13.0","12*7=84","Case","26.152","","360","30.0","Crestline New Jersey Inc"
"L290400466","","VHK59245","RUIBAO Red Bean Home Cleaning 400ml","Beauty & Health & Home","Home Cleaning","RUIBAO","04-01-2029/0.0","503.0","2029-04-01","1005.0","1262.0","10*14=140","each","6.089","","1095","7.5","Crestline New Jersey Inc"
"L280600467","","VHK59245","RUIBAO Red Bean Home Cleaning 400ml","Beauty & Health & Home","Home Cleaning","RUIBAO","06-27-2028/0.0","502.0","2028-06-27","1005.0","1262.0","10*14=140","each","6.089","","1095","7.5","Crestline New Jersey Inc"
"L260600468","","VHK59245","RUIBAO Red Bean Home Cleaning 400ml","Beauty & Health & Home","Home Cleaning","RUIBAO","06-13-2026/0.0","0.0","2026-06-13","1005.0","1262.0","10*14=140","each","6.089","","1095","7.5","Crestline New Jersey Inc"
"L260500469","","VHK59245","RUIBAO Red Bean Home Cleaning 400ml","Beauty & Health & Home","Home Cleaning","RUIBAO","05-13-2026/0.0","0.0","2026-05-13","1005.0","1262.0","10*14=140","each","6.089","","1095","7.5","Crestline New Jersey Inc"
"L261000470","","VHB02257","RUIBAO Melon Hand & Body Care 400ml","Beauty & Health & Home","Hand & Body Care","RUIBAO","10-13-2026/0.0","9.0","2026-10-13","23.0","23.0","","each","10.305","Alert Date Reached","1095","12.0","Crestline New Jersey Inc"
"L261200471","","VHB02257","RUIBAO Melon Hand & Body Care 400ml","Beauty & Health & Home","Hand & Body Care","RUIBAO","12-03-2026/0.0","7.0","2026-12-03","23.0","23.0","","each","10.305","","1095","12.0","Crestline New Jersey Inc"
"L260700472","","VHB02257","RUIBAO Melon Hand & Body Care 400ml","Beauty & Health & Home","Hand & Body Care","RUIBAO","07-25-2026/0.0","7.0","2026-07-25","23.0","23.0","","each","10.305","Alert Date Reached","1095","12.0","Crestline New Jersey Inc"
"L260100473","","VHB02257","RUIBAO Melon Hand & Body Care 400ml","Beauty & Health & Home","Hand & Body Care","RUIBAO","01-07-2026/0.0","0.0","2026-01-07","23.0","23.0","","each","10.305","","1095","12.0","Crestline New Jersey Inc"
"2026-01-19","","VHB02257","RUIBAO Melon Hand & Body Care 400ml","Beauty & Health & Home","Hand & Body Care","RUIBAO","01-19-2026/0.0","0.0","2026-01-19","23.0","23.0","","each","10.305","","1095","12.0","Crestline New Jersey Inc"
"L270800475","","VBB03340","RUIBAO Coconut Baby Products 60ml","Beauty & Health & Home","Baby Products","RUIBAO","08-30-2027/0.0","1.0","2027-08-30","1.0","1.0","7*12=84","each","9.762","","1095","12.5","Crestline New Jersey Inc"
"L270500476","","VFM12196","Tianyue Chocolate Derma Care 100ml","Beauty & Health & Home","Derma Care","Tianyue","05-18-2027/0.0","99.0","2027-05-18","293.0","293.0","12*13=156","each","9.69","","1095","999.0","Crestline New Jersey Inc"
"L261200477","","VFM12196","Tianyue Chocolate Derma Care 100ml","Beauty & Health & Home","Derma Care","Tianyue","12-26-2026/0.0","97.0","2026-12-26","293.0","293.0","12*13=156","each","9.69","","1095","12.5","Crestline New Jersey Inc"
"L280700478","","VFM12196","Tianyue Chocolate Derma Care 100ml","Beauty & Health & Home","Derma Care","Tianyue","07-24-2028/0.0","97.0","2028-07-24","293.0","293.0","12*13=156","each","9.69","","1095","12.5","Crestline New Jersey Inc"
"L270700479","","VHS10294","Tianyue Melon Health & Nutrition Drinks 200ml","Beauty & Health & Home","Health & Nutrition Drinks","Tianyue","07-13-2027/0.0","23.0","2027-07-13","45.0","57.0","","each","18.955","","1095","23.5","Crestline New Jersey Inc"
"L290100480","","VHS10294","Tianyue Melon Health & Nutrition Drinks 200ml","Beauty & Health & Home","Health & Nutrition Drinks","Tianyue","01-23-2029/0.0","22.0","2029-01-23","45.0","57.0","","each","18.955","","1095","23.5","Crestline New Jersey Inc"
"L281100481","","VHK96342","Tianyue Spicy Home Cleaning 250ml","Beauty & Health & Home","Home Cleaning","Tianyue","11-09-2028/0.0","124.0","2028-11-09","248.0","348.0","16*7=112","each","15.989","","1095","22.5","Crestline New Jersey Inc"
"L280400482","","VHK96342","Tianyue Spicy Home Cleaning 250ml","Beauty & Health & Home","Home Cleaning","Tianyue","04-29-2028/0.0","124.0","2028-04-29","248.0","348.0","16*7=112","each","15.989","","1095","999.0","Crestline New Jersey Inc"
"L260600483","","VHK96342","Tianyue Spicy Home Cleaning 250ml","Beauty & Health & Home","Home Cleaning","Tianyue","06-24-2026/0.0","0.0","2026-06-24","248.0","348.0","16*7=112","each","15.989","","1095","22.5","Crestline New Jersey Inc"
"L281100484","","VPC39284","Tianyue Chocolate Oral Care 10bags*400g","Beauty & Health & Home","Oral Care","Tianyue","11-26-2028/0.0","28.0","2028-11-26","28.0","35.0","16*12=192","Case","8.034","","1095","11.5","Crestline New Jersey Inc"
"L271200485","","VCA78277","Yuantian Spicy Apparel & Accessories 200ml","Beauty & Health & Home","Apparel & Accessories","Yuantian","12-19-2027/0.0","0.0","2027-12-19","0.0","222.0","15*9=135","each","15.018","","3650","21.5","Crestline New Jersey Inc"
"L291200486","","VCA78277","Yuantian Spicy Apparel & Accessories 200ml","Beauty & Health & Home","Apparel & Accessories","Yuantian","12-19-2029/0.0","0.0","2029-12-19","0.0","222.0","15*9=135","each","15.018","","3650","21.5","Crestline New Jersey Inc"
"L331000487","","VCA33253","Yuantian Seafood Costume Jewelry 8bags*400g","Beauty & Health & Home","Costume Jewelry","Yuantian","10-24-2033/0.0","58.0","2033-10-24","172.0","172.0","13*5=65","Case","16.357","","3650","21.0","Crestline New Jersey Inc"
"L310200488","","VCA33253","Yuantian Seafood Costume Jewelry 8bags*400g","Beauty & Health & Home","Costume Jewelry","Yuantian","02-19-2031/0.0","57.0","2031-02-19","172.0","172.0","13*5=65","Case","16.357","","3650","21.0","Crestline New Jersey Inc"
"L321000489","","VCA33253","Yuantian Seafood Costume Jewelry 8bags*400g","Beauty & Health & Home","Costume Jewelry","Yuantian","10-18-2032/0.0","57.0","2032-10-18","172.0","172.0","13*5=65","Case","16.357","","3650","21.0","Crestline New Jersey Inc"
"2025-12-01","","VCA33253","Yuantian Seafood Costume Jewelry 8bags*400g","Beauty & Health & Home","Costume Jewelry","Yuantian","12-01-2025/0.0","0.0","2025-12-01","172.0","172.0","13*5=65","Case","16.357","","3650","21.0","Crestline New Jersey Inc"
"L260200491","","VCA33253","Yuantian Seafood Costume Jewelry 8bags*400g","Beauty & Health & Home","Costume Jewelry","Yuantian","02-14-2026/0.0","0.0","2026-02-14","172.0","172.0","13*5=65","Case","16.357","","3650","21.0","Crestline New Jersey Inc"
"L280800492","","VBB85169","Yuantian Corn Mother & Bady 24bags*1000g","Beauty & Health & Home","Mother & Bady","Yuantian","08-29-2028/0.0","523.0","2028-08-29","1569.0","1758.0","5*7=35","Case","12.462","","1095","16.5","Crestline New Jersey Inc"
"L280200493","","VBB85169","Yuantian Corn Mother & Bady 24bags*1000g","Beauty & Health & Home","Mother & Bady","Yuantian","02-01-2028/0.0","523.0","2028-02-01","1569.0","1758.0","5*7=35","Case","12.462","","1095","16.5","Crestline New Jersey Inc"
"L270100494","","VBB85169","Yuantian Corn Mother & Bady 24bags*1000g","Beauty & Health & Home","Mother & Bady","Yuantian","01-25-2027/0.0","523.0","2027-01-25","1569.0","1758.0","5*7=35","Case","12.462","","1095","16.5","Crestline New Jersey Inc"
"L260400495","","VBB85169","Yuantian Corn Mother & Bady 24bags*1000g","Beauty & Health & Home","Mother & Bady","Yuantian","04-09-2026/0.0","0.0","2026-04-09","1569.0","1758.0","5*7=35","Case","12.462","","1095","16.5","Crestline New Jersey Inc"
"L290700496","","VCA17381","Yuantian Corn Clothes & Apparel 10bags*150g","Beauty & Health & Home","Clothes & Apparel","Yuantian","07-14-2029/0.0","13.0","2029-07-14","26.0","47.0","","Case","15.95","","3650","20.0","Crestline New Jersey Inc"
"L350300497","","VCA17381","Yuantian Corn Clothes & Apparel 10bags*150g","Beauty & Health & Home","Clothes & Apparel","Yuantian","03-17-2035/0.0","13.0","2035-03-17","26.0","47.0","","Case","15.95","","3650","20.0","Crestline New Jersey Inc"
"2026-06-14","","VCA17381","Yuantian Corn Clothes & Apparel 10bags*150g","Beauty & Health & Home","Clothes & Apparel","Yuantian","06-14-2026/0.0","0.0","2026-06-14","26.0","47.0","","Case","15.95","","3650","20.0","Crestline New Jersey Inc"
"L261200499","","VCA83276","Yuantian Pickled Vegetable Fashion Jewelry 400ml","Beauty & Health & Home","Fashion Jewelry","Yuantian","12-04-2026/0.0","91.0","2026-12-04","271.0","959.0","15*14=210","each","7.265","","3650","10.5","Crestline New Jersey Inc"
"L261000500","","VCA83276","Yuantian Pickled Vegetable Fashion Jewelry 400ml","Beauty & Health & Home","Fashion Jewelry","Yuantian","10-04-2026/0.0","90.0","2026-10-04","271.0","959.0","15*14=210","each","7.265","Alert Date Reached","3650","10.5","Crestline New Jersey Inc"
"L281100501","","VCA83276","Yuantian Pickled Vegetable Fashion Jewelry 400ml","Beauty & Health & Home","Fashion Jewelry","Yuantian","11-18-2028/0.0","90.0","2028-11-18","271.0","959.0","15*14=210","each","7.265","","3650","10.5","Crestline New Jersey Inc"
"L251100502","","VCA83276","Yuantian Pickled Vegetable Fashion Jewelry 400ml","Beauty & Health & Home","Fashion Jewelry","Yuantian","11-11-2025/0.0","0.0","2025-11-11","271.0","959.0","15*14=210","each","7.265","","3650","10.5","Crestline New Jersey Inc"
"L270900503","","VHK12327","XIANZHU Mala Household Goods 150ml","Beauty & Health & Home","Household Goods","XIANZHU","09-01-2027/0.0","99.0","2027-09-01","99.0","99.0","6*6=36","each","5.324","","1095","7.5","Crestline New Jersey Inc"
"L270800504","","VFM66152","XIANZHU Honey Derma Care 250ml","Beauty & Health & Home","Derma Care","XIANZHU","08-06-2027/0.0","25.0","2027-08-06","71.0","166.0","13*7=91","each","12.973","","1095","17.5","Crestline New Jersey Inc"
"L290100505","","VFM66152","XIANZHU Honey Derma Care 250ml","Beauty & Health & Home","Derma Care","XIANZHU","01-07-2029/0.0","23.0","2029-01-07","71.0","166.0","13*7=91","each","12.973","","1095","17.5","Crestline New Jersey Inc"
"L261200506","","VFM66152","XIANZHU Honey Derma Care 250ml","Beauty & Health & Home","Derma Care","XIANZHU","12-17-2026/0.0","23.0","2026-12-17","71.0","166.0","13*7=91","each","12.973","","1095","17.5","Crestline New Jersey Inc"
"L250800507","","VFM66152","XIANZHU Honey Derma Care 250ml","Beauty & Health & Home","Derma Care","XIANZHU","08-21-2025/0.0","0.0","2025-08-21","71.0","166.0","13*7=91","each","12.973","","1095","17.5","Crestline New Jersey Inc"
"2025-09-27","","VFM66152","XIANZHU Honey Derma Care 250ml","Beauty & Health & Home","Derma Care","XIANZHU","09-27-2025/0.0","0.0","2025-09-27","71.0","166.0","13*7=91","each","12.973","","1095","17.5","Crestline New Jersey Inc"
"L271000509","","VHB15129","XIANZHU Coconut Hand & Body Care 60ml","Beauty & Health & Home","Hand & Body Care","XIANZHU","10-26-2027/0.0","196.0","2027-10-26","196.0","196.0","8*9=72","each","17.347","","1095","24.0","Crestline New Jersey Inc"
"L270700510","","VSC59291","XIANZHU Corn Skin Care 500ml","Beauty & Health & Home","Skin Care","XIANZHU","07-08-2027/0.0","38.0","2027-07-08","75.0","75.0","5*7=35","each","14.986","","1095","17.5","Crestline New Jersey Inc"
"L261000511","","VSC59291","XIANZHU Corn Skin Care 500ml","Beauty & Health & Home","Skin Care","XIANZHU","10-16-2026/0.0","37.0","2026-10-16","75.0","75.0","5*7=35","each","14.986","Alert Date Reached","1095","999.0","Crestline New Jersey Inc"
"2026-05-22","","VSC59291","XIANZHU Corn Skin Care 500ml","Beauty & Health & Home","Skin Care","XIANZHU","05-22-2026/0.0","0.0","2026-05-22","75.0","75.0","5*7=35","each","14.986","","1095","17.5","Crestline New Jersey Inc"
"L270400513","","H13235","YOULING Tomato Pickled Products 8bags*70g","Dried Vegetables","Pickled Products","YOULING","04-01-2027/0.0","9.0","2027-04-01","18.0","18.0","8*12=96","Case","49.582","","540","63.0","Crestline New Jersey Inc"
"L280100514","","H13235","YOULING Tomato Pickled Products 8bags*70g","Dried Vegetables","Pickled Products","YOULING","01-03-2028/0.0","9.0","2028-01-03","18.0","18.0","8*12=96","Case","49.582","","540","63.0","Crestline New Jersey Inc"
"2026-02-24","","H13235","YOULING Tomato Pickled Products 8bags*70g","Dried Vegetables","Pickled Products","YOULING","02-24-2026/0.0","0.0","2026-02-24","18.0","18.0","8*12=96","Case","49.582","","540","63.0","Crestline New Jersey Inc"
"2026-07-08","","H13235","YOULING Tomato Pickled Products 8bags*70g","Dried Vegetables","Pickled Products","YOULING","07-08-2026/0.0","0.0","2026-07-08","18.0","18.0","8*12=96","Case","49.582","","540","63.0","Crestline New Jersey Inc"
"L270800517","","H05147","YOULING Honey Pickled Products 8bags*200g","Dried Vegetables","Pickled Products","YOULING","08-18-2027/0.0","27.0","2027-08-18","77.0","170.0","15*12=180","Case","54.512","","540","63.0","Crestline New Jersey Inc"
"L271100518","","H05147","YOULING Honey Pickled Products 8bags*200g","Dried Vegetables","Pickled Products","YOULING","11-30-2027/0.0","25.0","2027-11-30","77.0","170.0","15*12=180","Case","54.512","","540","63.0","Crestline New Jersey Inc"
"L270100519","","H05147","YOULING Honey Pickled Products 8bags*200g","Dried Vegetables","Pickled Products","YOULING","01-15-2027/0.0","25.0","2027-01-15","77.0","170.0","15*12=180","Case","54.512","","540","63.0","Crestline New Jersey Inc"
"L260700520","","H05147","YOULING Honey Pickled Products 8bags*200g","Dried Vegetables","Pickled Products","YOULING","07-15-2026/0.0","0.0","2026-07-15","77.0","170.0","15*12=180","Case","54.512","","540","63.0","Crestline New Jersey Inc"
"L270400521","","L19106","YOULING Mango Jujube 24bags*200g","Dried Vegetables","Jujube","YOULING","04-26-2027/0.0","0.0","2027-04-26","0.0","0.0","9*14=126","Case","46.911","","360","61.5","Crestline New Jersey Inc"
"2026-05-20","","L19106","YOULING Mango Jujube 24bags*200g","Dried Vegetables","Jujube","YOULING","05-20-2026/0.0","0.0","2026-05-20","0.0","0.0","9*14=126","Case","46.911","","360","61.5","Crestline New Jersey Inc"
"L260800523","","L19106","YOULING Mango Jujube 24bags*200g","Dried Vegetables","Jujube","YOULING","08-15-2026/0.0","0.0","2026-08-15","0.0","0.0","9*14=126","Case","46.911","","360","61.5","Crestline New Jersey Inc"
"L270100524","","R90169","Yuncheng Pineapple Vegetables 6bags*100g","Fruit & Vegetables","Vegetables","Yuncheng","01-20-2027/0.0","9.0","2027-01-20","17.0","17.0","11*12=132","Case","40.773","","60","53.5","Crestline New Jersey Inc"
"L261000525","","R90169","Yuncheng Pineapple Vegetables 6bags*100g","Fruit & Vegetables","Vegetables","Yuncheng","10-12-2026/0.0","8.0","2026-10-12","17.0","17.0","11*12=132","Case","40.773","Alert Date Reached","60","53.5","Crestline New Jersey Inc"
"L260500526","","R90169","Yuncheng Pineapple Vegetables 6bags*100g","Fruit & Vegetables","Vegetables","Yuncheng","05-11-2026/0.0","0.0","2026-05-11","17.0","17.0","11*12=132","Case","40.773","","60","53.5","Crestline New Jersey Inc"
"L270100527","","R32170","Yuncheng Five Spice Vegetables 30bags*500g","Fruit & Vegetables","Vegetables","Yuncheng","01-08-2027/0.0","1.0","2027-01-08","2.0","2.0","17*5=85","Case","45.396","","60","54.0","Crestline New Jersey Inc"
"L261200528","","R32170","Yuncheng Five Spice Vegetables 30bags*500g","Fruit & Vegetables","Vegetables","Yuncheng","12-31-2026/0.0","1.0","2026-12-31","2.0","2.0","17*5=85","Case","45.396","","60","54.0","Crestline New Jersey Inc"
"2026-06-25","","R32170","Yuncheng Five Spice Vegetables 30bags*500g","Fruit & Vegetables","Vegetables","Yuncheng","06-25-2026/0.0","0.0","2026-06-25","2.0","2.0","17*5=85","Case","45.396","","60","54.0","Crestline New Jersey Inc"
"L261200530","","G79195","Yuewei Lychee Oyster Sauce 6bags*70g","Seasonings","Oyster Sauce","Yuewei","12-14-2026/0.0","11707.0","2026-12-14","11707.0","12628.0","8*8=64","Case","16.073","","540","22.0","Crestline New Jersey Inc"
"L260100531","","G79195","Yuewei Lychee Oyster Sauce 6bags*70g","Seasonings","Oyster Sauce","Yuewei","01-15-2026/0.0","0.0","2026-01-15","11707.0","12628.0","8*8=64","Case","16.073","","540","22.0","Crestline New Jersey Inc"
"L270400532","","G61342","Yuewei Grape Sauces 10bags*100g","Seasonings","Sauces","Yuewei","04-16-2027/0.0","19.0","2027-04-16","38.0","38.0","4*12=48","Case","13.943","","540","19.5","Crestline New Jersey Inc"
"L270900533","","G61342","Yuewei Grape Sauces 10bags*100g","Seasonings","Sauces","Yuewei","09-17-2027/0.0","19.0","2027-09-17","38.0","38.0","4*12=48","Case","13.943","","540","19.5","Crestline New Jersey Inc"
"L270500534","","R04375","Maiqing Corn Fruit 6bags*400g","Fruit & Vegetables","Fruit","Maiqing","05-24-2027/0.0","3.0","2027-05-24","3.0","3.0","11*8=88","Case","33.389","","360","46.0","Crestline New Jersey Inc"
"L251200535","","R04375","Maiqing Corn Fruit 6bags*400g","Fruit & Vegetables","Fruit","Maiqing","12-13-2025/0.0","0.0","2025-12-13","3.0","3.0","11*8=88","Case","33.389","","360","46.0","Crestline New Jersey Inc"
"L261000536","","R80133","Maiqing Seafood Fruit 8bags*500g","Fruit & Vegetables","Fruit","Maiqing","10-09-2026/0.0","64.0","2026-10-09","192.0","207.0","10*7=70","Case","40.004","Alert Date Reached","360","54.5","Crestline New Jersey Inc"
"L270300537","","R80133","Maiqing Seafood Fruit 8bags*500g","Fruit & Vegetables","Fruit","Maiqing","03-20-2027/0.0","64.0","2027-03-20","192.0","207.0","10*7=70","Case","40.004","","360","54.5","Crestline New Jersey Inc"
"L270400538","","R80133","Maiqing Seafood Fruit 8bags*500g","Fruit & Vegetables","Fruit","Maiqing","04-04-2027/0.0","64.0","2027-04-04","192.0","207.0","10*7=70","Case","40.004","","360","54.5","Crestline New Jersey Inc"
"L260700539","","R80133","Maiqing Seafood Fruit 8bags*500g","Fruit & Vegetables","Fruit","Maiqing","07-19-2026/0.0","0.0","2026-07-19","192.0","207.0","10*7=70","Case","40.004","","360","54.5","Crestline New Jersey Inc"
"L270100540","","R37133","Maiqing Lemon Vegetables 6bags*1000g","Fruit & Vegetables","Vegetables","Maiqing","01-18-2027/0.0","33.0","2027-01-18","66.0","66.0","6*5=30","Case","17.686","","60","26.5","Crestline New Jersey Inc"
"L261200541","","R37133","Maiqing Lemon Vegetables 6bags*1000g","Fruit & Vegetables","Vegetables","Maiqing","12-28-2026/0.0","33.0","2026-12-28","66.0","66.0","6*5=30","Case","17.686","","60","26.5","Crestline New Jersey Inc"
"L260100542","","R37133","Maiqing Lemon Vegetables 6bags*1000g","Fruit & Vegetables","Vegetables","Maiqing","01-26-2026/0.0","0.0","2026-01-26","66.0","66.0","6*5=30","Case","17.686","","60","26.5","Crestline New Jersey Inc"
"2026-01-20","","R37133","Maiqing Lemon Vegetables 6bags*1000g","Fruit & Vegetables","Vegetables","Maiqing","01-20-2026/0.0","0.0","2026-01-20","66.0","66.0","6*5=30","Case","17.686","","60","26.5","Crestline New Jersey Inc"
"L271200544","","VPC92159","BAOCHUAN Corn Personal Care 60ml","Beauty & Health & Home","Personal Care","BAOCHUAN","12-30-2027/0.0","108.0","2027-12-30","322.0","322.0","18*14=252","each","17.401","","1095","999.0","Crestline New Jersey Inc"
"L290200545","","VPC92159","BAOCHUAN Corn Personal Care 60ml","Beauty & Health & Home","Personal Care","BAOCHUAN","02-24-2029/0.0","107.0","2029-02-24","322.0","322.0","18*14=252","each","17.401","","1095","20.5","Crestline New Jersey Inc"
"L261000546","","VPC92159","BAOCHUAN Corn Personal Care 60ml","Beauty & Health & Home","Personal Care","BAOCHUAN","10-28-2026/0.0","107.0","2026-10-28","322.0","322.0","18*14=252","each","17.401","Alert Date Reached","1095","20.5","Crestline New Jersey Inc"
"2025-09-17","","VPC92159","BAOCHUAN Corn Personal Care 60ml","Beauty & Health & Home","Personal Care","BAOCHUAN","09-17-2025/0.0","0.0","2025-09-17","322.0","322.0","18*14=252","each","17.401","","1095","20.5","Crestline New Jersey Inc"
"L290600548","","VPC62164","BAOCHUAN Lychee Personal Care 60ml","Beauty & Health & Home","Personal Care","BAOCHUAN","06-08-2029/0.0","12.0","2029-06-08","12.0","12.0","16*11=176","each","3.459","","1095","5.0","Crestline New Jersey Inc"
"L251100549","","VPC62164","BAOCHUAN Lychee Personal Care 60ml","Beauty & Health & Home","Personal Care","BAOCHUAN","11-03-2025/0.0","0.0","2025-11-03","12.0","12.0","16*11=176","each","3.459","","1095","5.0","Crestline New Jersey Inc"
"L270200550","","A84146","Songzhu Mango Milk 20btls*480ml","Beverages","Milk","Songzhu","02-22-2027/0.0","67.0","2027-02-22","134.0","134.0","6*13=78","Case","12.471","","360","15.0","Crestline New Jersey Inc"
"L261200551","","A84146","Songzhu Mango Milk 20btls*480ml","Beverages","Milk","Songzhu","12-26-2026/0.0","67.0","2026-12-26","134.0","134.0","6*13=78","Case","12.471","","360","15.0","Crestline New Jersey Inc"
"2026-04-05","","A84146","Songzhu Mango Milk 20btls*480ml","Beverages","Milk","Songzhu","04-05-2026/0.0","0.0","2026-04-05","134.0","134.0","6*13=78","Case","12.471","","360","15.0","Crestline New Jersey Inc"
"L270500553","","A05388","Songzhu Spicy Sparkling Water 12btls*330ml","Beverages","Sparkling Water","Songzhu","05-26-2027/0.0","5.0","2027-05-26","11.0","11.0","18*8=144","Case","17.141","","360","20.5","Crestline New Jersey Inc"
"L270300554","","A05388","Songzhu Spicy Sparkling Water 12btls*330ml","Beverages","Sparkling Water","Songzhu","03-24-2027/0.0","3.0","2027-03-24","11.0","11.0","18*8=144","Case","17.141","","360","20.5","Crestline New Jersey Inc"
"L270300555","","A05388","Songzhu Spicy Sparkling Water 12btls*330ml","Beverages","Sparkling Water","Songzhu","03-27-2027/0.0","3.0","2027-03-27","11.0","11.0","18*8=144","Case","17.141","","360","20.5","Crestline New Jersey Inc"
"L270300556","","A93121","Songzhu Beef Sparkling Water 24btls*480ml","Beverages","Sparkling Water","Songzhu","03-28-2027/0.0","4.0","2027-03-28","7.0","10.0","16*7=112","Case","11.741","","360","17.0","Crestline New Jersey Inc"
"L270800557","","A93121","Songzhu Beef Sparkling Water 24btls*480ml","Beverages","Sparkling Water","Songzhu","08-21-2027/0.0","3.0","2027-08-21","7.0","10.0","16*7=112","Case","11.741","","360","17.0","Crestline New Jersey Inc"
"L280100558","","C76239","Songzhu Vanilla Drink Powder/Blocks 20btls*280ml","Beverages","Drink Powder/Blocks","Songzhu","01-01-2028/0.0","7.0","2028-01-01","14.0","14.0","6*12=72","Case","16.87","","540","22.0","Crestline New Jersey Inc"
"L261200559","","C76239","Songzhu Vanilla Drink Powder/Blocks 20btls*280ml","Beverages","Drink Powder/Blocks","Songzhu","12-02-2026/0.0","7.0","2026-12-02","14.0","14.0","6*12=72","Case","16.87","","540","22.0","Crestline New Jersey Inc"
"L270800560","","A52240","Songzhu Grape Sparkling Water 20btls*330ml","Beverages","Sparkling Water","Songzhu","08-21-2027/0.0","3.0","2027-08-21","6.0","13.0","","Case","16.685","","360","22.5","Crestline New Jersey Inc"
"L270800561","","A52240","Songzhu Grape Sparkling Water 20btls*330ml","Beverages","Sparkling Water","Songzhu","08-11-2027/0.0","3.0","2027-08-11","6.0","13.0","","Case","16.685","","360","22.5","Crestline New Jersey Inc"
"L251100562","","A52240","Songzhu Grape Sparkling Water 20btls*330ml","Beverages","Sparkling Water","Songzhu","11-09-2025/0.0","0.0","2025-11-09","6.0","13.0","","Case","16.685","","360","22.5","Crestline New Jersey Inc"
"2025-11-13","","A52240","Songzhu Grape Sparkling Water 20btls*330ml","Beverages","Sparkling Water","Songzhu","11-13-2025/0.0","0.0","2025-11-13","6.0","13.0","","Case","16.685","","360","22.5","Crestline New Jersey Inc"
"L280400564","","VHB56132","Wanyuan Spicy Hair Care 250ml","Beauty & Health & Home","Hair Care","Wanyuan","04-16-2028/0.0","30.0","2028-04-16","88.0","88.0","","each","17.313","","1095","999.0","Crestline New Jersey Inc"
"L260800565","","VHB56132","Wanyuan Spicy Hair Care 250ml","Beauty & Health & Home","Hair Care","Wanyuan","08-04-2026/0.0","29.0","2026-08-04","88.0","88.0","","each","17.313","Alert Date Reached","1095","19.5","Crestline New Jersey Inc"
"L271000566","","VHB56132","Wanyuan Spicy Hair Care 250ml","Beauty & Health & Home","Hair Care","Wanyuan","10-12-2027/0.0","29.0","2027-10-12","88.0","88.0","","each","17.313","","1095","19.5","Crestline New Jersey Inc"
"2026-06-07","","VHB56132","Wanyuan Spicy Hair Care 250ml","Beauty & Health & Home","Hair Care","Wanyuan","06-07-2026/0.0","0.0","2026-06-07","88.0","88.0","","each","17.313","","1095","19.5","Crestline New Jersey Inc"
"L250900568","","VHB56132","Wanyuan Spicy Hair Care 250ml","Beauty & Health & Home","Hair Care","Wanyuan","09-27-2025/0.0","0.0","2025-09-27","88.0","88.0","","each","17.313","","1095","19.5","Crestline New Jersey Inc"
"L270100569","","VBB20311","Wanyuan Tomato Baby Products 150ml","Beauty & Health & Home","Baby Products","Wanyuan","01-18-2027/0.0","45.0","2027-01-18","133.0","133.0","","each","16.055","","1095","22.0","Crestline New Jersey Inc"
"L261100570","","VBB20311","Wanyuan Tomato Baby Products 150ml","Beauty & Health & Home","Baby Products","Wanyuan","11-01-2026/0.0","44.0","2026-11-01","133.0","133.0","","each","16.055","Alert Date Reached","1095","22.0","Crestline New Jersey Inc"
"L270400571","","VBB20311","Wanyuan Tomato Baby Products 150ml","Beauty & Health & Home","Baby Products","Wanyuan","04-01-2027/0.0","44.0","2027-04-01","133.0","133.0","","each","16.055","","1095","22.0","Crestline New Jersey Inc"
"L261000572","","G82319","MEIJIN Peach Soy Sauce 24bags*200g","Seasonings","Soy Sauce","MEIJIN","10-02-2026/0.0","4.0","2026-10-02","10.0","10.0","5*11=55","Case","11.84","Alert Date Reached","540","16.5","Crestline New Jersey Inc"
"L271100573","","G82319","MEIJIN Peach Soy Sauce 24bags*200g","Seasonings","Soy Sauce","MEIJIN","11-30-2027/0.0","3.0","2027-11-30","10.0","10.0","5*11=55","Case","11.84","","540","16.5","Crestline New Jersey Inc"
"L271000574","","G82319","MEIJIN Peach Soy Sauce 24bags*200g","Seasonings","Soy Sauce","MEIJIN","10-23-2027/0.0","3.0","2027-10-23","10.0","10.0","5*11=55","Case","11.84","","540","16.5","Crestline New Jersey Inc"
"L270100575","","E33313","MEIJIN Osmanthus Black Pepper 6bags*1000g","Seasonings","Black Pepper","MEIJIN","01-05-2027/0.0","5.0","2027-01-05","9.0","9.0","","Case","38.466","","1000","45.5","Crestline New Jersey Inc"
"L290200576","","E33313","MEIJIN Osmanthus Black Pepper 6bags*1000g","Seasonings","Black Pepper","MEIJIN","02-27-2029/0.0","4.0","2029-02-27","9.0","9.0","","Case","38.466","","1000","45.5","Crestline New Jersey Inc"
"L260300577","","E33313","MEIJIN Osmanthus Black Pepper 6bags*1000g","Seasonings","Black Pepper","MEIJIN","03-01-2026/0.0","0.0","2026-03-01","9.0","9.0","","Case","38.466","","1000","45.5","Crestline New Jersey Inc"
"L251200578","","E33313","MEIJIN Osmanthus Black Pepper 6bags*1000g","Seasonings","Black Pepper","MEIJIN","12-18-2025/0.0","0.0","2025-12-18","9.0","9.0","","Case","38.466","","1000","999.0","Crestline New Jersey Inc"
"L290700579","","VBB87171","Youle Milk Baby Products 500ml","Beauty & Health & Home","Baby Products","Youle","07-28-2029/0.0","265.0","2029-07-28","265.0","265.0","10*5=50","each","17.461","","1095","20.5","Crestline New Jersey Inc"
"2026-02-23","","VBB87171","Youle Milk Baby Products 500ml","Beauty & Health & Home","Baby Products","Youle","02-23-2026/0.0","0.0","2026-02-23","265.0","265.0","10*5=50","each","17.461","","1095","20.5","Crestline New Jersey Inc"
"L260400581","","VBB87171","Youle Milk Baby Products 500ml","Beauty & Health & Home","Baby Products","Youle","04-17-2026/0.0","0.0","2026-04-17","265.0","265.0","10*5=50","each","17.461","","1095","20.5","Crestline New Jersey Inc"
"L270900582","","VHB80201","Youle Honey Bath & Body Care 250ml","Beauty & Health & Home","Bath & Body Care","Youle","09-30-2027/0.0","92.0","2027-09-30","272.0","272.0","","each","9.397","","1095","10.5","Crestline New Jersey Inc"
"L290300583","","VHB80201","Youle Honey Bath & Body Care 250ml","Beauty & Health & Home","Bath & Body Care","Youle","03-11-2029/0.0","90.0","2029-03-11","272.0","272.0","","each","9.397","","1095","10.5","Crestline New Jersey Inc"
"L270100584","","VHB80201","Youle Honey Bath & Body Care 250ml","Beauty & Health & Home","Bath & Body Care","Youle","01-31-2027/0.0","90.0","2027-01-31","272.0","272.0","","each","9.397","","1095","10.5","Crestline New Jersey Inc"
"L261100585","","VSC45173","Youle Original Skin Care 400ml","Beauty & Health & Home","Skin Care","Youle","11-26-2026/0.0","293.0","2026-11-26","293.0","293.0","","each","4.659","","1095","6.0","Crestline New Jersey Inc"
"L281000586","","VPC79398","Youle Sea Salt Personal Care 24bags*1000g","Beauty & Health & Home","Personal Care","Youle","10-20-2028/0.0","0.0","2028-10-20","0.0","0.0","14*13=182","Case","15.658","","1095","19.0","Crestline New Jersey Inc"
"L280400587","","VPC79398","Youle Sea Salt Personal Care 24bags*1000g","Beauty & Health & Home","Personal Care","Youle","04-13-2028/0.0","0.0","2028-04-13","0.0","0.0","14*13=182","Case","15.658","","1095","19.0","Crestline New Jersey Inc"
"L251000588","","VPC79398","Youle Sea Salt Personal Care 24bags*1000g","Beauty & Health & Home","Personal Care","Youle","10-04-2025/0.0","0.0","2025-10-04","0.0","0.0","14*13=182","Case","15.658","","1095","19.0","Crestline New Jersey Inc"
"L260500589","","VPC79398","Youle Sea Salt Personal Care 24bags*1000g","Beauty & Health & Home","Personal Care","Youle","05-24-2026/0.0","0.0","2026-05-24","0.0","0.0","14*13=182","Case","15.658","","1095","19.0","Crestline New Jersey Inc"
"L270400590","","G71266","ZHUYUN Pineapple Syrup 8bags*70g","Honey & Jam","Syrup","ZHUYUN","04-04-2027/0.0","2.0","2027-04-04","2.0","2.0","13*5=65","Case","25.79","","720","29.5","Crestline New Jersey Inc"
"L260600591","","G71266","ZHUYUN Pineapple Syrup 8bags*70g","Honey & Jam","Syrup","ZHUYUN","06-23-2026/0.0","0.0","2026-06-23","2.0","2.0","13*5=65","Case","25.79","","720","29.5","Crestline New Jersey Inc"
"L270100592","","G71266","ZHUYUN Pineapple Syrup 8bags*70g","Honey & Jam","Syrup","ZHUYUN","01-11-2027/0.0","0.0","2027-01-11","2.0","2.0","13*5=65","Case","25.79","","720","29.5","Crestline New Jersey Inc"
"2026-05-08","","G71266","ZHUYUN Pineapple Syrup 8bags*70g","Honey & Jam","Syrup","ZHUYUN","05-08-2026/0.0","0.0","2026-05-08","2.0","2.0","13*5=65","Case","25.79","","720","29.5","Crestline New Jersey Inc"
"L251200594","","G71266","ZHUYUN Pineapple Syrup 8bags*70g","Honey & Jam","Syrup","ZHUYUN","12-25-2025/0.0","0.0","2025-12-25","2.0","2.0","13*5=65","Case","25.79","","720","29.5","Crestline New Jersey Inc"
"L271000595","","E39262","ZHUYUN Coconut White Sugar 10bags*400g","Honey & Jam","White Sugar","ZHUYUN","10-08-2027/0.0","33.0","2027-10-08","33.0","33.0","16*14=224","Case","31.687","","1080","38.0","Crestline New Jersey Inc"
"L260600596","","E39262","ZHUYUN Coconut White Sugar 10bags*400g","Honey & Jam","White Sugar","ZHUYUN","06-25-2026/0.0","0.0","2026-06-25","33.0","33.0","16*14=224","Case","31.687","","1080","38.0","Crestline New Jersey Inc"
"L280300597","","E70125","ZHUYUN BBQ White Sugar 12bags*500g","Honey & Jam","White Sugar","ZHUYUN","03-07-2028/0.0","6.0","2028-03-07","11.0","11.0","15*11=165","Case","36.924","","1080","44.5","Crestline New Jersey Inc"
"L271200598","","E70125","ZHUYUN BBQ White Sugar 12bags*500g","Honey & Jam","White Sugar","ZHUYUN","12-29-2027/0.0","5.0","2027-12-29","11.0","11.0","15*11=165","Case","36.924","","1080","44.5","Crestline New Jersey Inc"
"2026-01-03","","E70125","ZHUYUN BBQ White Sugar 12bags*500g","Honey & Jam","White Sugar","ZHUYUN","01-03-2026/0.0","0.0","2026-01-03","11.0","11.0","15*11=165","Case","36.924","","1080","44.5","Crestline New Jersey Inc"
"L270400600","","G35392","Yuanxiang Spicy Sesame Paste 6bags*150g","Seasonings","Sesame Paste","Yuanxiang","04-08-2027/0.0","9.0","2027-04-08","23.0","23.0","15*6=90","Case","40.323","","360","46.0","Crestline New Jersey Inc"
"L270600601","","G35392","Yuanxiang Spicy Sesame Paste 6bags*150g","Seasonings","Sesame Paste","Yuanxiang","06-05-2027/0.0","7.0","2027-06-05","23.0","23.0","15*6=90","Case","40.323","","360","46.0","Crestline New Jersey Inc"
"L260700602","","G35392","Yuanxiang Spicy Sesame Paste 6bags*150g","Seasonings","Sesame Paste","Yuanxiang","07-22-2026/0.0","7.0","2026-07-22","23.0","23.0","15*6=90","Case","40.323","Alert Date Reached","360","46.0","Crestline New Jersey Inc"
"L280600603","","G04390","Yuanxiang Grape Chili Sauce 10bags*500g","Seasonings","Chili Sauce","Yuanxiang","06-06-2028/0.0","1.0","2028-06-06","1.0","1.0","16*10=160","Case","44.631","","720","55.5","Crestline New Jersey Inc"
"L261000604","","C99216","CHENBAO Oolong Drink Powder/Blocks 10bags*200g","Instant Drinks","Drink Powder/Blocks","CHENBAO","10-22-2026/0.0","14.0","2026-10-22","27.0","27.0","7*8=56","Case","27.866","Alert Date Reached","720","33.0","Crestline New Jersey Inc"
"L261100605","","C99216","CHENBAO Oolong Drink Powder/Blocks 10bags*200g","Instant Drinks","Drink Powder/Blocks","CHENBAO","11-08-2026/0.0","13.0","2026-11-08","27.0","27.0","7*8=56","Case","27.866","Alert Date Reached","720","33.0","Crestline New Jersey Inc"
"L270800606","","G69350","ANZHU Original Oyster Sauce 10bags*100g","Seasonings","Oyster Sauce","ANZHU","08-24-2027/0.0","0.0","2027-08-24","0.0","0.0","9*13=117","Case","32.985","","540","45.5","Crestline New Jersey Inc"
"L260600607","","G69350","ANZHU Original Oyster Sauce 10bags*100g","Seasonings","Oyster Sauce","ANZHU","06-07-2026/0.0","0.0","2026-06-07","0.0","0.0","9*13=117","Case","32.985","","540","45.5","Crestline New Jersey Inc"
"L270100608","","G44345","ANZHU Strawberry Dipping Sauce 24bags*70g","Seasonings","Dipping Sauce","ANZHU","01-15-2027/0.0","194.0","2027-01-15","388.0","388.0","","Case","13.718","","360","999.0","Crestline New Jersey Inc"
"L270100609","","G44345","ANZHU Strawberry Dipping Sauce 24bags*70g","Seasonings","Dipping Sauce","ANZHU","01-13-2027/0.0","194.0","2027-01-13","388.0","388.0","","Case","13.718","","360","20.0","Crestline New Jersey Inc"
"L270400610","","G65293","ANZHU Chocolate Chili Sauce 24bags*500g","Seasonings","Chili Sauce","ANZHU","04-07-2027/0.0","10.0","2027-04-07","19.0","19.0","17*14=238","Case","44.0","","720","53.5","Crestline New Jersey Inc"
"L280200611","","G65293","ANZHU Chocolate Chili Sauce 24bags*500g","Seasonings","Chili Sauce","ANZHU","02-26-2028/0.0","9.0","2028-02-26","19.0","19.0","17*14=238","Case","44.0","","720","53.5","Crestline New Jersey Inc"
"2026-02-08","","G65293","ANZHU Chocolate Chili Sauce 24bags*500g","Seasonings","Chili Sauce","ANZHU","02-08-2026/0.0","0.0","2026-02-08","19.0","19.0","17*14=238","Case","44.0","","720","53.5","Crestline New Jersey Inc"
"L281200613","","E54384","ANZHU Osmanthus Chili Seasonings 12bags*70g","Seasonings","Chili Seasonings","ANZHU","12-30-2028/0.0","64.0","2028-12-30","192.0","192.0","","Case","32.85","","1080","39.5","Crestline New Jersey Inc"
"L270100614","","E54384","ANZHU Osmanthus Chili Seasonings 12bags*70g","Seasonings","Chili Seasonings","ANZHU","01-01-2027/0.0","64.0","2027-01-01","192.0","192.0","","Case","32.85","","1080","39.5","Crestline New Jersey Inc"
"L290400615","","E54384","ANZHU Osmanthus Chili Seasonings 12bags*70g","Seasonings","Chili Seasonings","ANZHU","04-17-2029/0.0","64.0","2029-04-17","192.0","192.0","","Case","32.85","","1080","39.5","Crestline New Jersey Inc"
"L261100616","","E55114","ANZHU Melon Garlic 1bag*50lb","Seasonings","Garlic","ANZHU","11-12-2026/0.0","41.0","2026-11-12","41.0","41.0","17*7=119","Bag","43.48","Alert Date Reached","1080","58.0","Crestline New Jersey Inc"
"L270700617","","E52272","ANZHU Jujube Chili Seasonings 10bags*200g","Seasonings","Chili Seasonings","ANZHU","07-19-2027/0.0","139.0","2027-07-19","415.0","500.0","11*14=154","Case","25.304","","1080","29.0","Crestline New Jersey Inc"
"L281200618","","E52272","ANZHU Jujube Chili Seasonings 10bags*200g","Seasonings","Chili Seasonings","ANZHU","12-13-2028/0.0","138.0","2028-12-13","415.0","500.0","11*14=154","Case","25.304","","1080","29.0","Crestline New Jersey Inc"
"L261100619","","E52272","ANZHU Jujube Chili Seasonings 10bags*200g","Seasonings","Chili Seasonings","ANZHU","11-09-2026/0.0","138.0","2026-11-09","415.0","500.0","11*14=154","Case","25.304","Alert Date Reached","1080","29.0","Crestline New Jersey Inc"
"L261000620","","G42203","Shunling Pickled Vegetable MSG&Seasoning Powder 20bags*70g","Seasonings","MSG&Seasoning Powder","Shunling","10-28-2026/0.0","0.0","2026-10-28","0.0","2.0","6*11=66","Case","17.729","","720","23.0","Crestline New Jersey Inc"
"L280500621","","G42203","Shunling Pickled Vegetable MSG&Seasoning Powder 20bags*70g","Seasonings","MSG&Seasoning Powder","Shunling","05-09-2028/0.0","0.0","2028-05-09","0.0","2.0","6*11=66","Case","17.729","","720","23.0","Crestline New Jersey Inc"
"L280700622","","G42203","Shunling Pickled Vegetable MSG&Seasoning Powder 20bags*70g","Seasonings","MSG&Seasoning Powder","Shunling","07-29-2028/0.0","0.0","2028-07-29","0.0","2.0","6*11=66","Case","17.729","","720","23.0","Crestline New Jersey Inc"
"L270500623","","E66311","Shunling Grape Chili Seasonings 30bags*1000g","Seasonings","Chili Seasonings","Shunling","05-25-2027/0.0","14.0","2027-05-25","40.0","42.0","","Case","23.087","","1080","26.0","Crestline New Jersey Inc"
"L270500624","","E66311","Shunling Grape Chili Seasonings 30bags*1000g","Seasonings","Chili Seasonings","Shunling","05-17-2027/0.0","13.0","2027-05-17","40.0","42.0","","Case","23.087","","1080","999.0","Crestline New Jersey Inc"
"L261000625","","E66311","Shunling Grape Chili Seasonings 30bags*1000g","Seasonings","Chili Seasonings","Shunling","10-05-2026/0.0","13.0","2026-10-05","40.0","42.0","","Case","23.087","Alert Date Reached","1080","26.0","Crestline New Jersey Inc"
"2026-02-17","","E66311","Shunling Grape Chili Seasonings 30bags*1000g","Seasonings","Chili Seasonings","Shunling","02-17-2026/0.0","0.0","2026-02-17","40.0","42.0","","Case","23.087","","1080","26.0","Crestline New Jersey Inc"
"L251200627","","E66311","Shunling Grape Chili Seasonings 30bags*1000g","Seasonings","Chili Seasonings","Shunling","12-24-2025/0.0","0.0","2025-12-24","40.0","42.0","","Case","23.087","","1080","26.0","Crestline New Jersey Inc"
"L281100628","","I81372","Tianxian Brown Sugar Soybean Oil 24bags*400g","Cooking Oil","Soybean Oil","Tianxian","11-11-2028/0.0","122.0","2028-11-11","244.0","248.0","5*7=35","Case","27.279","","1080","30.5","Crestline New Jersey Inc"
"L280400629","","I81372","Tianxian Brown Sugar Soybean Oil 24bags*400g","Cooking Oil","Soybean Oil","Tianxian","04-30-2028/0.0","122.0","2028-04-30","244.0","248.0","5*7=35","Case","27.279","","1080","30.5","Crestline New Jersey Inc"
"2026-07-28","","I81372","Tianxian Brown Sugar Soybean Oil 24bags*400g","Cooking Oil","Soybean Oil","Tianxian","07-28-2026/0.0","0.0","2026-07-28","244.0","248.0","5*7=35","Case","27.279","","1080","30.5","Crestline New Jersey Inc"
"L261100631","","VHS74316","Qiaohe Pickled Vegetable Health & Nutrition Drinks 500ml","Beauty & Health & Home","Health & Nutrition Drinks","Qiaohe","11-11-2026/0.0","1911.0","2026-11-11","1911.0","2365.0","16*13=208","each","15.603","Alert Date Reached","1095","18.0","Crestline New Jersey Inc"
"2026-08-21","","VHS74316","Qiaohe Pickled Vegetable Health & Nutrition Drinks 500ml","Beauty & Health & Home","Health & Nutrition Drinks","Qiaohe","08-21-2026/0.0","0.0","2026-08-21","1911.0","2365.0","16*13=208","each","15.603","","1095","18.0","Crestline New Jersey Inc"
"L271000633","","VPC03266","Qiaohe Pickled Vegetable Personal Care 24bags*100g","Beauty & Health & Home","Personal Care","Qiaohe","10-20-2027/0.0","0.0","2027-10-20","0.0","0.0","18*7=126","Case","15.321","","1095","23.0","Crestline New Jersey Inc"
"L270400634","","VPC03266","Qiaohe Pickled Vegetable Personal Care 24bags*100g","Beauty & Health & Home","Personal Care","Qiaohe","04-02-2027/0.0","0.0","2027-04-02","0.0","0.0","18*7=126","Case","15.321","","1095","999.0","Crestline New Jersey Inc"
"L261200635","","VPC03266","Qiaohe Pickled Vegetable Personal Care 24bags*100g","Beauty & Health & Home","Personal Care","Qiaohe","12-06-2026/0.0","0.0","2026-12-06","0.0","0.0","18*7=126","Case","15.321","","1095","23.0","Crestline New Jersey Inc"
"L260400636","","VPC03266","Qiaohe Pickled Vegetable Personal Care 24bags*100g","Beauty & Health & Home","Personal Care","Qiaohe","04-28-2026/0.0","0.0","2026-04-28","0.0","0.0","18*7=126","Case","15.321","","1095","23.0","Crestline New Jersey Inc"
"L260600637","","VPC03266","Qiaohe Pickled Vegetable Personal Care 24bags*100g","Beauty & Health & Home","Personal Care","Qiaohe","06-17-2026/0.0","0.0","2026-06-17","0.0","0.0","18*7=126","Case","15.321","","1095","23.0","Crestline New Jersey Inc"
"L271000638","","VMU93251","Qiaohe BBQ Cosmetics 150ml","Beauty & Health & Home","Cosmetics","Qiaohe","10-30-2027/0.0","438.0","2027-10-30","1312.0","1312.0","5*12=60","each","13.812","","1095","17.5","Crestline New Jersey Inc"
"L281000639","","VMU93251","Qiaohe BBQ Cosmetics 150ml","Beauty & Health & Home","Cosmetics","Qiaohe","10-18-2028/0.0","437.0","2028-10-18","1312.0","1312.0","5*12=60","each","13.812","","1095","17.5","Crestline New Jersey Inc"
"L280800640","","VMU93251","Qiaohe BBQ Cosmetics 150ml","Beauty & Health & Home","Cosmetics","Qiaohe","08-23-2028/0.0","437.0","2028-08-23","1312.0","1312.0","5*12=60","each","13.812","","1095","17.5","Crestline New Jersey Inc"
"L260400641","","VMU93251","Qiaohe BBQ Cosmetics 150ml","Beauty & Health & Home","Cosmetics","Qiaohe","04-11-2026/0.0","0.0","2026-04-11","1312.0","1312.0","5*12=60","each","13.812","","1095","17.5","Crestline New Jersey Inc"
"2026-01-21","","VMU93251","Qiaohe BBQ Cosmetics 150ml","Beauty & Health & Home","Cosmetics","Qiaohe","01-21-2026/0.0","0.0","2026-01-21","1312.0","1312.0","5*12=60","each","13.812","","1095","17.5","Crestline New Jersey Inc"
"L261000643","","B90195","Lingyou Beef Preserved & Dried Fruit 10bags*200g","Candy & Snacks","Preserved & Dried Fruit","Lingyou","10-16-2026/0.0","8.0","2026-10-16","16.0","17.0","10*6=60","Case","28.059","Alert Date Reached","360","41.0","Crestline New Jersey Inc"
"L270200644","","B90195","Lingyou Beef Preserved & Dried Fruit 10bags*200g","Candy & Snacks","Preserved & Dried Fruit","Lingyou","02-22-2027/0.0","8.0","2027-02-22","16.0","17.0","10*6=60","Case","28.059","","360","41.0","Crestline New Jersey Inc"
"L270400645","","B66320","Lingyou Lychee Seasoned Vegetarian Snacks 30bags*150g","Candy & Snacks","Seasoned Vegetarian Snacks","Lingyou","04-17-2027/0.0","59.0","2027-04-17","173.0","173.0","18*5=90","Case","31.341","","240","42.5","Crestline New Jersey Inc"
"L270400646","","B66320","Lingyou Lychee Seasoned Vegetarian Snacks 30bags*150g","Candy & Snacks","Seasoned Vegetarian Snacks","Lingyou","04-17-2027/0.0","57.0","2027-04-17","173.0","173.0","18*5=90","Case","31.341","","240","42.5","Crestline New Jersey Inc"
"L270300647","","B66320","Lingyou Lychee Seasoned Vegetarian Snacks 30bags*150g","Candy & Snacks","Seasoned Vegetarian Snacks","Lingyou","03-07-2027/0.0","57.0","2027-03-07","173.0","173.0","18*5=90","Case","31.341","","240","42.5","Crestline New Jersey Inc"
"L270100648","","B34213","Lingyou Beef Pie 10bags*200g","Candy & Snacks","Pie","Lingyou","01-21-2027/0.0","1.0","2027-01-21","3.0","11.0","","Case","18.171","","300","27.5","Crestline New Jersey Inc"
"L270300649","","B34213","Lingyou Beef Pie 10bags*200g","Candy & Snacks","Pie","Lingyou","03-15-2027/0.0","1.0","2027-03-15","3.0","11.0","","Case","18.171","","300","27.5","Crestline New Jersey Inc"
"L270400650","","B34213","Lingyou Beef Pie 10bags*200g","Candy & Snacks","Pie","Lingyou","04-27-2027/0.0","1.0","2027-04-27","3.0","11.0","","Case","18.171","","300","27.5","Crestline New Jersey Inc"
"L270400651","","B15255","Lingyou Garlic Candy 8bags*70g","Candy & Snacks","Candy","Lingyou","04-18-2027/0.0","258.0","2027-04-18","258.0","264.0","","Case","28.755","","540","41.0","Crestline New Jersey Inc"
"L260300652","","B15255","Lingyou Garlic Candy 8bags*70g","Candy & Snacks","Candy","Lingyou","03-25-2026/0.0","0.0","2026-03-25","258.0","264.0","","Case","28.755","","540","41.0","Crestline New Jersey Inc"
"L250800653","","B15255","Lingyou Garlic Candy 8bags*70g","Candy & Snacks","Candy","Lingyou","08-23-2025/0.0","0.0","2025-08-23","258.0","264.0","","Case","28.755","","540","41.0","Crestline New Jersey Inc"
"L270300654","","B36263","Lingyou Beef Biscuits & Pastries&Cakes 8bags*100g","Candy & Snacks","Biscuits & Pastries&Cakes","Lingyou","03-11-2027/0.0","14.0","2027-03-11","27.0","27.0","","Case","32.507","","360","38.5","Crestline New Jersey Inc"
"L270300655","","B36263","Lingyou Beef Biscuits & Pastries&Cakes 8bags*100g","Candy & Snacks","Biscuits & Pastries&Cakes","Lingyou","03-15-2027/0.0","13.0","2027-03-15","27.0","27.0","","Case","32.507","","360","38.5","Crestline New Jersey Inc"
"L260400656","","B36263","Lingyou Beef Biscuits & Pastries&Cakes 8bags*100g","Candy & Snacks","Biscuits & Pastries&Cakes","Lingyou","04-05-2026/0.0","0.0","2026-04-05","27.0","27.0","","Case","32.507","","360","38.5","Crestline New Jersey Inc"
"L270400657","","I65247","Xisong Peach Sichuan Pepper Oil 8bags*100g","Cooking Oil","Sichuan Pepper Oil","Xisong","04-18-2027/0.0","1.0","2027-04-18","1.0","1.0","9*12=108","Case","24.275","","540","35.0","Crestline New Jersey Inc"
"2026-02-15","","I65247","Xisong Peach Sichuan Pepper Oil 8bags*100g","Cooking Oil","Sichuan Pepper Oil","Xisong","02-15-2026/0.0","0.0","2026-02-15","1.0","1.0","9*12=108","Case","24.275","","540","35.0","Crestline New Jersey Inc"
"2026-06-06","","I65247","Xisong Peach Sichuan Pepper Oil 8bags*100g","Cooking Oil","Sichuan Pepper Oil","Xisong","06-06-2026/0.0","0.0","2026-06-06","1.0","1.0","9*12=108","Case","24.275","","540","35.0","Crestline New Jersey Inc"
"L261100660","","I42240","Xisong Honey Peanut Oil 10bags*400g","Cooking Oil","Peanut Oil","Xisong","11-02-2026/0.0","50.0","2026-11-02","50.0","50.0","5*12=60","Case","12.251","Alert Date Reached","540","15.5","Crestline New Jersey Inc"
"L261000661","","I40137","Xisong Seafood Sichuan Pepper Oil 6bags*200g","Cooking Oil","Sichuan Pepper Oil","Xisong","10-17-2026/0.0","1.0","2026-10-17","1.0","1.0","17*9=153","Case","23.504","Alert Date Reached","540","27.5","Crestline New Jersey Inc"
"L270800662","","I40137","Xisong Seafood Sichuan Pepper Oil 6bags*200g","Cooking Oil","Sichuan Pepper Oil","Xisong","08-30-2027/0.0","0.0","2027-08-30","1.0","1.0","17*9=153","Case","23.504","","540","27.5","Crestline New Jersey Inc"
"L271100663","","I40137","Xisong Seafood Sichuan Pepper Oil 6bags*200g","Cooking Oil","Sichuan Pepper Oil","Xisong","11-02-2027/0.0","0.0","2027-11-02","1.0","1.0","17*9=153","Case","23.504","","540","27.5","Crestline New Jersey Inc"
"L270400664","","I05237","Xisong Pineapple Sichuan Pepper Oil 30bags*70g","Cooking Oil","Sichuan Pepper Oil","Xisong","04-12-2027/0.0","5.0","2027-04-12","11.0","11.0","13*8=104","Case","26.953","","540","34.0","Crestline New Jersey Inc"
"L280100665","","I05237","Xisong Pineapple Sichuan Pepper Oil 30bags*70g","Cooking Oil","Sichuan Pepper Oil","Xisong","01-06-2028/0.0","3.0","2028-01-06","11.0","11.0","13*8=104","Case","26.953","","540","34.0","Crestline New Jersey Inc"
"L261200666","","I05237","Xisong Pineapple Sichuan Pepper Oil 30bags*70g","Cooking Oil","Sichuan Pepper Oil","Xisong","12-03-2026/0.0","3.0","2026-12-03","11.0","11.0","13*8=104","Case","26.953","","540","34.0","Crestline New Jersey Inc"
"L261200667","","VBB25279","CHUANBAO Lemon Baby Products 200ml","Beauty & Health & Home","Baby Products","CHUANBAO","12-03-2026/0.0","116.0","2026-12-03","116.0","116.0","18*9=162","each","12.027","","1095","14.5","Crestline New Jersey Inc"
"L251100668","","VBB25279","CHUANBAO Lemon Baby Products 200ml","Beauty & Health & Home","Baby Products","CHUANBAO","11-17-2025/0.0","0.0","2025-11-17","116.0","116.0","18*9=162","each","12.027","","1095","14.5","Crestline New Jersey Inc"
"L260500669","","VBB25279","CHUANBAO Lemon Baby Products 200ml","Beauty & Health & Home","Baby Products","CHUANBAO","05-21-2026/0.0","0.0","2026-05-21","116.0","116.0","18*9=162","each","12.027","","1095","14.5","Crestline New Jersey Inc"
"L270300670","","VHK93396","CHUANBAO Pickled Vegetable Home Cleaning 250ml","Beauty & Health & Home","Home Cleaning","CHUANBAO","03-01-2027/0.0","23.0","2027-03-01","23.0","24.0","14*11=154","each","18.5","","1095","22.0","Crestline New Jersey Inc"
"L280500671","","VSC27214","CHUANBAO Lychee Skin Care 250ml","Beauty & Health & Home","Skin Care","CHUANBAO","05-27-2028/0.0","15.0","2028-05-27","30.0","94.0","","each","3.286","","1095","4.5","Crestline New Jersey Inc"
"L271100672","","VSC27214","CHUANBAO Lychee Skin Care 250ml","Beauty & Health & Home","Skin Care","CHUANBAO","11-27-2027/0.0","15.0","2027-11-27","30.0","94.0","","each","3.286","","1095","4.5","Crestline New Jersey Inc"
"L290100673","","E27390","XIANGYOU Oolong Chili Seasonings 8bags*1000g","Seasonings","Chili Seasonings","XIANGYOU","01-10-2029/0.0","36.0","2029-01-10","71.0","88.0","","Case","51.177","","1080","57.0","Crestline New Jersey Inc"
"L280200674","","E27390","XIANGYOU Oolong Chili Seasonings 8bags*1000g","Seasonings","Chili Seasonings","XIANGYOU","02-17-2028/0.0","35.0","2028-02-17","71.0","88.0","","Case","51.177","","1080","999.0","Crestline New Jersey Inc"
"2025-11-21","","E27390","XIANGYOU Oolong Chili Seasonings 8bags*1000g","Seasonings","Chili Seasonings","XIANGYOU","11-21-2025/0.0","0.0","2025-11-21","71.0","88.0","","Case","51.177","","1080","57.0","Crestline New Jersey Inc"
"2026-03-13","","E27390","XIANGYOU Oolong Chili Seasonings 8bags*1000g","Seasonings","Chili Seasonings","XIANGYOU","03-13-2026/0.0","0.0","2026-03-13","71.0","88.0","","Case","51.177","","1080","57.0","Crestline New Jersey Inc"
"L270200677","","G50228","XIANGYOU Red Bean Cooking Wine 20bags*100g","Seasonings","Cooking Wine","XIANGYOU","02-21-2027/0.0","97.0","2027-02-21","194.0","194.0","18*13=234","Case","38.655","","540","44.0","Crestline New Jersey Inc"
"L271100678","","G50228","XIANGYOU Red Bean Cooking Wine 20bags*100g","Seasonings","Cooking Wine","XIANGYOU","11-06-2027/0.0","97.0","2027-11-06","194.0","194.0","18*13=234","Case","38.655","","540","44.0","Crestline New Jersey Inc"
"L260200679","","G50228","XIANGYOU Red Bean Cooking Wine 20bags*100g","Seasonings","Cooking Wine","XIANGYOU","02-21-2026/0.0","0.0","2026-02-21","194.0","194.0","18*13=234","Case","38.655","","540","44.0","Crestline New Jersey Inc"
"L270300680","","Z61305","Shunfeng Seafood Detergent 30bags*400g","Kitchenware","Detergent","Shunfeng","03-19-2027/0.0","0.0","2027-03-19","0.0","0.0","14*10=140","Case","39.65","","360","46.0","Crestline New Jersey Inc"
"L270700681","","Z85396","Shunfeng Tomato Detergent 10bags*100g","Kitchenware","Detergent","Shunfeng","07-10-2027/0.0","36.0","2027-07-10","104.0","105.0","8*12=96","Case","13.836","","360","16.0","Crestline New Jersey Inc"
"L270500682","","Z85396","Shunfeng Tomato Detergent 10bags*100g","Kitchenware","Detergent","Shunfeng","05-25-2027/0.0","34.0","2027-05-25","104.0","105.0","8*12=96","Case","13.836","","360","16.0","Crestline New Jersey Inc"
"L270300683","","Z85396","Shunfeng Tomato Detergent 10bags*100g","Kitchenware","Detergent","Shunfeng","03-18-2027/0.0","34.0","2027-03-18","104.0","105.0","8*12=96","Case","13.836","","360","16.0","Crestline New Jersey Inc"
"L270100684","","Z93139","Shunfeng Sea Salt Detergent 20bags*1000g","Kitchenware","Detergent","Shunfeng","01-14-2027/0.0","7.0","2027-01-14","13.0","13.0","16*11=176","Case","20.265","","360","24.0","Crestline New Jersey Inc"
"L270400685","","Z93139","Shunfeng Sea Salt Detergent 20bags*1000g","Kitchenware","Detergent","Shunfeng","04-19-2027/0.0","6.0","2027-04-19","13.0","13.0","16*11=176","Case","20.265","","360","24.0","Crestline New Jersey Inc"
"L270300686","","Z55231","Shunfeng Pineapple Detergent 8bags*1000g","Kitchenware","Detergent","Shunfeng","03-30-2027/0.0","12.0","2027-03-30","23.0","25.0","15*11=165","Case","21.986","","360","30.0","Crestline New Jersey Inc"
"L270700687","","Z55231","Shunfeng Pineapple Detergent 8bags*1000g","Kitchenware","Detergent","Shunfeng","07-12-2027/0.0","11.0","2027-07-12","23.0","25.0","15*11=165","Case","21.986","","360","30.0","Crestline New Jersey Inc"
"2025-12-26","","Z55231","Shunfeng Pineapple Detergent 8bags*1000g","Kitchenware","Detergent","Shunfeng","12-26-2025/0.0","0.0","2025-12-26","23.0","25.0","15*11=165","Case","21.986","","360","30.0","Crestline New Jersey Inc"
"L270800689","","Z46350","Shunfeng Seafood Detergent 30bags*70g","Kitchenware","Detergent","Shunfeng","08-11-2027/0.0","14.0","2027-08-11","27.0","37.0","","Case","37.776","","360","48.5","Crestline New Jersey Inc"
"L270200690","","Z46350","Shunfeng Seafood Detergent 30bags*70g","Kitchenware","Detergent","Shunfeng","02-11-2027/0.0","13.0","2027-02-11","27.0","37.0","","Case","37.776","","360","48.5","Crestline New Jersey Inc"
"L280200691","","VPC01203","JINXI Sea Salt Eye Care 200ml","Beauty & Health & Home","Eye Care","JINXI","02-13-2028/0.0","83.0","2028-02-13","249.0","249.0","6*5=30","each","17.874","","1095","25.5","Crestline New Jersey Inc"
"L261000692","","VPC01203","JINXI Sea Salt Eye Care 200ml","Beauty & Health & Home","Eye Care","JINXI","10-12-2026/0.0","83.0","2026-10-12","249.0","249.0","6*5=30","each","17.874","Alert Date Reached","1095","25.5","Crestline New Jersey Inc"
"L261100693","","VPC01203","JINXI Sea Salt Eye Care 200ml","Beauty & Health & Home","Eye Care","JINXI","11-25-2026/0.0","83.0","2026-11-25","249.0","249.0","6*5=30","each","17.874","","1095","25.5","Crestline New Jersey Inc"
"L260400694","","VPC01203","JINXI Sea Salt Eye Care 200ml","Beauty & Health & Home","Eye Care","JINXI","04-19-2026/0.0","0.0","2026-04-19","249.0","249.0","6*5=30","each","17.874","","1095","25.5","Crestline New Jersey Inc"
"L280200695","","VHS82354","YUEMEI Red Bean Health & Nutrition Drinks 400ml","Beauty & Health & Home","Health & Nutrition Drinks","YUEMEI","02-15-2028/0.0","116.0","2028-02-15","344.0","442.0","8*5=40","each","4.622","","1095","5.5","Crestline New Jersey Inc"
"L280300696","","VHS82354","YUEMEI Red Bean Health & Nutrition Drinks 400ml","Beauty & Health & Home","Health & Nutrition Drinks","YUEMEI","03-02-2028/0.0","114.0","2028-03-02","344.0","442.0","8*5=40","each","4.622","","1095","5.5","Crestline New Jersey Inc"
"L290500697","","VHS82354","YUEMEI Red Bean Health & Nutrition Drinks 400ml","Beauty & Health & Home","Health & Nutrition Drinks","YUEMEI","05-23-2029/0.0","114.0","2029-05-23","344.0","442.0","8*5=40","each","4.622","","1095","999.0","Crestline New Jersey Inc"
"2025-11-25","","VHS82354","YUEMEI Red Bean Health & Nutrition Drinks 400ml","Beauty & Health & Home","Health & Nutrition Drinks","YUEMEI","11-25-2025/0.0","0.0","2025-11-25","344.0","442.0","8*5=40","each","4.622","","1095","5.5","Crestline New Jersey Inc"
"L260800699","","VHS82354","YUEMEI Red Bean Health & Nutrition Drinks 400ml","Beauty & Health & Home","Health & Nutrition Drinks","YUEMEI","08-05-2026/0.0","0.0","2026-08-05","344.0","442.0","8*5=40","each","4.622","","1095","5.5","Crestline New Jersey Inc"
"L261200700","","VHK17363","YUEMEI Matcha Home Cleaning 100ml","Beauty & Health & Home","Home Cleaning","YUEMEI","12-19-2026/0.0","97.0","2026-12-19","97.0","105.0","18*11=198","each","16.706","","1095","25.0","Crestline New Jersey Inc"
"2026-02-26","","VHK17363","YUEMEI Matcha Home Cleaning 100ml","Beauty & Health & Home","Home Cleaning","YUEMEI","02-26-2026/0.0","0.0","2026-02-26","97.0","105.0","18*11=198","each","16.706","","1095","25.0","Crestline New Jersey Inc"
"2026-03-04","","VHK17363","YUEMEI Matcha Home Cleaning 100ml","Beauty & Health & Home","Home Cleaning","YUEMEI","03-04-2026/0.0","0.0","2026-03-04","97.0","105.0","18*11=198","each","16.706","","1095","25.0","Crestline New Jersey Inc"
"L270600703","","A72257","Tianxi Coconut Juice 20btls*330ml","Beverages","Juice","Tianxi","06-16-2027/0.0","3.0","2027-06-16","3.0","4.0","","Case","20.332","","360","28.5","Crestline New Jersey Inc"
"2025-12-13","","A72257","Tianxi Coconut Juice 20btls*330ml","Beverages","Juice","Tianxi","12-13-2025/0.0","0.0","2025-12-13","3.0","4.0","","Case","20.332","","360","28.5","Crestline New Jersey Inc"
"L270400705","","A97366","Tianxi Oolong Juice 20btls*330ml","Beverages","Juice","Tianxi","04-12-2027/0.0","40.0","2027-04-12","79.0","88.0","","Case","11.827","","360","17.5","Crestline New Jersey Inc"
"L270100706","","A97366","Tianxi Oolong Juice 20btls*330ml","Beverages","Juice","Tianxi","01-20-2027/0.0","39.0","2027-01-20","79.0","88.0","","Case","11.827","","360","17.5","Crestline New Jersey Inc"
"L260200707","","A97366","Tianxi Oolong Juice 20btls*330ml","Beverages","Juice","Tianxi","02-26-2026/0.0","0.0","2026-02-26","79.0","88.0","","Case","11.827","","360","17.5","Crestline New Jersey Inc"
"L260700708","","A97366","Tianxi Oolong Juice 20btls*330ml","Beverages","Juice","Tianxi","07-03-2026/0.0","0.0","2026-07-03","79.0","88.0","","Case","11.827","","360","17.5","Crestline New Jersey Inc"
"L270800709","","A51215","Tianxi Peach Milk 12btls*1500ml","Beverages","Milk","Tianxi","08-19-2027/0.0","2.0","2027-08-19","2.0","4.0","9*14=126","Case","28.116","","360","31.5","Crestline New Jersey Inc"
"L270600710","","A79170","Tianxi Chocolate Electrolyte Drinks 15btls*330ml","Beverages","Electrolyte Drinks","Tianxi","06-12-2027/0.0","8.0","2027-06-12","22.0","37.0","10*6=60","Case","15.473","","360","21.0","Crestline New Jersey Inc"
"L261000711","","A79170","Tianxi Chocolate Electrolyte Drinks 15btls*330ml","Beverages","Electrolyte Drinks","Tianxi","10-10-2026/0.0","7.0","2026-10-10","22.0","37.0","10*6=60","Case","15.473","Alert Date Reached","360","21.0","Crestline New Jersey Inc"
"L270600712","","A79170","Tianxi Chocolate Electrolyte Drinks 15btls*330ml","Beverages","Electrolyte Drinks","Tianxi","06-11-2027/0.0","7.0","2027-06-11","22.0","37.0","10*6=60","Case","15.473","","360","21.0","Crestline New Jersey Inc"
"L261000713","","A43160","Tianxi BBQ Sparkling Water 15btls*480ml","Beverages","Sparkling Water","Tianxi","10-13-2026/0.0","238.0","2026-10-13","475.0","475.0","9*13=117","Case","18.191","Alert Date Reached","360","23.0","Crestline New Jersey Inc"
"L270300714","","A43160","Tianxi BBQ Sparkling Water 15btls*480ml","Beverages","Sparkling Water","Tianxi","03-22-2027/0.0","237.0","2027-03-22","475.0","475.0","9*13=117","Case","18.191","","360","23.0","Crestline New Jersey Inc"
"L290600715","","E55188","Maijia Red Bean Cumin 8bags*1000g","Seasonings","Cumin","Maijia","06-01-2029/0.0","1.0","2029-06-01","1.0","4.0","","Case","17.983","","1080","25.5","Crestline New Jersey Inc"
"L280400716","","E55188","Maijia Red Bean Cumin 8bags*1000g","Seasonings","Cumin","Maijia","04-29-2028/0.0","0.0","2028-04-29","1.0","4.0","","Case","17.983","","1080","25.5","Crestline New Jersey Inc"
"L260800717","","E55188","Maijia Red Bean Cumin 8bags*1000g","Seasonings","Cumin","Maijia","08-24-2026/0.0","0.0","2026-08-24","1.0","4.0","","Case","17.983","","1080","25.5","Crestline New Jersey Inc"
"2025-12-22","","E55188","Maijia Red Bean Cumin 8bags*1000g","Seasonings","Cumin","Maijia","12-22-2025/0.0","0.0","2025-12-22","1.0","4.0","","Case","17.983","","1080","25.5","Crestline New Jersey Inc"
"L290500719","","E62369","Maijia Red Bean Garlic 1bag*50lb","Seasonings","Garlic","Maijia","05-14-2029/0.0","0.0","2029-05-14","0.0","0.0","","Bag","42.008","","1080","57.0","Crestline New Jersey Inc"
"L261000720","","E62369","Maijia Red Bean Garlic 1bag*50lb","Seasonings","Garlic","Maijia","10-20-2026/0.0","0.0","2026-10-20","0.0","0.0","","Bag","42.008","","1080","57.0","Crestline New Jersey Inc"
"L280400721","","E62369","Maijia Red Bean Garlic 1bag*50lb","Seasonings","Garlic","Maijia","04-12-2028/0.0","0.0","2028-04-12","0.0","0.0","","Bag","42.008","","1080","57.0","Crestline New Jersey Inc"
"L251200722","","E62369","Maijia Red Bean Garlic 1bag*50lb","Seasonings","Garlic","Maijia","12-19-2025/0.0","0.0","2025-12-19","0.0","0.0","","Bag","42.008","","1080","57.0","Crestline New Jersey Inc"
"L250800723","","E62369","Maijia Red Bean Garlic 1bag*50lb","Seasonings","Garlic","Maijia","08-22-2025/0.0","0.0","2025-08-22","0.0","0.0","","Bag","42.008","","1080","57.0","Crestline New Jersey Inc"
"L260900724","","G60338","Maijia Milk Soybean Paste 6bags*1000g","Seasonings","Soybean Paste","Maijia","09-29-2026/0.0","2.0","2026-09-29","2.0","3.0","13*10=130","Case","12.211","Alert Date Reached","720","14.5","Crestline New Jersey Inc"
"L280100725","","F53365","Xixiang Five Spice Rice 20bags*150g","Grains","Rice","Xixiang","01-21-2028/0.0","0.0","2028-01-21","0.0","2.0","13*11=143","Case","38.915","","720","45.5","Crestline New Jersey Inc"
"L270900726","","F53365","Xixiang Five Spice Rice 20bags*150g","Grains","Rice","Xixiang","09-24-2027/0.0","0.0","2027-09-24","0.0","2.0","13*11=143","Case","38.915","","720","45.5","Crestline New Jersey Inc"
"L260500727","","F53365","Xixiang Five Spice Rice 20bags*150g","Grains","Rice","Xixiang","05-09-2026/0.0","0.0","2026-05-09","0.0","2.0","13*11=143","Case","38.915","","720","45.5","Crestline New Jersey Inc"
"L280700728","","F02219","Xixiang Spicy Rice 12bags*500g","Grains","Rice","Xixiang","07-23-2028/0.0","2.0","2028-07-23","2.0","4.0","13*9=117","Case","28.316","","720","39.5","Crestline New Jersey Inc"
"L290100729","","VSC30172","TIANMEI Pineapple Skin Care 500ml","Beauty & Health & Home","Skin Care","TIANMEI","01-09-2029/0.0","109.0","2029-01-09","217.0","217.0","6*11=66","each","14.981","","1095","20.5","Crestline New Jersey Inc"
"L261000730","","VSC30172","TIANMEI Pineapple Skin Care 500ml","Beauty & Health & Home","Skin Care","TIANMEI","10-06-2026/0.0","108.0","2026-10-06","217.0","217.0","6*11=66","each","14.981","Alert Date Reached","1095","20.5","Crestline New Jersey Inc"
"L281100731","","VBB96281","TIANMEI Spicy Baby Products 100ml","Beauty & Health & Home","Baby Products","TIANMEI","11-30-2028/0.0","63.0","2028-11-30","63.0","184.0","","each","3.298","","1095","4.0","Crestline New Jersey Inc"
"2026-07-01","","VBB96281","TIANMEI Spicy Baby Products 100ml","Beauty & Health & Home","Baby Products","TIANMEI","07-01-2026/0.0","0.0","2026-07-01","63.0","184.0","","each","3.298","","1095","4.0","Crestline New Jersey Inc"
"L271200733","","F70262","Xianyue Corn Vegetarian Meat 20bags*1000g","Dried Vegetables","Vegetarian Meat","Xianyue","12-18-2027/0.0","0.0","2027-12-18","0.0","69.0","17*5=85","Case","52.805","","720","80.0","Crestline New Jersey Inc"
"L271100734","","F70262","Xianyue Corn Vegetarian Meat 20bags*1000g","Dried Vegetables","Vegetarian Meat","Xianyue","11-11-2027/0.0","0.0","2027-11-11","0.0","69.0","17*5=85","Case","52.805","","720","80.0","Crestline New Jersey Inc"
"L250900735","","F70262","Xianyue Corn Vegetarian Meat 20bags*1000g","Dried Vegetables","Vegetarian Meat","Xianyue","09-18-2025/0.0","0.0","2025-09-18","0.0","69.0","17*5=85","Case","52.805","","720","80.0","Crestline New Jersey Inc"
"L270500736","","L28254","Xianyue Peach Jujube 8bags*100g","Dried Vegetables","Jujube","Xianyue","05-08-2027/0.0","384.0","2027-05-08","767.0","767.0","9*10=90","Case","70.315","","360","97.0","Crestline New Jersey Inc"
"L270200737","","L28254","Xianyue Peach Jujube 8bags*100g","Dried Vegetables","Jujube","Xianyue","02-25-2027/0.0","383.0","2027-02-25","767.0","767.0","9*10=90","Case","70.315","","360","97.0","Crestline New Jersey Inc"
"L270900738","","L13277","Xianyue Brown Sugar Tofu Skin 8bags*150g","Dried Vegetables","Tofu Skin","Xianyue","09-30-2027/0.0","78.0","2027-09-30","156.0","156.0","9*12=108","Case","78.489","","720","113.5","Crestline New Jersey Inc"
"L260800739","","L13277","Xianyue Brown Sugar Tofu Skin 8bags*150g","Dried Vegetables","Tofu Skin","Xianyue","08-22-2026/0.0","78.0","2026-08-22","156.0","156.0","9*12=108","Case","78.489","Alert Date Reached","720","113.5","Crestline New Jersey Inc"
"L270500740","","F37136","CHUANCHENG Corn Mixed Grains 10bags*70g","Grains","Mixed Grains","CHUANCHENG","05-31-2027/0.0","79.0","2027-05-31","157.0","157.0","","Case","15.18","","1080","19.0","Crestline New Jersey Inc"
"L270600741","","F37136","CHUANCHENG Corn Mixed Grains 10bags*70g","Grains","Mixed Grains","CHUANCHENG","06-09-2027/0.0","78.0","2027-06-09","157.0","157.0","","Case","15.18","","1080","19.0","Crestline New Jersey Inc"
"L271200742","","F13333","CHUANCHENG Garlic Rice 6bags*70g","Grains","Rice","CHUANCHENG","12-15-2027/0.0","74.0","2027-12-15","220.0","268.0","10*5=50","Case","25.42","","720","37.5","Crestline New Jersey Inc"
"L280500743","","F13333","CHUANCHENG Garlic Rice 6bags*70g","Grains","Rice","CHUANCHENG","05-18-2028/0.0","73.0","2028-05-18","220.0","268.0","10*5=50","Case","25.42","","720","37.5","Crestline New Jersey Inc"
"L270100744","","F13333","CHUANCHENG Garlic Rice 6bags*70g","Grains","Rice","CHUANCHENG","01-21-2027/0.0","73.0","2027-01-21","220.0","268.0","10*5=50","Case","25.42","","720","37.5","Crestline New Jersey Inc"
"L260600745","","F13333","CHUANCHENG Garlic Rice 6bags*70g","Grains","Rice","CHUANCHENG","06-22-2026/0.0","0.0","2026-06-22","220.0","268.0","10*5=50","Case","25.42","","720","37.5","Crestline New Jersey Inc"
"L280400746","","VHB70174","Ruizhou Melon Hand & Body Care 150ml","Beauty & Health & Home","Hand & Body Care","Ruizhou","04-13-2028/0.0","0.0","2028-04-13","0.0","0.0","10*12=120","each","13.348","","1095","15.5","Crestline New Jersey Inc"
"L281000747","","VHB70174","Ruizhou Melon Hand & Body Care 150ml","Beauty & Health & Home","Hand & Body Care","Ruizhou","10-03-2028/0.0","0.0","2028-10-03","0.0","0.0","10*12=120","each","13.348","","1095","15.5","Crestline New Jersey Inc"
"L280900748","","VHB70174","Ruizhou Melon Hand & Body Care 150ml","Beauty & Health & Home","Hand & Body Care","Ruizhou","09-21-2028/0.0","0.0","2028-09-21","0.0","0.0","10*12=120","each","13.348","","1095","15.5","Crestline New Jersey Inc"
"L320400749","","VCA68251","Ruizhou Vanilla Clothes & Apparel 8bags*500g","Beauty & Health & Home","Clothes & Apparel","Ruizhou","04-09-2032/0.0","10.0","2032-04-09","10.0","10.0","17*5=85","Case","12.636","","3650","17.0","Crestline New Jersey Inc"
"L270900750","","H48288","Hechen Tomato Pickled Products 24bags*100g","Dried Vegetables","Pickled Products","Hechen","09-23-2027/0.0","1.0","2027-09-23","1.0","3.0","5*5=25","Case","40.785","","540","50.0","Crestline New Jersey Inc"
"L270400751","","H48288","Hechen Tomato Pickled Products 24bags*100g","Dried Vegetables","Pickled Products","Hechen","04-21-2027/0.0","0.0","2027-04-21","1.0","3.0","5*5=25","Case","40.785","","540","999.0","Crestline New Jersey Inc"
"L270300752","","H23351","Hechen Beef Pickled Products 24bags*400g","Dried Vegetables","Pickled Products","Hechen","03-24-2027/0.0","309.0","2027-03-24","309.0","309.0","17*10=170","Case","52.927","","540","61.0","Crestline New Jersey Inc"
"L270300753","","K61239","Hechen Jujube Fermented Tofu 6bags*150g","Dried Vegetables","Fermented Tofu","Hechen","03-13-2027/0.0","59.0","2027-03-13","177.0","177.0","","Case","25.93","","360","32.0","Crestline New Jersey Inc"
"L270700754","","K61239","Hechen Jujube Fermented Tofu 6bags*150g","Dried Vegetables","Fermented Tofu","Hechen","07-29-2027/0.0","59.0","2027-07-29","177.0","177.0","","Case","25.93","","360","32.0","Crestline New Jersey Inc"
"L270300755","","K61239","Hechen Jujube Fermented Tofu 6bags*150g","Dried Vegetables","Fermented Tofu","Hechen","03-03-2027/0.0","59.0","2027-03-03","177.0","177.0","","Case","25.93","","360","32.0","Crestline New Jersey Inc"
"L261000756","","L25289","Hechen Milk Mushrooms 8bags*400g","Dried Vegetables","Mushrooms","Hechen","10-18-2026/0.0","3.0","2026-10-18","3.0","3.0","5*14=70","Case","56.121","Alert Date Reached","720","68.5","Crestline New Jersey Inc"
"L270800757","","FA48131","WEIFENG Corn Frozen Pastries&Pancakes&Baked Pancakes 30bags*70g","Frozen & Chilled Foods","Frozen Pastries&Pancakes&Baked Pancakes","WEIFENG","08-31-2027/0.0","126.0","2027-08-31","126.0","183.0","7*11=77","Case","27.983","","360","999.0","Crestline New Jersey Inc"
"L271200758","","FA41154","WEIFENG Honey Steamed Buns 30bags*500g","Frozen & Chilled Foods","Steamed Buns","WEIFENG","12-28-2027/0.0","32.0","2027-12-28","92.0","92.0","13*11=143","Case","56.244","","540","62.5","Crestline New Jersey Inc"
"L280100759","","FA41154","WEIFENG Honey Steamed Buns 30bags*500g","Frozen & Chilled Foods","Steamed Buns","WEIFENG","01-16-2028/0.0","30.0","2028-01-16","92.0","92.0","13*11=143","Case","56.244","","540","62.5","Crestline New Jersey Inc"
"L271200760","","FA41154","WEIFENG Honey Steamed Buns 30bags*500g","Frozen & Chilled Foods","Steamed Buns","WEIFENG","12-31-2027/0.0","30.0","2027-12-31","92.0","92.0","13*11=143","Case","56.244","","540","62.5","Crestline New Jersey Inc"
"2026-03-26","","FA41154","WEIFENG Honey Steamed Buns 30bags*500g","Frozen & Chilled Foods","Steamed Buns","WEIFENG","03-26-2026/0.0","0.0","2026-03-26","92.0","92.0","13*11=143","Case","56.244","","540","62.5","Crestline New Jersey Inc"
"L260400762","","FA41154","WEIFENG Honey Steamed Buns 30bags*500g","Frozen & Chilled Foods","Steamed Buns","WEIFENG","04-11-2026/0.0","0.0","2026-04-11","92.0","92.0","13*11=143","Case","56.244","","540","62.5","Crestline New Jersey Inc"
"L270500763","","FA72146","WEIFENG Honey Frozen Pastries&Pancakes&Baked Pancakes 20bags*200g","Frozen & Chilled Foods","Frozen Pastries&Pancakes&Baked Pancakes","WEIFENG","05-25-2027/0.0","7.0","2027-05-25","14.0","14.0","13*13=169","Case","42.688","","360","51.0","Crestline New Jersey Inc"
"L270600764","","FA72146","WEIFENG Honey Frozen Pastries&Pancakes&Baked Pancakes 20bags*200g","Frozen & Chilled Foods","Frozen Pastries&Pancakes&Baked Pancakes","WEIFENG","06-11-2027/0.0","7.0","2027-06-11","14.0","14.0","13*13=169","Case","42.688","","360","51.0","Crestline New Jersey Inc"
"2026-06-15","","FA72146","WEIFENG Honey Frozen Pastries&Pancakes&Baked Pancakes 20bags*200g","Frozen & Chilled Foods","Frozen Pastries&Pancakes&Baked Pancakes","WEIFENG","06-15-2026/0.0","0.0","2026-06-15","14.0","14.0","13*13=169","Case","42.688","","360","51.0","Crestline New Jersey Inc"
"L280400766","","FD60156","WEIFENG Lychee Frozen Vegetables 30bags*70g","Frozen & Chilled Foods","Frozen Vegetables","WEIFENG","04-28-2028/0.0","42.0","2028-04-28","83.0","83.0","","Case","34.121","","730","45.5","Crestline New Jersey Inc"
"L260900767","","FD60156","WEIFENG Lychee Frozen Vegetables 30bags*70g","Frozen & Chilled Foods","Frozen Vegetables","WEIFENG","09-09-2026/0.0","41.0","2026-09-09","83.0","83.0","","Case","34.121","Alert Date Reached","730","45.5","Crestline New Jersey Inc"
"2025-08-21","","FD60156","WEIFENG Lychee Frozen Vegetables 30bags*70g","Frozen & Chilled Foods","Frozen Vegetables","WEIFENG","08-21-2025/0.0","0.0","2025-08-21","83.0","83.0","","Case","34.121","","730","45.5","Crestline New Jersey Inc"
"L251000769","","FD60156","WEIFENG Lychee Frozen Vegetables 30bags*70g","Frozen & Chilled Foods","Frozen Vegetables","WEIFENG","10-21-2025/0.0","0.0","2025-10-21","83.0","83.0","","Case","34.121","","730","45.5","Crestline New Jersey Inc"
"L270100770","","D46351","FENGXI Osmanthus Instant Noodles 6bags*70g","Dry Noodles","Instant Noodles","FENGXI","01-30-2027/0.0","75.0","2027-01-30","223.0","223.0","17*12=204","Case","13.922","","360","21.0","Crestline New Jersey Inc"
"L270300771","","D46351","FENGXI Osmanthus Instant Noodles 6bags*70g","Dry Noodles","Instant Noodles","FENGXI","03-14-2027/0.0","74.0","2027-03-14","223.0","223.0","17*12=204","Case","13.922","","360","21.0","Crestline New Jersey Inc"
"L270200772","","D46351","FENGXI Osmanthus Instant Noodles 6bags*70g","Dry Noodles","Instant Noodles","FENGXI","02-04-2027/0.0","74.0","2027-02-04","223.0","223.0","17*12=204","Case","13.922","","360","21.0","Crestline New Jersey Inc"
"2026-08-19","","D46351","FENGXI Osmanthus Instant Noodles 6bags*70g","Dry Noodles","Instant Noodles","FENGXI","08-19-2026/0.0","0.0","2026-08-19","223.0","223.0","17*12=204","Case","13.922","","360","21.0","Crestline New Jersey Inc"
"L270400774","","D49348","FENGXI Taro Instant Rice Noodles 10bags*150g","Dry Noodles","Instant Rice Noodles","FENGXI","04-10-2027/0.0","5.0","2027-04-10","10.0","12.0","14*9=126","Case","23.594","","720","35.0","Crestline New Jersey Inc"
"L280700775","","D49348","FENGXI Taro Instant Rice Noodles 10bags*150g","Dry Noodles","Instant Rice Noodles","FENGXI","07-29-2028/0.0","5.0","2028-07-29","10.0","12.0","14*9=126","Case","23.594","","720","35.0","Crestline New Jersey Inc"
"L261000776","","D06125","FENGXI Chocolate Instant Noodles 12bags*500g","Dry Noodles","Instant Noodles","FENGXI","10-10-2026/0.0","97.0","2026-10-10","194.0","194.0","17*9=153","Case","25.413","Alert Date Reached","360","37.0","Crestline New Jersey Inc"
"L261100777","","D06125","FENGXI Chocolate Instant Noodles 12bags*500g","Dry Noodles","Instant Noodles","FENGXI","11-30-2026/0.0","97.0","2026-11-30","194.0","194.0","17*9=153","Case","25.413","","360","37.0","Crestline New Jersey Inc"
"L260700778","","D06125","FENGXI Chocolate Instant Noodles 12bags*500g","Dry Noodles","Instant Noodles","FENGXI","07-15-2026/0.0","0.0","2026-07-15","194.0","194.0","17*9=153","Case","25.413","","360","37.0","Crestline New Jersey Inc"
"2025-10-03","","D06125","FENGXI Chocolate Instant Noodles 12bags*500g","Dry Noodles","Instant Noodles","FENGXI","10-03-2025/0.0","0.0","2025-10-03","194.0","194.0","17*9=153","Case","25.413","","360","37.0","Crestline New Jersey Inc"
"L270200780","","F57354","Yunyuan Lemon Rice 6bags*150g","Grains","Rice","Yunyuan","02-19-2027/0.0","0.0","2027-02-19","0.0","0.0","7*14=98","Case","29.013","","720","37.0","Crestline New Jersey Inc"
"L250900781","","F57354","Yunyuan Lemon Rice 6bags*150g","Grains","Rice","Yunyuan","09-25-2025/0.0","0.0","2025-09-25","0.0","0.0","7*14=98","Case","29.013","","720","37.0","Crestline New Jersey Inc"
"2026-05-02","","F57354","Yunyuan Lemon Rice 6bags*150g","Grains","Rice","Yunyuan","05-02-2026/0.0","0.0","2026-05-02","0.0","0.0","7*14=98","Case","29.013","","720","37.0","Crestline New Jersey Inc"
"L270800783","","F59323","Yunyuan Corn Rice 8bags*150g","Grains","Rice","Yunyuan","08-26-2027/0.0","5.0","2027-08-26","11.0","28.0","9*13=117","Case","32.687","","720","43.5","Crestline New Jersey Inc"
"L280200784","","F59323","Yunyuan Corn Rice 8bags*150g","Grains","Rice","Yunyuan","02-23-2028/0.0","3.0","2028-02-23","11.0","28.0","9*13=117","Case","32.687","","720","43.5","Crestline New Jersey Inc"
"L271200785","","F59323","Yunyuan Corn Rice 8bags*150g","Grains","Rice","Yunyuan","12-02-2027/0.0","3.0","2027-12-02","11.0","28.0","9*13=117","Case","32.687","","720","43.5","Crestline New Jersey Inc"
"L270800786","","F34187","Yunyuan Brown Sugar Rice 24bags*1000g","Grains","Rice","Yunyuan","08-26-2027/0.0","15.0","2027-08-26","29.0","87.0","","Case","38.79","","720","54.5","Crestline New Jersey Inc"
"L261200787","","F34187","Yunyuan Brown Sugar Rice 24bags*1000g","Grains","Rice","Yunyuan","12-07-2026/0.0","14.0","2026-12-07","29.0","87.0","","Case","38.79","","720","54.5","Crestline New Jersey Inc"
"L270400788","","G22224","Jinrun Osmanthus Canned Seafood 8bags*1000g","Canned & Dry Goods","Canned Seafood","Jinrun","04-26-2027/0.0","72.0","2027-04-26","72.0","72.0","13*12=156","Case","38.332","","1080","43.0","Crestline New Jersey Inc"
"L280600789","","G24289","Jinrun Lychee Canned Seafood 12bags*200g","Canned & Dry Goods","Canned Seafood","Jinrun","06-18-2028/0.0","16.0","2028-06-18","16.0","16.0","17*14=238","Case","26.33","","1080","999.0","Crestline New Jersey Inc"
"L260100790","","G24289","Jinrun Lychee Canned Seafood 12bags*200g","Canned & Dry Goods","Canned Seafood","Jinrun","01-20-2026/0.0","0.0","2026-01-20","16.0","16.0","17*14=238","Case","26.33","","1080","32.0","Crestline New Jersey Inc"
"L270700791","","E30150","YOUSHUN Garlic Garlic 1bag*25lb","Seasonings","Garlic","YOUSHUN","07-19-2027/0.0","154.0","2027-07-19","458.0","681.0","7*14=98","Bag","27.386","","1080","36.5","Crestline New Jersey Inc"
"L261100792","","E30150","YOUSHUN Garlic Garlic 1bag*25lb","Seasonings","Garlic","YOUSHUN","11-03-2026/0.0","152.0","2026-11-03","458.0","681.0","7*14=98","Bag","27.386","Alert Date Reached","1080","36.5","Crestline New Jersey Inc"
"L280700793","","E30150","YOUSHUN Garlic Garlic 1bag*25lb","Seasonings","Garlic","YOUSHUN","07-08-2028/0.0","152.0","2028-07-08","458.0","681.0","7*14=98","Bag","27.386","","1080","36.5","Crestline New Jersey Inc"
"L280800794","","G20234","YOUSHUN Jujube Hoisin Sauce 24bags*70g","Seasonings","Hoisin Sauce","YOUSHUN","08-30-2028/0.0","49.0","2028-08-30","49.0","71.0","13*13=169","Case","17.457","","1080","21.0","Crestline New Jersey Inc"
"L260700795","","G20234","YOUSHUN Jujube Hoisin Sauce 24bags*70g","Seasonings","Hoisin Sauce","YOUSHUN","07-30-2026/0.0","0.0","2026-07-30","49.0","71.0","13*13=169","Case","17.457","","1080","21.0","Crestline New Jersey Inc"
"L261000796","","F32229","Guxi Pickled Vegetable Peanuts 8bags*70g","Grains","Peanuts","Guxi","10-17-2026/0.0","34.0","2026-10-17","102.0","110.0","","Case","22.085","Alert Date Reached","1080","33.0","Crestline New Jersey Inc"
"L281200797","","F32229","Guxi Pickled Vegetable Peanuts 8bags*70g","Grains","Peanuts","Guxi","12-24-2028/0.0","34.0","2028-12-24","102.0","110.0","","Case","22.085","","1080","33.0","Crestline New Jersey Inc"
"L280100798","","F32229","Guxi Pickled Vegetable Peanuts 8bags*70g","Grains","Peanuts","Guxi","01-04-2028/0.0","34.0","2028-01-04","102.0","110.0","","Case","22.085","","1080","33.0","Crestline New Jersey Inc"
"2026-05-07","","F32229","Guxi Pickled Vegetable Peanuts 8bags*70g","Grains","Peanuts","Guxi","05-07-2026/0.0","0.0","2026-05-07","102.0","110.0","","Case","22.085","","1080","33.0","Crestline New Jersey Inc"
"L250900800","","F32229","Guxi Pickled Vegetable Peanuts 8bags*70g","Grains","Peanuts","Guxi","09-20-2025/0.0","0.0","2025-09-20","102.0","110.0","","Case","22.085","","1080","33.0","Crestline New Jersey Inc"
"L280200801","","VHK62378","BAOXI Pickled Vegetable Home Cleaning 500ml","Beauty & Health & Home","Home Cleaning","BAOXI","02-16-2028/0.0","4076.0","2028-02-16","4076.0","4076.0","","each","2.731","","1095","4.0","Crestline New Jersey Inc"
"L360200802","","VCA93361","BAOXI Coconut Fashion Jewelry 400ml","Beauty & Health & Home","Fashion Jewelry","BAOXI","02-09-2036/0.0","0.0","2036-02-09","0.0","0.0","13*9=117","each","20.07","","3650","24.0","Crestline New Jersey Inc"
"L300400803","","VCA93361","BAOXI Coconut Fashion Jewelry 400ml","Beauty & Health & Home","Fashion Jewelry","BAOXI","04-23-2030/0.0","0.0","2030-04-23","0.0","0.0","13*9=117","each","20.07","","3650","24.0","Crestline New Jersey Inc"
"L270900804","","VCA93361","BAOXI Coconut Fashion Jewelry 400ml","Beauty & Health & Home","Fashion Jewelry","BAOXI","09-02-2027/0.0","0.0","2027-09-02","0.0","0.0","13*9=117","each","20.07","","3650","24.0","Crestline New Jersey Inc"
"L260500805","","VCA48180","BAOXI Garlic Fashion Jewelry 200ml","Beauty & Health & Home","Fashion Jewelry","BAOXI","05-05-2026/0.0","0.0","2026-05-05","0.0","7.0","15*14=210","each","7.302","","3650","11.0","Crestline New Jersey Inc"
"L261000806","","VCA48180","BAOXI Garlic Fashion Jewelry 200ml","Beauty & Health & Home","Fashion Jewelry","BAOXI","10-09-2026/0.0","0.0","2026-10-09","0.0","7.0","15*14=210","each","7.302","","3650","11.0","Crestline New Jersey Inc"
"L300100807","","VCA48180","BAOXI Garlic Fashion Jewelry 200ml","Beauty & Health & Home","Fashion Jewelry","BAOXI","01-15-2030/0.0","0.0","2030-01-15","0.0","7.0","15*14=210","each","7.302","","3650","11.0","Crestline New Jersey Inc"
"L270900808","","VHB43208","BAOXI Seafood Hair 30bags*500g","Beauty & Health & Home","Hair","BAOXI","09-17-2027/0.0","70.0","2027-09-17","70.0","84.0","7*12=84","Case","5.233","","1095","6.0","Crestline New Jersey Inc"
"2025-10-29","","VHB43208","BAOXI Seafood Hair 30bags*500g","Beauty & Health & Home","Hair","BAOXI","10-29-2025/0.0","0.0","2025-10-29","70.0","84.0","7*12=84","Case","5.233","","1095","6.0","Crestline New Jersey Inc"
"L290500810","","VHS61142","BAOXI Strawberry Health & Nutrition Drinks 250ml","Beauty & Health & Home","Health & Nutrition Drinks","BAOXI","05-03-2029/0.0","188.0","2029-05-03","376.0","603.0","14*6=84","each","21.29","","1095","24.5","Crestline New Jersey Inc"
"L280500811","","VHS61142","BAOXI Strawberry Health & Nutrition Drinks 250ml","Beauty & Health & Home","Health & Nutrition Drinks","BAOXI","05-21-2028/0.0","188.0","2028-05-21","376.0","603.0","14*6=84","each","21.29","","1095","24.5","Crestline New Jersey Inc"
"L270600812","","Z12230","Xingxiang Brown Sugar Packaging 8bags*200g","Consumables","Packaging","Xingxiang","06-30-2027/0.0","122.0","2027-06-30","243.0","243.0","","Case","42.432","","1080","50.5","Crestline New Jersey Inc"
"L290100813","","Z12230","Xingxiang Brown Sugar Packaging 8bags*200g","Consumables","Packaging","Xingxiang","01-23-2029/0.0","121.0","2029-01-23","243.0","243.0","","Case","42.432","","1080","50.5","Crestline New Jersey Inc"
"L261100814","","F79209","XIANZHOU Oolong Starch 12bags*1000g","Flour&Starches","Starch","XIANZHOU","11-12-2026/0.0","0.0","2026-11-12","0.0","1.0","9*7=63","Case","25.925","","540","32.5","Crestline New Jersey Inc"
"L250800815","","F79209","XIANZHOU Oolong Starch 12bags*1000g","Flour&Starches","Starch","XIANZHOU","08-30-2025/0.0","0.0","2025-08-30","0.0","1.0","9*7=63","Case","25.925","","540","32.5","Crestline New Jersey Inc"
"L261100816","","F09307","XIANZHOU Five Spice Flour Mix & Frying Batter Mix 6bags*500g","Flour&Starches","Flour Mix & Frying Batter Mix","XIANZHOU","11-20-2026/0.0","1.0","2026-11-20","2.0","4.0","6*13=78","Case","30.821","Alert Date Reached","730","41.5","Crestline New Jersey Inc"
"L280100817","","F09307","XIANZHOU Five Spice Flour Mix & Frying Batter Mix 6bags*500g","Flour&Starches","Flour Mix & Frying Batter Mix","XIANZHOU","01-17-2028/0.0","1.0","2028-01-17","2.0","4.0","6*13=78","Case","30.821","","730","41.5","Crestline New Jersey Inc"
"2025-10-08","","F09307","XIANZHOU Five Spice Flour Mix & Frying Batter Mix 6bags*500g","Flour&Starches","Flour Mix & Frying Batter Mix","XIANZHOU","10-08-2025/0.0","0.0","2025-10-08","2.0","4.0","6*13=78","Case","30.821","","730","41.5","Crestline New Jersey Inc"
"L260100819","","F09307","XIANZHOU Five Spice Flour Mix & Frying Batter Mix 6bags*500g","Flour&Starches","Flour Mix & Frying Batter Mix","XIANZHOU","01-15-2026/0.0","0.0","2026-01-15","2.0","4.0","6*13=78","Case","30.821","","730","41.5","Crestline New Jersey Inc"
"L270200820","","F97118","XIANZHOU Matcha Starch 10bags*100g","Flour&Starches","Starch","XIANZHOU","02-26-2027/0.0","24.0","2027-02-26","72.0","72.0","14*12=168","Case","22.455","","540","33.5","Crestline New Jersey Inc"
"L260600821","","F97118","XIANZHOU Matcha Starch 10bags*100g","Flour&Starches","Starch","XIANZHOU","06-05-2026/0.0","24.0","2026-06-05","72.0","72.0","14*12=168","Case","22.455","Alert Date Reached","540","33.5","Crestline New Jersey Inc"
"L271100822","","F97118","XIANZHOU Matcha Starch 10bags*100g","Flour&Starches","Starch","XIANZHOU","11-07-2027/0.0","24.0","2027-11-07","72.0","72.0","14*12=168","Case","22.455","","540","33.5","Crestline New Jersey Inc"
"L261000823","","F97157","XIANZHOU Pickled Vegetable Flour Mix & Frying Batter Mix 10bags*400g","Flour&Starches","Flour Mix & Frying Batter Mix","XIANZHOU","10-14-2026/0.0","24.0","2026-10-14","70.0","70.0","4*14=56","Case","38.472","Alert Date Reached","730","52.5","Crestline New Jersey Inc"
"L280600824","","F97157","XIANZHOU Pickled Vegetable Flour Mix & Frying Batter Mix 10bags*400g","Flour&Starches","Flour Mix & Frying Batter Mix","XIANZHOU","06-04-2028/0.0","23.0","2028-06-04","70.0","70.0","4*14=56","Case","38.472","","730","52.5","Crestline New Jersey Inc"
"L280400825","","F97157","XIANZHOU Pickled Vegetable Flour Mix & Frying Batter Mix 10bags*400g","Flour&Starches","Flour Mix & Frying Batter Mix","XIANZHOU","04-05-2028/0.0","23.0","2028-04-05","70.0","70.0","4*14=56","Case","38.472","","730","52.5","Crestline New Jersey Inc"
"L280700826","","F77356","XIANZHOU Osmanthus Flour Mix & Frying Batter Mix 24bags*400g","Flour&Starches","Flour Mix & Frying Batter Mix","XIANZHOU","07-19-2028/0.0","4.0","2028-07-19","8.0","10.0","7*14=98","Case","24.72","","730","33.0","Crestline New Jersey Inc"
"L280800827","","F77356","XIANZHOU Osmanthus Flour Mix & Frying Batter Mix 24bags*400g","Flour&Starches","Flour Mix & Frying Batter Mix","XIANZHOU","08-14-2028/0.0","2.0","2028-08-14","8.0","10.0","7*14=98","Case","24.72","","730","33.0","Crestline New Jersey Inc"
"L271000828","","F77356","XIANZHOU Osmanthus Flour Mix & Frying Batter Mix 24bags*400g","Flour&Starches","Flour Mix & Frying Batter Mix","XIANZHOU","10-18-2027/0.0","2.0","2027-10-18","8.0","10.0","7*14=98","Case","24.72","","730","999.0","Crestline New Jersey Inc"
"L261100829","","B23165","FENGJIA Sea Salt Seaweed Snacks & Dried Kelp 12bags*1000g","Candy & Snacks","Seaweed Snacks & Dried Kelp","FENGJIA","11-12-2026/0.0","0.0","2026-11-12","0.0","0.0","9*13=117","Case","21.528","","540","28.0","Crestline New Jersey Inc"
"2026-01-13","","B23165","FENGJIA Sea Salt Seaweed Snacks & Dried Kelp 12bags*1000g","Candy & Snacks","Seaweed Snacks & Dried Kelp","FENGJIA","01-13-2026/0.0","0.0","2026-01-13","0.0","0.0","9*13=117","Case","21.528","","540","28.0","Crestline New Jersey Inc"
"L261200831","","L12159","FENGJIA Beef Nuts 6bags*200g","Candy & Snacks","Nuts","FENGJIA","12-29-2026/0.0","1.0","2026-12-29","1.0","1.0","18*9=162","Case","14.408","","360","21.5","Crestline New Jersey Inc"
"L260900832","","L12159","FENGJIA Beef Nuts 6bags*200g","Candy & Snacks","Nuts","FENGJIA","09-08-2026/0.0","0.0","2026-09-08","1.0","1.0","18*9=162","Case","14.408","","360","21.5","Crestline New Jersey Inc"
"2025-08-29","","L12159","FENGJIA Beef Nuts 6bags*200g","Candy & Snacks","Nuts","FENGJIA","08-29-2025/0.0","0.0","2025-08-29","1.0","1.0","18*9=162","Case","14.408","","360","21.5","Crestline New Jersey Inc"
"L260200834","","L12159","FENGJIA Beef Nuts 6bags*200g","Candy & Snacks","Nuts","FENGJIA","02-23-2026/0.0","0.0","2026-02-23","1.0","1.0","18*9=162","Case","14.408","","360","21.5","Crestline New Jersey Inc"
"L261200835","","M05257","FENGJIA Tomato Bread 30bags*70g","Candy & Snacks","Bread","FENGJIA","12-23-2026/0.0","8.0","2026-12-23","15.0","15.0","13*13=169","Case","17.693","","180","21.5","Crestline New Jersey Inc"
"L270200836","","M05257","FENGJIA Tomato Bread 30bags*70g","Candy & Snacks","Bread","FENGJIA","02-09-2027/0.0","7.0","2027-02-09","15.0","15.0","13*13=169","Case","17.693","","180","21.5","Crestline New Jersey Inc"
"L270300837","","A38212","CHENGRUN Milk Plant-Based Drinks 24btls*330ml","Beverages","Plant-Based Drinks","CHENGRUN","03-18-2027/0.0","515.0","2027-03-18","1029.0","1770.0","4*14=56","Case","12.191","","360","14.0","Crestline New Jersey Inc"
"L261000838","","A38212","CHENGRUN Milk Plant-Based Drinks 24btls*330ml","Beverages","Plant-Based Drinks","CHENGRUN","10-09-2026/0.0","514.0","2026-10-09","1029.0","1770.0","4*14=56","Case","12.191","Alert Date Reached","360","14.0","Crestline New Jersey Inc"
"2026-08-07","","A38212","CHENGRUN Milk Plant-Based Drinks 24btls*330ml","Beverages","Plant-Based Drinks","CHENGRUN","08-07-2026/0.0","0.0","2026-08-07","1029.0","1770.0","4*14=56","Case","12.191","","360","999.0","Crestline New Jersey Inc"
"L270700840","","A71127","CHENGRUN Grape Beverages 15btls*480ml","Beverages","Beverages","CHENGRUN","07-08-2027/0.0","0.0","2027-07-08","0.0","0.0","17*14=238","Case","19.172","","360","23.5","Crestline New Jersey Inc"
"L270600841","","A37297","Chenmei BBQ Coconut Water 20btls*480ml","Beverages","Coconut Water","Chenmei","06-16-2027/0.0","1.0","2027-06-16","1.0","3.0","","Case","14.459","","360","19.5","Crestline New Jersey Inc"
"L270400842","","A54393","Chenmei Coconut Sparkling Water 20btls*480ml","Beverages","Sparkling Water","Chenmei","04-26-2027/0.0","201.0","2027-04-26","201.0","201.0","","Case","15.162","","360","17.5","Crestline New Jersey Inc"
"L260500843","","A54393","Chenmei Coconut Sparkling Water 20btls*480ml","Beverages","Sparkling Water","Chenmei","05-24-2026/0.0","0.0","2026-05-24","201.0","201.0","","Case","15.162","","360","17.5","Crestline New Jersey Inc"
"L270200844","","E13216","Chuanlan Corn Garlic 1bag*20lb","Seasonings","Garlic","Chuanlan","02-16-2027/0.0","0.0","2027-02-16","0.0","61.0","11*7=77","Bag","35.283","","1080","47.5","Crestline New Jersey Inc"
"L270800845","","E27158","Chuanlan Taro Scallion 12bags*70g","Seasonings","Scallion","Chuanlan","08-30-2027/0.0","199.0","2027-08-30","397.0","583.0","10*9=90","Case","14.261","","720","21.0","Crestline New Jersey Inc"
"L280500846","","E27158","Chuanlan Taro Scallion 12bags*70g","Seasonings","Scallion","Chuanlan","05-24-2028/0.0","198.0","2028-05-24","397.0","583.0","10*9=90","Case","14.261","","720","21.0","Crestline New Jersey Inc"
"L251000847","","E27158","Chuanlan Taro Scallion 12bags*70g","Seasonings","Scallion","Chuanlan","10-06-2025/0.0","0.0","2025-10-06","397.0","583.0","10*9=90","Case","14.261","","720","21.0","Crestline New Jersey Inc"
"L270800848","","G99153","Chuanlan Green Tea Soy Sauce 20bags*200g","Seasonings","Soy Sauce","Chuanlan","08-07-2027/0.0","11.0","2027-08-07","21.0","32.0","11*9=99","Case","34.633","","540","43.5","Crestline New Jersey Inc"
"L271200849","","G99153","Chuanlan Green Tea Soy Sauce 20bags*200g","Seasonings","Soy Sauce","Chuanlan","12-07-2027/0.0","10.0","2027-12-07","21.0","32.0","11*9=99","Case","34.633","","540","43.5","Crestline New Jersey Inc"
"L250900850","","G99153","Chuanlan Green Tea Soy Sauce 20bags*200g","Seasonings","Soy Sauce","Chuanlan","09-09-2025/0.0","0.0","2025-09-09","21.0","32.0","11*9=99","Case","34.633","","540","43.5","Crestline New Jersey Inc"
"2026-02-20","","G99153","Chuanlan Green Tea Soy Sauce 20bags*200g","Seasonings","Soy Sauce","Chuanlan","02-20-2026/0.0","0.0","2026-02-20","21.0","32.0","11*9=99","Case","34.633","","540","43.5","Crestline New Jersey Inc"
"L270700852","","H41239","JINAN Lemon Century Eggs 10bags*200g","Eggs","Century Eggs","JINAN","07-03-2027/0.0","158.0","2027-07-03","472.0","743.0","","Case","38.818","","360","47.5","Crestline New Jersey Inc"
"L270600853","","H41239","JINAN Lemon Century Eggs 10bags*200g","Eggs","Century Eggs","JINAN","06-16-2027/0.0","157.0","2027-06-16","472.0","743.0","","Case","38.818","","360","47.5","Crestline New Jersey Inc"
"L270700854","","H41239","JINAN Lemon Century Eggs 10bags*200g","Eggs","Century Eggs","JINAN","07-29-2027/0.0","157.0","2027-07-29","472.0","743.0","","Case","38.818","","360","47.5","Crestline New Jersey Inc"
"L270800855","","G95216","FENGWEI Mala Dipping Sauce 10bags*150g","Seasonings","Dipping Sauce","FENGWEI","08-14-2027/0.0","0.0","2027-08-14","0.0","1.0","6*10=60","Case","20.926","","360","29.0","Crestline New Jersey Inc"
"2026-02-19","","G95216","FENGWEI Mala Dipping Sauce 10bags*150g","Seasonings","Dipping Sauce","FENGWEI","02-19-2026/0.0","0.0","2026-02-19","0.0","1.0","6*10=60","Case","20.926","","360","29.0","Crestline New Jersey Inc"
"2026-04-06","","G95216","FENGWEI Mala Dipping Sauce 10bags*150g","Seasonings","Dipping Sauce","FENGWEI","04-06-2026/0.0","0.0","2026-04-06","0.0","1.0","6*10=60","Case","20.926","","360","29.0","Crestline New Jersey Inc"
"L270100858","","B05165","MAIWAN Mala Egg Snacks 20bags*200g","Candy & Snacks","Egg Snacks","MAIWAN","01-21-2027/0.0","1.0","2027-01-21","1.0","8.0","16*9=144","Case","20.779","","360","25.0","Crestline New Jersey Inc"
"L270800859","","B38141","MAIWAN Sea Salt Biscuits & Pastries&Cakes 12bags*70g","Candy & Snacks","Biscuits & Pastries&Cakes","MAIWAN","08-28-2027/0.0","0.0","2027-08-28","0.0","2.0","","Case","41.456","","360","48.0","Crestline New Jersey Inc"
"L280200860","","B27179","MAIWAN Five Spice Candy 10bags*70g","Candy & Snacks","Candy","MAIWAN","02-05-2028/0.0","95.0","2028-02-05","95.0","95.0","","Case","27.115","","540","32.0","Crestline New Jersey Inc"
"2026-08-03","","B27179","MAIWAN Five Spice Candy 10bags*70g","Candy & Snacks","Candy","MAIWAN","08-03-2026/0.0","0.0","2026-08-03","95.0","95.0","","Case","27.115","","540","32.0","Crestline New Jersey Inc"
"L270300862","","B19354","MAIWAN Beef Seasoned Vegetarian Snacks 20bags*400g","Candy & Snacks","Seasoned Vegetarian Snacks","MAIWAN","03-17-2027/0.0","40.0","2027-03-17","40.0","84.0","17*13=221","Case","32.814","","240","999.0","Crestline New Jersey Inc"
"L260500863","","B19354","MAIWAN Beef Seasoned Vegetarian Snacks 20bags*400g","Candy & Snacks","Seasoned Vegetarian Snacks","MAIWAN","05-07-2026/0.0","0.0","2026-05-07","40.0","84.0","17*13=221","Case","32.814","","240","37.0","Crestline New Jersey Inc"
"L251000864","","B19354","MAIWAN Beef Seasoned Vegetarian Snacks 20bags*400g","Candy & Snacks","Seasoned Vegetarian Snacks","MAIWAN","10-12-2025/0.0","0.0","2025-10-12","40.0","84.0","17*13=221","Case","32.814","","240","37.0","Crestline New Jersey Inc"
"L270900865","","F68115","Maicheng Vanilla Vegetarian Meat 24bags*500g","Dried Vegetables","Vegetarian Meat","Maicheng","09-12-2027/0.0","75.0","2027-09-12","150.0","150.0","11*6=66","Case","92.376","","720","115.5","Crestline New Jersey Inc"
"L270200866","","F68115","Maicheng Vanilla Vegetarian Meat 24bags*500g","Dried Vegetables","Vegetarian Meat","Maicheng","02-27-2027/0.0","75.0","2027-02-27","150.0","150.0","11*6=66","Case","92.376","","720","115.5","Crestline New Jersey Inc"
"L270100867","","H35347","Maicheng Jujube Pickled Products 12bags*70g","Dried Vegetables","Pickled Products","Maicheng","01-24-2027/0.0","1.0","2027-01-24","1.0","1.0","7*7=49","Case","83.658","","540","117.5","Crestline New Jersey Inc"
"L270600868","","L98148","Maicheng Mala Jujube 12bags*100g","Dried Vegetables","Jujube","Maicheng","06-14-2027/0.0","1.0","2027-06-14","1.0","1.0","14*6=84","Case","40.08","","360","60.5","Crestline New Jersey Inc"
"L270600869","","L98148","Maicheng Mala Jujube 12bags*100g","Dried Vegetables","Jujube","Maicheng","06-24-2027/0.0","0.0","2027-06-24","1.0","1.0","14*6=84","Case","40.08","","360","60.5","Crestline New Jersey Inc"
"L260800870","","L98148","Maicheng Mala Jujube 12bags*100g","Dried Vegetables","Jujube","Maicheng","08-19-2026/0.0","0.0","2026-08-19","1.0","1.0","14*6=84","Case","40.08","","360","60.5","Crestline New Jersey Inc"
"L270200871","","H04302","Maicheng Milk Pickled Products 24bags*100g","Dried Vegetables","Pickled Products","Maicheng","02-06-2027/0.0","1.0","2027-02-06","1.0","1.0","13*11=143","Case","51.539","","540","69.5","Crestline New Jersey Inc"
"L270200872","","H04302","Maicheng Milk Pickled Products 24bags*100g","Dried Vegetables","Pickled Products","Maicheng","02-27-2027/0.0","0.0","2027-02-27","1.0","1.0","13*11=143","Case","51.539","","540","69.5","Crestline New Jersey Inc"
"L270100873","","L57112","Maicheng Melon Mushrooms 24bags*1000g","Dried Vegetables","Mushrooms","Maicheng","01-09-2027/0.0","1.0","2027-01-09","1.0","1.0","","Case","29.53","","720","34.0","Crestline New Jersey Inc"
"L270900874","","L57112","Maicheng Melon Mushrooms 24bags*1000g","Dried Vegetables","Mushrooms","Maicheng","09-06-2027/0.0","0.0","2027-09-06","1.0","1.0","","Case","29.53","","720","34.0","Crestline New Jersey Inc"
"L270900875","","L57112","Maicheng Melon Mushrooms 24bags*1000g","Dried Vegetables","Mushrooms","Maicheng","09-15-2027/0.0","0.0","2027-09-15","1.0","1.0","","Case","29.53","","720","34.0","Crestline New Jersey Inc"
"L260700876","","L57112","Maicheng Melon Mushrooms 24bags*1000g","Dried Vegetables","Mushrooms","Maicheng","07-13-2026/0.0","0.0","2026-07-13","1.0","1.0","","Case","29.53","","720","34.0","Crestline New Jersey Inc"
"L260200877","","L57112","Maicheng Melon Mushrooms 24bags*1000g","Dried Vegetables","Mushrooms","Maicheng","02-25-2026/0.0","0.0","2026-02-25","1.0","1.0","","Case","29.53","","720","34.0","Crestline New Jersey Inc"
"L270200878","","L07297","Maicheng Vanilla Jujube 10bags*150g","Dried Vegetables","Jujube","Maicheng","02-27-2027/0.0","40.0","2027-02-27","116.0","129.0","15*6=90","Case","68.827","","360","80.0","Crestline New Jersey Inc"
"L270500879","","L07297","Maicheng Vanilla Jujube 10bags*150g","Dried Vegetables","Jujube","Maicheng","05-09-2027/0.0","38.0","2027-05-09","116.0","129.0","15*6=90","Case","68.827","","360","80.0","Crestline New Jersey Inc"
"L270300880","","L07297","Maicheng Vanilla Jujube 10bags*150g","Dried Vegetables","Jujube","Maicheng","03-28-2027/0.0","38.0","2027-03-28","116.0","129.0","15*6=90","Case","68.827","","360","80.0","Crestline New Jersey Inc"
"L251100881","","L07297","Maicheng Vanilla Jujube 10bags*150g","Dried Vegetables","Jujube","Maicheng","11-14-2025/0.0","0.0","2025-11-14","116.0","129.0","15*6=90","Case","68.827","","360","999.0","Crestline New Jersey Inc"
"2026-05-31","","L07297","Maicheng Vanilla Jujube 10bags*150g","Dried Vegetables","Jujube","Maicheng","05-31-2026/0.0","0.0","2026-05-31","116.0","129.0","15*6=90","Case","68.827","","360","80.0","Crestline New Jersey Inc"
"L270800883","","G57107","Qingyue Jujube Cooking Wine 24bags*500g","Seasonings","Cooking Wine","Qingyue","08-01-2027/0.0","2.0","2027-08-01","6.0","7.0","","Case","29.26","","540","38.5","Crestline New Jersey Inc"
"L271000884","","G57107","Qingyue Jujube Cooking Wine 24bags*500g","Seasonings","Cooking Wine","Qingyue","10-21-2027/0.0","2.0","2027-10-21","6.0","7.0","","Case","29.26","","540","38.5","Crestline New Jersey Inc"
"L280200885","","G57107","Qingyue Jujube Cooking Wine 24bags*500g","Seasonings","Cooking Wine","Qingyue","02-09-2028/0.0","2.0","2028-02-09","6.0","7.0","","Case","29.26","","540","38.5","Crestline New Jersey Inc"
"2025-08-27","","G57107","Qingyue Jujube Cooking Wine 24bags*500g","Seasonings","Cooking Wine","Qingyue","08-27-2025/0.0","0.0","2025-08-27","6.0","7.0","","Case","29.26","","540","38.5","Crestline New Jersey Inc"
"L251100887","","G57107","Qingyue Jujube Cooking Wine 24bags*500g","Seasonings","Cooking Wine","Qingyue","11-18-2025/0.0","0.0","2025-11-18","6.0","7.0","","Case","29.26","","540","38.5","Crestline New Jersey Inc"
"L270400888","","G01390","Qingyue Pickled Vegetable Dipping Sauce 6bags*70g","Seasonings","Dipping Sauce","Qingyue","04-29-2027/0.0","2.0","2027-04-29","2.0","2.0","18*5=90","Case","39.951","","360","52.0","Crestline New Jersey Inc"
"2026-07-09","","G01390","Qingyue Pickled Vegetable Dipping Sauce 6bags*70g","Seasonings","Dipping Sauce","Qingyue","07-09-2026/0.0","0.0","2026-07-09","2.0","2.0","18*5=90","Case","39.951","","360","52.0","Crestline New Jersey Inc"
"L270400890","","G34175","Qingyue Garlic Soybean Paste 20bags*1000g","Seasonings","Soybean Paste","Qingyue","04-06-2027/0.0","62.0","2027-04-06","62.0","62.0","17*9=153","Case","16.256","","720","19.0","Crestline New Jersey Inc"
"L260100891","","G34175","Qingyue Garlic Soybean Paste 20bags*1000g","Seasonings","Soybean Paste","Qingyue","01-09-2026/0.0","0.0","2026-01-09","62.0","62.0","17*9=153","Case","16.256","","720","19.0","Crestline New Jersey Inc"
"L270500892","","A54394","QINGQUAN Peach Ready-to-Drink Tea 12btls*330ml","Beverages","Ready-to-Drink Tea","QINGQUAN","05-15-2027/0.0","5.0","2027-05-15","15.0","15.0","","Case","24.275","","360","30.0","Crestline Pacific Inc"
"L270100893","","A54394","QINGQUAN Peach Ready-to-Drink Tea 12btls*330ml","Beverages","Ready-to-Drink Tea","QINGQUAN","01-03-2027/0.0","5.0","2027-01-03","15.0","15.0","","Case","24.275","","360","30.0","Crestline Pacific Inc"
"L261100894","","A54394","QINGQUAN Peach Ready-to-Drink Tea 12btls*330ml","Beverages","Ready-to-Drink Tea","QINGQUAN","11-21-2026/0.0","5.0","2026-11-21","15.0","15.0","","Case","24.275","Alert Date Reached","360","30.0","Crestline Pacific Inc"
"L250800895","","A54394","QINGQUAN Peach Ready-to-Drink Tea 12btls*330ml","Beverages","Ready-to-Drink Tea","QINGQUAN","08-23-2025/0.0","0.0","2025-08-23","15.0","15.0","","Case","24.275","","360","30.0","Crestline Pacific Inc"
"L270500896","","A11157","QINGQUAN Lychee Jasmine Ready-to-Drink Tea 24btls*1500ml","Beverages","Ready-to-Drink Tea","QINGQUAN","05-20-2027/0.0","72.0","2027-05-20","72.0","72.0","13*12=156","Case","13.873","","360","21.0","Crestline Pacific Inc"
"L270300897","","A63261","QINGQUAN Grape Ready-to-Drink Tea 12btls*500ml","Beverages","Ready-to-Drink Tea","QINGQUAN","03-28-2027/0.0","1.0","2027-03-28","2.0","2.0","","Case","10.486","","360","12.0","Crestline Pacific Inc"
"L270200898","","A63261","QINGQUAN Grape Ready-to-Drink Tea 12btls*500ml","Beverages","Ready-to-Drink Tea","QINGQUAN","02-22-2027/0.0","1.0","2027-02-22","2.0","2.0","","Case","10.486","","360","12.0","Crestline Pacific Inc"
"L270200899","","A49363","QINGQUAN Lemon Ready-to-Drink Tea 20btls*480ml","Beverages","Ready-to-Drink Tea","QINGQUAN","02-21-2027/0.0","6.0","2027-02-21","6.0","24.0","9*13=117","Case","27.816","","360","31.5","Crestline Pacific Inc"
"L260700900","","A59173","QINGQUAN Matcha Ready-to-Drink Tea 20btls*280ml","Beverages","Ready-to-Drink Tea","QINGQUAN","07-08-2026/0.0","43.0","2026-07-08","43.0","43.0","10*12=120","Case","16.793","Alert Date Reached","360","23.0","Crestline Pacific Inc"
"L260100901","","A59173","QINGQUAN Matcha Ready-to-Drink Tea 20btls*280ml","Beverages","Ready-to-Drink Tea","QINGQUAN","01-09-2026/0.0","0.0","2026-01-09","43.0","43.0","10*12=120","Case","16.793","","360","23.0","Crestline Pacific Inc"
"L270700902","","A77352","QINGQUAN Coconut Ready-to-Drink Tea 24btls*280ml","Beverages","Ready-to-Drink Tea","QINGQUAN","07-30-2027/0.0","21.0","2027-07-30","21.0","21.0","8*8=64","Case","17.479","","360","20.5","Crestline Pacific Inc"
"2025-11-23","","A77352","QINGQUAN Coconut Ready-to-Drink Tea 24btls*280ml","Beverages","Ready-to-Drink Tea","QINGQUAN","11-23-2025/0.0","0.0","2025-11-23","21.0","21.0","8*8=64","Case","17.479","","360","20.5","Crestline Pacific Inc"
"2026-07-16","","A77352","QINGQUAN Coconut Ready-to-Drink Tea 24btls*280ml","Beverages","Ready-to-Drink Tea","QINGQUAN","07-16-2026/0.0","0.0","2026-07-16","21.0","21.0","8*8=64","Case","17.479","","360","20.5","Crestline Pacific Inc"
"L270400905","","A66366","QINGQUAN Peach Plant-Based Drinks 20btls*500ml","Beverages","Plant-Based Drinks","QINGQUAN","04-25-2027/0.0","36.0","2027-04-25","108.0","108.0","","Case","21.05","","360","23.5","Crestline Pacific Inc"
"L270600906","","A66366","QINGQUAN Peach Plant-Based Drinks 20btls*500ml","Beverages","Plant-Based Drinks","QINGQUAN","06-27-2027/0.0","36.0","2027-06-27","108.0","108.0","","Case","21.05","","360","23.5","Crestline Pacific Inc"
"L261200907","","A66366","QINGQUAN Peach Plant-Based Drinks 20btls*500ml","Beverages","Plant-Based Drinks","QINGQUAN","12-28-2026/0.0","36.0","2026-12-28","108.0","108.0","","Case","21.05","","360","23.5","Crestline Pacific Inc"
"L260300908","","A66366","QINGQUAN Peach Plant-Based Drinks 20btls*500ml","Beverages","Plant-Based Drinks","QINGQUAN","03-31-2026/0.0","0.0","2026-03-31","108.0","108.0","","Case","21.05","","360","23.5","Crestline Pacific Inc"
"2026-04-20","","A66366","QINGQUAN Peach Plant-Based Drinks 20btls*500ml","Beverages","Plant-Based Drinks","QINGQUAN","04-20-2026/0.0","0.0","2026-04-20","108.0","108.0","","Case","21.05","","360","23.5","Crestline Pacific Inc"
"L261100910","","A67153","QINGQUAN Lychee Jasmine Plant-Based Drinks 15btls*330ml","Beverages","Plant-Based Drinks","QINGQUAN","11-09-2026/0.0","48.0","2026-11-09","48.0","48.0","16*6=96","Case","25.395","Alert Date Reached","360","28.5","Crestline Pacific Inc"
"L270100911","","A16334","QINGQUAN Grape Plant-Based Drinks 24btls*500ml","Beverages","Plant-Based Drinks","QINGQUAN","01-26-2027/0.0","7.0","2027-01-26","19.0","19.0","18*10=180","Case","13.084","","360","15.0","Crestline Pacific Inc"
"L261000912","","A16334","QINGQUAN Grape Plant-Based Drinks 24btls*500ml","Beverages","Plant-Based Drinks","QINGQUAN","10-05-2026/0.0","6.0","2026-10-05","19.0","19.0","18*10=180","Case","13.084","Alert Date Reached","360","15.0","Crestline Pacific Inc"
"L270600913","","A16334","QINGQUAN Grape Plant-Based Drinks 24btls*500ml","Beverages","Plant-Based Drinks","QINGQUAN","06-10-2027/0.0","6.0","2027-06-10","19.0","19.0","18*10=180","Case","13.084","","360","15.0","Crestline Pacific Inc"
"2026-01-17","","A16334","QINGQUAN Grape Plant-Based Drinks 24btls*500ml","Beverages","Plant-Based Drinks","QINGQUAN","01-17-2026/0.0","0.0","2026-01-17","19.0","19.0","18*10=180","Case","13.084","","360","15.0","Crestline Pacific Inc"
"L270400915","","A71357","QINGQUAN Lemon Plant-Based Drinks 20btls*1500ml","Beverages","Plant-Based Drinks","QINGQUAN","04-14-2027/0.0","22.0","2027-04-14","22.0","22.0","","Case","17.991","","360","20.0","Crestline Pacific Inc"
"L270700916","","A02117","QINGQUAN Matcha Plant-Based Drinks 24btls*500ml","Beverages","Plant-Based Drinks","QINGQUAN","07-22-2027/0.0","4.0","2027-07-22","8.0","15.0","7*8=56","Case","13.754","","360","16.0","Crestline Pacific Inc"
"L270100917","","A02117","QINGQUAN Matcha Plant-Based Drinks 24btls*500ml","Beverages","Plant-Based Drinks","QINGQUAN","01-15-2027/0.0","2.0","2027-01-15","8.0","15.0","7*8=56","Case","13.754","","360","16.0","Crestline Pacific Inc"
"L260500918","","A02117","QINGQUAN Matcha Plant-Based Drinks 24btls*500ml","Beverages","Plant-Based Drinks","QINGQUAN","05-06-2026/0.0","2.0","2026-05-06","8.0","15.0","7*8=56","Case","13.754","Alert Date Reached","360","16.0","Crestline Pacific Inc"
"2026-06-03","","A02117","QINGQUAN Matcha Plant-Based Drinks 24btls*500ml","Beverages","Plant-Based Drinks","QINGQUAN","06-03-2026/0.0","0.0","2026-06-03","8.0","15.0","7*8=56","Case","13.754","","360","16.0","Crestline Pacific Inc"
"L270200920","","A26234","QINGQUAN Milk Plant-Based Drinks 24btls*1500ml","Beverages","Plant-Based Drinks","QINGQUAN","02-20-2027/0.0","4.0","2027-02-20","7.0","7.0","10*8=80","Case","22.765","","360","30.5","Crestline Pacific Inc"
"L270200921","","A26234","QINGQUAN Milk Plant-Based Drinks 24btls*1500ml","Beverages","Plant-Based Drinks","QINGQUAN","02-06-2027/0.0","3.0","2027-02-06","7.0","7.0","10*8=80","Case","22.765","","360","30.5","Crestline Pacific Inc"
"L261000922","","A56386","QINGQUAN Coconut Plant-Based Drinks 24btls*1500ml","Beverages","Plant-Based Drinks","QINGQUAN","10-22-2026/0.0","12.0","2026-10-22","12.0","52.0","4*13=52","Case","21.431","Alert Date Reached","360","27.5","Crestline Pacific Inc"
"L270100923","","FE53175","YUANCHUAN Red Bean Ice Cream 8boxes*4bags*88ml","Frozen & Chilled Foods","Ice Cream","YUANCHUAN","01-24-2027/0.0","18.0","2027-01-24","54.0","54.0","13*14=182","Case","35.688","","540","50.5","Crestline Pacific Inc"
"L270800924","","FE53175","YUANCHUAN Red Bean Ice Cream 8boxes*4bags*88ml","Frozen & Chilled Foods","Ice Cream","YUANCHUAN","08-19-2027/0.0","18.0","2027-08-19","54.0","54.0","13*14=182","Case","35.688","","540","50.5","Crestline Pacific Inc"
"L271100925","","FE53175","YUANCHUAN Red Bean Ice Cream 8boxes*4bags*88ml","Frozen & Chilled Foods","Ice Cream","YUANCHUAN","11-25-2027/0.0","18.0","2027-11-25","54.0","54.0","13*14=182","Case","35.688","","540","50.5","Crestline Pacific Inc"
"2025-10-28","","FE53175","YUANCHUAN Red Bean Ice Cream 8boxes*4bags*88ml","Frozen & Chilled Foods","Ice Cream","YUANCHUAN","10-28-2025/0.0","0.0","2025-10-28","54.0","54.0","13*14=182","Case","35.688","","540","50.5","Crestline Pacific Inc"
"L270500927","","FE11202","YUANCHUAN Taro Ice Cream 8boxes*3bags*72ml","Frozen & Chilled Foods","Ice Cream","YUANCHUAN","05-27-2027/0.0","3.0","2027-05-27","6.0","6.0","7*12=84","Case","42.328","","540","53.5","Crestline Pacific Inc"
"L270300928","","FE11202","YUANCHUAN Taro Ice Cream 8boxes*3bags*72ml","Frozen & Chilled Foods","Ice Cream","YUANCHUAN","03-09-2027/0.0","3.0","2027-03-09","6.0","6.0","7*12=84","Case","42.328","","540","53.5","Crestline Pacific Inc"
"L270200929","","FE82283","YUANCHUAN Coconut Ice Cream 24boxes*3bags*90ml","Frozen & Chilled Foods","Ice Cream","YUANCHUAN","02-02-2027/0.0","17.0","2027-02-02","34.0","39.0","10*5=50","Case","57.841","","540","70.5","Crestline Pacific Inc"
"L261100930","","FE82283","YUANCHUAN Coconut Ice Cream 24boxes*3bags*90ml","Frozen & Chilled Foods","Ice Cream","YUANCHUAN","11-13-2026/0.0","17.0","2026-11-13","34.0","39.0","10*5=50","Case","57.841","Alert Date Reached","540","70.5","Crestline Pacific Inc"
"L260900931","","FE29343","YUANCHUAN Milk Ice Cream 6boxes*4bags*90ml","Frozen & Chilled Foods","Ice Cream","YUANCHUAN","09-08-2026/0.0","8.0","2026-09-08","24.0","24.0","","Case","43.273","Alert Date Reached","540","62.5","Crestline Pacific Inc"
"L261100932","","FE29343","YUANCHUAN Milk Ice Cream 6boxes*4bags*90ml","Frozen & Chilled Foods","Ice Cream","YUANCHUAN","11-18-2026/0.0","8.0","2026-11-18","24.0","24.0","","Case","43.273","Alert Date Reached","540","62.5","Crestline Pacific Inc"
"L270400933","","FE29343","YUANCHUAN Milk Ice Cream 6boxes*4bags*90ml","Frozen & Chilled Foods","Ice Cream","YUANCHUAN","04-02-2027/0.0","8.0","2027-04-02","24.0","24.0","","Case","43.273","","540","62.5","Crestline Pacific Inc"
"2026-06-07","","FE29343","YUANCHUAN Milk Ice Cream 6boxes*4bags*90ml","Frozen & Chilled Foods","Ice Cream","YUANCHUAN","06-07-2026/0.0","0.0","2026-06-07","24.0","24.0","","Case","43.273","","540","62.5","Crestline Pacific Inc"
"L260800935","","FE29343","YUANCHUAN Milk Ice Cream 6boxes*4bags*90ml","Frozen & Chilled Foods","Ice Cream","YUANCHUAN","08-19-2026/0.0","0.0","2026-08-19","24.0","24.0","","Case","43.273","","540","999.0","Crestline Pacific Inc"
"L270400936","","FE18257","YUANCHUAN Peach Ice Cream 24boxes*4bags*72ml","Frozen & Chilled Foods","Ice Cream","YUANCHUAN","04-21-2027/0.0","7.0","2027-04-21","21.0","23.0","11*9=99","Case","36.318","","540","52.0","Crestline Pacific Inc"
"L280100937","","FE18257","YUANCHUAN Peach Ice Cream 24boxes*4bags*72ml","Frozen & Chilled Foods","Ice Cream","YUANCHUAN","01-25-2028/0.0","7.0","2028-01-25","21.0","23.0","11*9=99","Case","36.318","","540","52.0","Crestline Pacific Inc"
"L280200938","","FE18257","YUANCHUAN Peach Ice Cream 24boxes*4bags*72ml","Frozen & Chilled Foods","Ice Cream","YUANCHUAN","02-04-2028/0.0","7.0","2028-02-04","21.0","23.0","11*9=99","Case","36.318","","540","52.0","Crestline Pacific Inc"
"L270700939","","FE14300","YUANCHUAN Matcha Ice Cream 6boxes*3bags*90ml","Frozen & Chilled Foods","Ice Cream","YUANCHUAN","07-22-2027/0.0","188.0","2027-07-22","188.0","225.0","7*5=35","Case","49.141","","540","65.5","Crestline Pacific Inc"
"L260400940","","FE14300","YUANCHUAN Matcha Ice Cream 6boxes*3bags*90ml","Frozen & Chilled Foods","Ice Cream","YUANCHUAN","04-04-2026/0.0","0.0","2026-04-04","188.0","225.0","7*5=35","Case","49.141","","540","65.5","Crestline Pacific Inc"
"L261000941","","FE04114","YUANCHUAN Melon Ice Cream 8boxes*4bags*90ml","Frozen & Chilled Foods","Ice Cream","YUANCHUAN","10-14-2026/0.0","38.0","2026-10-14","75.0","88.0","","Case","42.234","Alert Date Reached","540","50.0","Crestline Pacific Inc"
"L280200942","","FE04114","YUANCHUAN Melon Ice Cream 8boxes*4bags*90ml","Frozen & Chilled Foods","Ice Cream","YUANCHUAN","02-09-2028/0.0","37.0","2028-02-09","75.0","88.0","","Case","42.234","","540","50.0","Crestline Pacific Inc"
"L270100943","","FE60393","YUANCHUAN Brown Sugar Ice Cream 6boxes*4bags*88ml","Frozen & Chilled Foods","Ice Cream","YUANCHUAN","01-14-2027/0.0","39.0","2027-01-14","113.0","146.0","","Case","33.767","","540","49.0","Crestline Pacific Inc"
"L280200944","","FE60393","YUANCHUAN Brown Sugar Ice Cream 6boxes*4bags*88ml","Frozen & Chilled Foods","Ice Cream","YUANCHUAN","02-16-2028/0.0","37.0","2028-02-16","113.0","146.0","","Case","33.767","","540","49.0","Crestline Pacific Inc"
"L270800945","","FE60393","YUANCHUAN Brown Sugar Ice Cream 6boxes*4bags*88ml","Frozen & Chilled Foods","Ice Cream","YUANCHUAN","08-15-2027/0.0","37.0","2027-08-15","113.0","146.0","","Case","33.767","","540","49.0","Crestline Pacific Inc"
"L260700946","","FE60393","YUANCHUAN Brown Sugar Ice Cream 6boxes*4bags*88ml","Frozen & Chilled Foods","Ice Cream","YUANCHUAN","07-30-2026/0.0","0.0","2026-07-30","113.0","146.0","","Case","33.767","","540","49.0","Crestline Pacific Inc"
"L271000947","","FE83379","Chenle Chocolate Ice Cream 6boxes*3bags*72ml","Frozen & Chilled Foods","Ice Cream","Chenle","10-20-2027/0.0","47.0","2027-10-20","47.0","343.0","18*5=90","Case","42.096","","540","60.0","Crestline Pacific Inc"
"L271000948","","FE03167","Chenle Pineapple Ice Cream 8boxes*4bags*90ml","Frozen & Chilled Foods","Ice Cream","Chenle","10-14-2027/0.0","60.0","2027-10-14","180.0","299.0","13*7=91","Case","36.963","","540","44.5","Crestline Pacific Inc"
"L280200949","","FE03167","Chenle Pineapple Ice Cream 8boxes*4bags*90ml","Frozen & Chilled Foods","Ice Cream","Chenle","02-04-2028/0.0","60.0","2028-02-04","180.0","299.0","13*7=91","Case","36.963","","540","44.5","Crestline Pacific Inc"
"L260500950","","FE03167","Chenle Pineapple Ice Cream 8boxes*4bags*90ml","Frozen & Chilled Foods","Ice Cream","Chenle","05-29-2026/0.0","60.0","2026-05-29","180.0","299.0","13*7=91","Case","36.963","Alert Date Reached","540","44.5","Crestline Pacific Inc"
"L261200951","","FE35318","Chenle Red Bean Ice Cream 8boxes*3bags*72ml","Frozen & Chilled Foods","Ice Cream","Chenle","12-11-2026/0.0","3.0","2026-12-11","3.0","14.0","4*8=32","Case","42.631","","540","60.5","Crestline Pacific Inc"
"L270600952","","FE60355","Chenle Osmanthus Ice Cream 8boxes*4bags*88ml","Frozen & Chilled Foods","Ice Cream","Chenle","06-29-2027/0.0","1076.0","2027-06-29","1076.0","6016.0","16*13=208","Case","31.236","","540","44.5","Crestline Pacific Inc"
"L260700953","","FE60355","Chenle Osmanthus Ice Cream 8boxes*4bags*88ml","Frozen & Chilled Foods","Ice Cream","Chenle","07-11-2026/0.0","0.0","2026-07-11","1076.0","6016.0","16*13=208","Case","31.236","","540","44.5","Crestline Pacific Inc"
"L250900954","","FE60355","Chenle Osmanthus Ice Cream 8boxes*4bags*88ml","Frozen & Chilled Foods","Ice Cream","Chenle","09-23-2025/0.0","0.0","2025-09-23","1076.0","6016.0","16*13=208","Case","31.236","","540","44.5","Crestline Pacific Inc"
"L260900955","","FE57162","Chenle Lychee Ice Cream 6boxes*4bags*88ml","Frozen & Chilled Foods","Ice Cream","Chenle","09-07-2026/0.0","0.0","2026-09-07","0.0","0.0","13*8=104","Case","34.524","","540","44.0","Crestline Pacific Inc"
"L260600956","","FE57162","Chenle Lychee Ice Cream 6boxes*4bags*88ml","Frozen & Chilled Foods","Ice Cream","Chenle","06-24-2026/0.0","0.0","2026-06-24","0.0","0.0","13*8=104","Case","34.524","","540","44.0","Crestline Pacific Inc"
"L270800957","","FE12333","Chenle Taro Ice Cream 24boxes*4bags*72ml","Frozen & Chilled Foods","Ice Cream","Chenle","08-09-2027/0.0","11.0","2027-08-09","33.0","195.0","","Case","47.94","","540","67.0","Crestline Pacific Inc"
"L270700958","","FE12333","Chenle Taro Ice Cream 24boxes*4bags*72ml","Frozen & Chilled Foods","Ice Cream","Chenle","07-21-2027/0.0","11.0","2027-07-21","33.0","195.0","","Case","47.94","","540","67.0","Crestline Pacific Inc"
"L271100959","","FE12333","Chenle Taro Ice Cream 24boxes*4bags*72ml","Frozen & Chilled Foods","Ice Cream","Chenle","11-11-2027/0.0","11.0","2027-11-11","33.0","195.0","","Case","47.94","","540","67.0","Crestline Pacific Inc"
"2026-06-16","","FE12333","Chenle Taro Ice Cream 24boxes*4bags*72ml","Frozen & Chilled Foods","Ice Cream","Chenle","06-16-2026/0.0","0.0","2026-06-16","33.0","195.0","","Case","47.94","","540","67.0","Crestline Pacific Inc"
"L271000961","","FE72394","Chenle Melon Ice Cream 6boxes*3bags*72ml","Frozen & Chilled Foods","Ice Cream","Chenle","10-08-2027/0.0","136.0","2027-10-08","136.0","281.0","8*9=72","Case","34.881","","540","50.0","Crestline Pacific Inc"
"L260700962","","FE72394","Chenle Melon Ice Cream 6boxes*3bags*72ml","Frozen & Chilled Foods","Ice Cream","Chenle","07-20-2026/0.0","0.0","2026-07-20","136.0","281.0","8*9=72","Case","34.881","","540","50.0","Crestline Pacific Inc"
"L280200963","","FE73210","Chenle Strawberry Ice Cream 8boxes*3bags*90ml","Frozen & Chilled Foods","Ice Cream","Chenle","02-15-2028/0.0","225.0","2028-02-15","449.0","449.0","","Case","49.587","","540","62.5","Crestline Pacific Inc"
"L270900964","","FE73210","Chenle Strawberry Ice Cream 8boxes*3bags*90ml","Frozen & Chilled Foods","Ice Cream","Chenle","09-09-2027/0.0","224.0","2027-09-09","449.0","449.0","","Case","49.587","","540","62.5","Crestline Pacific Inc"
"L280100965","","FE34150","Chenle Coconut Ice Cream 24boxes*4bags*90ml","Frozen & Chilled Foods","Ice Cream","Chenle","01-06-2028/0.0","256.0","2028-01-06","512.0","1856.0","14*13=182","Case","39.008","","540","57.0","Crestline Pacific Inc"
"L280100966","","FE34150","Chenle Coconut Ice Cream 24boxes*4bags*90ml","Frozen & Chilled Foods","Ice Cream","Chenle","01-07-2028/0.0","256.0","2028-01-07","512.0","1856.0","14*13=182","Case","39.008","","540","57.0","Crestline Pacific Inc"
"L260500967","","FE34150","Chenle Coconut Ice Cream 24boxes*4bags*90ml","Frozen & Chilled Foods","Ice Cream","Chenle","05-28-2026/0.0","0.0","2026-05-28","512.0","1856.0","14*13=182","Case","39.008","","540","57.0","Crestline Pacific Inc"
"2026-04-14","","FE34150","Chenle Coconut Ice Cream 24boxes*4bags*90ml","Frozen & Chilled Foods","Ice Cream","Chenle","04-14-2026/0.0","0.0","2026-04-14","512.0","1856.0","14*13=182","Case","39.008","","540","57.0","Crestline Pacific Inc"
"L260600969","","FE33313","Chenqing Lemon Ice Cream 6boxes*3bags*72ml","Frozen & Chilled Foods","Ice Cream","Chenqing","06-03-2026/0.0","7270.0","2026-06-03","7270.0","7270.0","12*9=108","Case","45.528","Alert Date Reached","540","52.0","Crestline Pacific Inc"
"L270100970","","FE88388","Chenqing Lychee Ice Cream 8boxes*3bags*72ml","Frozen & Chilled Foods","Ice Cream","Chenqing","01-23-2027/0.0","3.0","2027-01-23","7.0","7.0","15*8=120","Case","26.891","","540","999.0","Crestline Pacific Inc"
"L270100971","","FE88388","Chenqing Lychee Ice Cream 8boxes*3bags*72ml","Frozen & Chilled Foods","Ice Cream","Chenqing","01-11-2027/0.0","2.0","2027-01-11","7.0","7.0","15*8=120","Case","26.891","","540","39.0","Crestline Pacific Inc"
"L280100972","","FE88388","Chenqing Lychee Ice Cream 8boxes*3bags*72ml","Frozen & Chilled Foods","Ice Cream","Chenqing","01-02-2028/0.0","2.0","2028-01-02","7.0","7.0","15*8=120","Case","26.891","","540","39.0","Crestline Pacific Inc"
"L270600973","","FE79120","Chenqing Pineapple Ice Cream 6boxes*4bags*88ml","Frozen & Chilled Foods","Ice Cream","Chenqing","06-01-2027/0.0","464.0","2027-06-01","1392.0","1891.0","16*8=128","Case","47.802","","540","58.5","Crestline Pacific Inc"
"L260900974","","FE79120","Chenqing Pineapple Ice Cream 6boxes*4bags*88ml","Frozen & Chilled Foods","Ice Cream","Chenqing","09-08-2026/0.0","464.0","2026-09-08","1392.0","1891.0","16*8=128","Case","47.802","Alert Date Reached","540","58.5","Crestline Pacific Inc"
"L280100975","","FE79120","Chenqing Pineapple Ice Cream 6boxes*4bags*88ml","Frozen & Chilled Foods","Ice Cream","Chenqing","01-03-2028/0.0","464.0","2028-01-03","1392.0","1891.0","16*8=128","Case","47.802","","540","58.5","Crestline Pacific Inc"
"L260400976","","FE79120","Chenqing Pineapple Ice Cream 6boxes*4bags*88ml","Frozen & Chilled Foods","Ice Cream","Chenqing","04-10-2026/0.0","0.0","2026-04-10","1392.0","1891.0","16*8=128","Case","47.802","","540","58.5","Crestline Pacific Inc"
"2026-07-15","","FE79120","Chenqing Pineapple Ice Cream 6boxes*4bags*88ml","Frozen & Chilled Foods","Ice Cream","Chenqing","07-15-2026/0.0","0.0","2026-07-15","1392.0","1891.0","16*8=128","Case","47.802","","540","58.5","Crestline Pacific Inc"
"L280200978","","FE16292","Chenqing Grape Ice Cream 6boxes*3bags*90ml","Frozen & Chilled Foods","Ice Cream","Chenqing","02-03-2028/0.0","415.0","2028-02-03","415.0","415.0","6*8=48","Case","47.882","","540","53.5","Crestline Pacific Inc"
"L261000979","","FE08324","Chenqing Osmanthus Ice Cream 24boxes*4bags*88ml","Frozen & Chilled Foods","Ice Cream","Chenqing","10-06-2026/0.0","316.0","2026-10-06","632.0","632.0","","Case","41.09","Alert Date Reached","540","48.0","Crestline Pacific Inc"
"L271100980","","FE08324","Chenqing Osmanthus Ice Cream 24boxes*4bags*88ml","Frozen & Chilled Foods","Ice Cream","Chenqing","11-10-2027/0.0","316.0","2027-11-10","632.0","632.0","","Case","41.09","","540","48.0","Crestline Pacific Inc"
"2026-04-22","","FE08324","Chenqing Osmanthus Ice Cream 24boxes*4bags*88ml","Frozen & Chilled Foods","Ice Cream","Chenqing","04-22-2026/0.0","0.0","2026-04-22","632.0","632.0","","Case","41.09","","540","48.0","Crestline Pacific Inc"
"L270600982","","FE16253","Chenqing Strawberry Ice Cream 6boxes*4bags*88ml","Frozen & Chilled Foods","Ice Cream","Chenqing","06-02-2027/0.0","49.0","2027-06-02","49.0","49.0","4*7=28","Case","52.787","","540","62.5","Crestline Pacific Inc"
"L251000983","","FE16253","Chenqing Strawberry Ice Cream 6boxes*4bags*88ml","Frozen & Chilled Foods","Ice Cream","Chenqing","10-06-2025/0.0","0.0","2025-10-06","49.0","49.0","4*7=28","Case","52.787","","540","62.5","Crestline Pacific Inc"
"L251000984","","FE16253","Chenqing Strawberry Ice Cream 6boxes*4bags*88ml","Frozen & Chilled Foods","Ice Cream","Chenqing","10-27-2025/0.0","0.0","2025-10-27","49.0","49.0","4*7=28","Case","52.787","","540","62.5","Crestline Pacific Inc"
"L270600985","","FE08158","Chenqing Red Bean Ice Cream 6boxes*3bags*90ml","Frozen & Chilled Foods","Ice Cream","Chenqing","06-03-2027/0.0","5.0","2027-06-03","9.0","9.0","","Case","49.871","","540","70.5","Crestline Pacific Inc"
"L270400986","","FE08158","Chenqing Red Bean Ice Cream 6boxes*3bags*90ml","Frozen & Chilled Foods","Ice Cream","Chenqing","04-17-2027/0.0","4.0","2027-04-17","9.0","9.0","","Case","49.871","","540","70.5","Crestline Pacific Inc"
"L250800987","","FE08158","Chenqing Red Bean Ice Cream 6boxes*3bags*90ml","Frozen & Chilled Foods","Ice Cream","Chenqing","08-27-2025/0.0","0.0","2025-08-27","9.0","9.0","","Case","49.871","","540","70.5","Crestline Pacific Inc"
"L271100988","","FE83255","Chenqing Brown Sugar Ice Cream 8boxes*3bags*72ml","Frozen & Chilled Foods","Ice Cream","Chenqing","11-01-2027/0.0","6.0","2027-11-01","14.0","25.0","11*7=77","Case","31.661","","540","42.5","Crestline Pacific Inc"
"L270800989","","FE83255","Chenqing Brown Sugar Ice Cream 8boxes*3bags*72ml","Frozen & Chilled Foods","Ice Cream","Chenqing","08-06-2027/0.0","4.0","2027-08-06","14.0","25.0","11*7=77","Case","31.661","","540","42.5","Crestline Pacific Inc"
"L271000990","","FE83255","Chenqing Brown Sugar Ice Cream 8boxes*3bags*72ml","Frozen & Chilled Foods","Ice Cream","Chenqing","10-02-2027/0.0","4.0","2027-10-02","14.0","25.0","11*7=77","Case","31.661","","540","42.5","Crestline Pacific Inc"
"L271200991","","FE54213","Chenqing Peach Ice Cream 24boxes*3bags*88ml","Frozen & Chilled Foods","Ice Cream","Chenqing","12-05-2027/0.0","95.0","2027-12-05","285.0","285.0","6*6=36","Case","39.027","","540","52.0","Crestline Pacific Inc"
"L270700992","","FE54213","Chenqing Peach Ice Cream 24boxes*3bags*88ml","Frozen & Chilled Foods","Ice Cream","Chenqing","07-04-2027/0.0","95.0","2027-07-04","285.0","285.0","6*6=36","Case","39.027","","540","52.0","Crestline Pacific Inc"
"L270200993","","FE54213","Chenqing Peach Ice Cream 24boxes*3bags*88ml","Frozen & Chilled Foods","Ice Cream","Chenqing","02-24-2027/0.0","95.0","2027-02-24","285.0","285.0","6*6=36","Case","39.027","","540","52.0","Crestline Pacific Inc"
"2025-09-04","","FE54213","Chenqing Peach Ice Cream 24boxes*3bags*88ml","Frozen & Chilled Foods","Ice Cream","Chenqing","09-04-2025/0.0","0.0","2025-09-04","285.0","285.0","6*6=36","Case","39.027","","540","52.0","Crestline Pacific Inc"
"L260700995","","FE54213","Chenqing Peach Ice Cream 24boxes*3bags*88ml","Frozen & Chilled Foods","Ice Cream","Chenqing","07-13-2026/0.0","0.0","2026-07-13","285.0","285.0","6*6=36","Case","39.027","","540","52.0","Crestline Pacific Inc"
"L271100996","","FE72304","Chenqing Melon Ice Cream 8boxes*3bags*90ml","Frozen & Chilled Foods","Ice Cream","Chenqing","11-05-2027/0.0","93.0","2027-11-05","277.0","567.0","4*8=32","Case","49.37","","540","62.5","Crestline Pacific Inc"
"L260900997","","FE72304","Chenqing Melon Ice Cream 8boxes*3bags*90ml","Frozen & Chilled Foods","Ice Cream","Chenqing","09-17-2026/0.0","92.0","2026-09-17","277.0","567.0","4*8=32","Case","49.37","Alert Date Reached","540","62.5","Crestline Pacific Inc"
"L270400998","","FE72304","Chenqing Melon Ice Cream 8boxes*3bags*90ml","Frozen & Chilled Foods","Ice Cream","Chenqing","04-05-2027/0.0","92.0","2027-04-05","277.0","567.0","4*8=32","Case","49.37","","540","62.5","Crestline Pacific Inc"
"2025-12-30","","FE72304","Chenqing Melon Ice Cream 8boxes*3bags*90ml","Frozen & Chilled Foods","Ice Cream","Chenqing","12-30-2025/0.0","0.0","2025-12-30","277.0","567.0","4*8=32","Case","49.37","","540","62.5","Crestline Pacific Inc"
"2025-10-07","","FE72304","Chenqing Melon Ice Cream 8boxes*3bags*90ml","Frozen & Chilled Foods","Ice Cream","Chenqing","10-07-2025/0.0","0.0","2025-10-07","277.0","567.0","4*8=32","Case","49.37","","540","62.5","Crestline Pacific Inc"
"L280701001","","L23384","XIANFU Pickled Vegetable Mushrooms 10bags*100g","Dried Vegetables","Mushrooms","XIANFU","07-22-2028/0.0","0.0","2028-07-22","0.0","0.0","9*11=99","Case","91.884","","720","114.5","Crestline Pacific Inc"
"L290701002","","L20305","XIANFU Tomato Wood Ear Mushroom 12bags*70g","Dried Vegetables","Wood Ear Mushroom","XIANFU","07-07-2029/0.0","0.0","2029-07-07","0.0","0.0","","Case","96.29","","1080","117.0","Crestline Pacific Inc"
"L290501003","","L20305","XIANFU Tomato Wood Ear Mushroom 12bags*70g","Dried Vegetables","Wood Ear Mushroom","XIANFU","05-16-2029/0.0","0.0","2029-05-16","0.0","0.0","","Case","96.29","","1080","117.0","Crestline Pacific Inc"
"L280501004","","L20305","XIANFU Tomato Wood Ear Mushroom 12bags*70g","Dried Vegetables","Wood Ear Mushroom","XIANFU","05-27-2028/0.0","0.0","2028-05-27","0.0","0.0","","Case","96.29","","1080","999.0","Crestline Pacific Inc"
"L261001005","","E25184","Lusong Pickled Vegetable Brown Sugar 10bags*70g","Honey & Jam","Brown Sugar","Lusong","10-15-2026/0.0","10.0","2026-10-15","28.0","28.0","5*9=45","Case","36.443","Alert Date Reached","1080","44.5","Crestline Pacific Inc"
"L270201006","","E25184","Lusong Pickled Vegetable Brown Sugar 10bags*70g","Honey & Jam","Brown Sugar","Lusong","02-20-2027/0.0","9.0","2027-02-20","28.0","28.0","5*9=45","Case","36.443","","1080","44.5","Crestline Pacific Inc"
"L271101007","","E25184","Lusong Pickled Vegetable Brown Sugar 10bags*70g","Honey & Jam","Brown Sugar","Lusong","11-11-2027/0.0","9.0","2027-11-11","28.0","28.0","5*9=45","Case","36.443","","1080","44.5","Crestline Pacific Inc"
"L281001008","","E96105","Lusong Chicken Brown Sugar 10bags*100g","Honey & Jam","Brown Sugar","Lusong","10-05-2028/0.0","23.0","2028-10-05","23.0","23.0","6*14=84","Case","38.086","","1080","54.0","Crestline Pacific Inc"
"L260701009","","E96105","Lusong Chicken Brown Sugar 10bags*100g","Honey & Jam","Brown Sugar","Lusong","07-25-2026/0.0","0.0","2026-07-25","23.0","23.0","6*14=84","Case","38.086","","1080","54.0","Crestline Pacific Inc"
"2025-12-22","","E96105","Lusong Chicken Brown Sugar 10bags*100g","Honey & Jam","Brown Sugar","Lusong","12-22-2025/0.0","0.0","2025-12-22","23.0","23.0","6*14=84","Case","38.086","","1080","54.0","Crestline Pacific Inc"
"L280801011","","E66102","Lusong Garlic Brown Sugar 20bags*100g","Honey & Jam","Brown Sugar","Lusong","08-02-2028/0.0","54.0","2028-08-02","54.0","54.0","14*10=140","Case","18.768","","1080","21.5","Crestline Pacific Inc"
"L290501012","","E17155","Lusong Seafood Brown Sugar 8bags*400g","Honey & Jam","Brown Sugar","Lusong","05-27-2029/0.0","486.0","2029-05-27","972.0","972.0","9*13=117","Case","16.934","","1080","21.0","Crestline Pacific Inc"
"L280501013","","E17155","Lusong Seafood Brown Sugar 8bags*400g","Honey & Jam","Brown Sugar","Lusong","05-20-2028/0.0","486.0","2028-05-20","972.0","972.0","9*13=117","Case","16.934","","1080","21.0","Crestline Pacific Inc"
"L261201014","","B46334","SHANBAO Jujube Puffed Snacks 12bags*200g","Candy & Snacks","Puffed Snacks","SHANBAO","12-26-2026/0.0","0.0","2026-12-26","0.0","1.0","6*11=66","Case","16.868","","270","21.5","Crestline Pacific Inc"
"L261001015","","VEL60206","Chengfeng Original Electronics 60ml","Beauty & Health & Home","Electronics","Chengfeng","10-22-2026/0.0","99.0","2026-10-22","198.0","217.0","10*5=50","each","5.807","Alert Date Reached","1095","6.5","Crestline Pacific Inc"
"L280801016","","VEL60206","Chengfeng Original Electronics 60ml","Beauty & Health & Home","Electronics","Chengfeng","08-29-2028/0.0","99.0","2028-08-29","198.0","217.0","10*5=50","each","5.807","","1095","6.5","Crestline Pacific Inc"
"2026-01-06","","VEL60206","Chengfeng Original Electronics 60ml","Beauty & Health & Home","Electronics","Chengfeng","01-06-2026/0.0","0.0","2026-01-06","198.0","217.0","10*5=50","each","5.807","","1095","6.5","Crestline Pacific Inc"
"2025-12-10","","VEL60206","Chengfeng Original Electronics 60ml","Beauty & Health & Home","Electronics","Chengfeng","12-10-2025/0.0","0.0","2025-12-10","198.0","217.0","10*5=50","each","5.807","","1095","6.5","Crestline Pacific Inc"
"L270401019","","B66373","Fuxi Pineapple Puffed/Flour Snacks 30bags*70g","Candy & Snacks","Puffed/Flour Snacks","Fuxi","04-28-2027/0.0","15.0","2027-04-28","30.0","30.0","16*12=192","Case","32.596","","270","999.0","Crestline Pacific Inc"
"L270101020","","B66373","Fuxi Pineapple Puffed/Flour Snacks 30bags*70g","Candy & Snacks","Puffed/Flour Snacks","Fuxi","01-09-2027/0.0","15.0","2027-01-09","30.0","30.0","16*12=192","Case","32.596","","270","999.0","Crestline Pacific Inc"
"L260701021","","B66373","Fuxi Pineapple Puffed/Flour Snacks 30bags*70g","Candy & Snacks","Puffed/Flour Snacks","Fuxi","07-03-2026/0.0","0.0","2026-07-03","30.0","30.0","16*12=192","Case","32.596","","270","40.0","Crestline Pacific Inc"
"L270301022","","B23232","Fuxi Green Tea Puffed Snacks 8bags*70g","Candy & Snacks","Puffed Snacks","Fuxi","03-24-2027/0.0","76.0","2027-03-24","224.0","224.0","10*11=110","Case","41.194","","270","47.5","Crestline Pacific Inc"
"L270501023","","B23232","Fuxi Green Tea Puffed Snacks 8bags*70g","Candy & Snacks","Puffed Snacks","Fuxi","05-13-2027/0.0","74.0","2027-05-13","224.0","224.0","10*11=110","Case","41.194","","270","47.5","Crestline Pacific Inc"
"L270301024","","B23232","Fuxi Green Tea Puffed Snacks 8bags*70g","Candy & Snacks","Puffed Snacks","Fuxi","03-02-2027/0.0","74.0","2027-03-02","224.0","224.0","10*11=110","Case","41.194","","270","47.5","Crestline Pacific Inc"
"L270301025","","FA87267","Runliang Beef Frozen Pastries&Pancakes&Baked Pancakes 30bags*1000g","Frozen & Chilled Foods","Frozen Pastries&Pancakes&Baked Pancakes","Runliang","03-11-2027/0.0","70.0","2027-03-11","208.0","208.0","13*14=182","Case","43.301","","360","62.5","Crestline Pacific Inc"
"L270701026","","FA87267","Runliang Beef Frozen Pastries&Pancakes&Baked Pancakes 30bags*1000g","Frozen & Chilled Foods","Frozen Pastries&Pancakes&Baked Pancakes","Runliang","07-27-2027/0.0","69.0","2027-07-27","208.0","208.0","13*14=182","Case","43.301","","360","62.5","Crestline Pacific Inc"
"L261101027","","FA87267","Runliang Beef Frozen Pastries&Pancakes&Baked Pancakes 30bags*1000g","Frozen & Chilled Foods","Frozen Pastries&Pancakes&Baked Pancakes","Runliang","11-14-2026/0.0","69.0","2026-11-14","208.0","208.0","13*14=182","Case","43.301","Alert Date Reached","360","62.5","Crestline Pacific Inc"
"2026-02-11","","FA87267","Runliang Beef Frozen Pastries&Pancakes&Baked Pancakes 30bags*1000g","Frozen & Chilled Foods","Frozen Pastries&Pancakes&Baked Pancakes","Runliang","02-11-2026/0.0","0.0","2026-02-11","208.0","208.0","13*14=182","Case","43.301","","360","62.5","Crestline Pacific Inc"
"L270401029","","FG39192","Runliang Mango Frozen Beef 30bags*500g","Frozen & Chilled Foods","Frozen Beef","Runliang","04-12-2027/0.0","63.0","2027-04-12","63.0","63.0","14*14=196","LB","49.092","","360","67.5","Crestline Pacific Inc"
"2026-04-28","","FG39192","Runliang Mango Frozen Beef 30bags*500g","Frozen & Chilled Foods","Frozen Beef","Runliang","04-28-2026/0.0","0.0","2026-04-28","63.0","63.0","14*14=196","LB","49.092","","360","67.5","Crestline Pacific Inc"
"L270201031","","FA97196","Runliang Jujube Glutinous Rice Balls 8bags*200g","Frozen & Chilled Foods","Glutinous Rice Balls","Runliang","02-09-2027/0.0","2.0","2027-02-09","2.0","4.0","12*14=168","Case","35.945","","540","43.5","Crestline Pacific Inc"
"L271101032","","G53180","Zhouyou Taro Sauces 10bags*400g","Seasonings","Sauces","Zhouyou","11-05-2027/0.0","67.0","2027-11-05","67.0","85.0","","Case","14.819","","540","18.0","Crestline Pacific Inc"
"L270101033","","A40326","XIANYOU Melon Milk 24btls*500ml","Beverages","Milk","XIANYOU","01-03-2027/0.0","39.0","2027-01-03","77.0","180.0","17*8=136","Case","24.047","","360","29.0","Crestline Pacific Inc"
"L270801034","","A40326","XIANYOU Melon Milk 24btls*500ml","Beverages","Milk","XIANYOU","08-27-2027/0.0","38.0","2027-08-27","77.0","180.0","17*8=136","Case","24.047","","360","29.0","Crestline Pacific Inc"
"2025-09-03","","A40326","XIANYOU Melon Milk 24btls*500ml","Beverages","Milk","XIANYOU","09-03-2025/0.0","0.0","2025-09-03","77.0","180.0","17*8=136","Case","24.047","","360","29.0","Crestline Pacific Inc"
"L250801036","","A40326","XIANYOU Melon Milk 24btls*500ml","Beverages","Milk","XIANYOU","08-30-2025/0.0","0.0","2025-08-30","77.0","180.0","17*8=136","Case","24.047","","360","29.0","Crestline Pacific Inc"
"L270701037","","A59240","XIANYOU Beef Ready-to-Drink Tea 20btls*480ml","Beverages","Ready-to-Drink Tea","XIANYOU","07-01-2027/0.0","16.0","2027-07-01","31.0","46.0","11*9=99","Case","15.488","","360","20.0","Crestline Pacific Inc"
"L261101038","","A59240","XIANYOU Beef Ready-to-Drink Tea 20btls*480ml","Beverages","Ready-to-Drink Tea","XIANYOU","11-01-2026/0.0","15.0","2026-11-01","31.0","46.0","11*9=99","Case","15.488","Alert Date Reached","360","20.0","Crestline Pacific Inc"
"L270401039","","B68372","Jiaqing Peach Seasoned Vegetarian Snacks 12bags*200g","Candy & Snacks","Seasoned Vegetarian Snacks","Jiaqing","04-30-2027/0.0","36.0","2027-04-30","36.0","41.0","","Case","24.46","","240","28.5","Crestline Pacific Inc"
"L270501040","","B96137","Jiaqing Milk Rice Crackers&Popcorn 20bags*1000g","Candy & Snacks","Rice Crackers&Popcorn","Jiaqing","05-05-2027/0.0","8.0","2027-05-05","8.0","12.0","","Case","22.778","","360","25.5","Crestline Pacific Inc"
"L260701041","","B96137","Jiaqing Milk Rice Crackers&Popcorn 20bags*1000g","Candy & Snacks","Rice Crackers&Popcorn","Jiaqing","07-09-2026/0.0","0.0","2026-07-09","8.0","12.0","","Case","22.778","","360","25.5","Crestline Pacific Inc"
"2026-01-24","","B96137","Jiaqing Milk Rice Crackers&Popcorn 20bags*1000g","Candy & Snacks","Rice Crackers&Popcorn","Jiaqing","01-24-2026/0.0","0.0","2026-01-24","8.0","12.0","","Case","22.778","","360","25.5","Crestline Pacific Inc"
"L270301043","","M42340","Jiaqing Five Spice Bread 24bags*100g","Candy & Snacks","Bread","Jiaqing","03-08-2027/0.0","14.0","2027-03-08","38.0","41.0","","Case","20.871","","180","27.0","Crestline Pacific Inc"
"L261201044","","M42340","Jiaqing Five Spice Bread 24bags*100g","Candy & Snacks","Bread","Jiaqing","12-24-2026/0.0","12.0","2026-12-24","38.0","41.0","","Case","20.871","","180","999.0","Crestline Pacific Inc"
"L270201045","","M42340","Jiaqing Five Spice Bread 24bags*100g","Candy & Snacks","Bread","Jiaqing","02-05-2027/0.0","12.0","2027-02-05","38.0","41.0","","Case","20.871","","180","27.0","Crestline Pacific Inc"
"L260201046","","M42340","Jiaqing Five Spice Bread 24bags*100g","Candy & Snacks","Bread","Jiaqing","02-02-2026/0.0","0.0","2026-02-02","38.0","41.0","","Case","20.871","","180","27.0","Crestline Pacific Inc"
"L270601047","","B32195","Jiaqing Taro Rice Crackers&Popcorn 30bags*1000g","Candy & Snacks","Rice Crackers&Popcorn","Jiaqing","06-19-2027/0.0","24.0","2027-06-19","47.0","47.0","9*7=63","Case","18.422","","360","27.5","Crestline Pacific Inc"
"L270401048","","B32195","Jiaqing Taro Rice Crackers&Popcorn 30bags*1000g","Candy & Snacks","Rice Crackers&Popcorn","Jiaqing","04-15-2027/0.0","23.0","2027-04-15","47.0","47.0","9*7=63","Case","18.422","","360","999.0","Crestline Pacific Inc"
"L260101049","","B32195","Jiaqing Taro Rice Crackers&Popcorn 30bags*1000g","Candy & Snacks","Rice Crackers&Popcorn","Jiaqing","01-29-2026/0.0","0.0","2026-01-29","47.0","47.0","9*7=63","Case","18.422","","360","27.5","Crestline Pacific Inc"
"L260501050","","B32195","Jiaqing Taro Rice Crackers&Popcorn 30bags*1000g","Candy & Snacks","Rice Crackers&Popcorn","Jiaqing","05-22-2026/0.0","0.0","2026-05-22","47.0","47.0","9*7=63","Case","18.422","","360","27.5","Crestline Pacific Inc"
"L290101051","","VMU60172","Luxi Corn Cosmetics 100ml","Beauty & Health & Home","Cosmetics","Luxi","01-20-2029/0.0","18.0","2029-01-20","35.0","50.0","12*11=132","each","8.018","","1095","12.0","Crestline Pacific Inc"
"L290301052","","VMU60172","Luxi Corn Cosmetics 100ml","Beauty & Health & Home","Cosmetics","Luxi","03-18-2029/0.0","17.0","2029-03-18","35.0","50.0","12*11=132","each","8.018","","1095","12.0","Crestline Pacific Inc"
"2026-03-11","","VMU60172","Luxi Corn Cosmetics 100ml","Beauty & Health & Home","Cosmetics","Luxi","03-11-2026/0.0","0.0","2026-03-11","35.0","50.0","12*11=132","each","8.018","","1095","12.0","Crestline Pacific Inc"
"2026-05-30","","VMU60172","Luxi Corn Cosmetics 100ml","Beauty & Health & Home","Cosmetics","Luxi","05-30-2026/0.0","0.0","2026-05-30","35.0","50.0","12*11=132","each","8.018","","1095","12.0","Crestline Pacific Inc"
"L290301055","","VMU76139","Luxi Brown Sugar Cosmetics 60ml","Beauty & Health & Home","Cosmetics","Luxi","03-21-2029/0.0","378.0","2029-03-21","756.0","958.0","","each","13.654","","1095","16.0","Crestline Pacific Inc"
"L270801056","","VMU76139","Luxi Brown Sugar Cosmetics 60ml","Beauty & Health & Home","Cosmetics","Luxi","08-26-2027/0.0","378.0","2027-08-26","756.0","958.0","","each","13.654","","1095","16.0","Crestline Pacific Inc"
"2026-05-22","","VMU76139","Luxi Brown Sugar Cosmetics 60ml","Beauty & Health & Home","Cosmetics","Luxi","05-22-2026/0.0","0.0","2026-05-22","756.0","958.0","","each","13.654","","1095","16.0","Crestline Pacific Inc"
"L260801058","","VMU76139","Luxi Brown Sugar Cosmetics 60ml","Beauty & Health & Home","Cosmetics","Luxi","08-17-2026/0.0","0.0","2026-08-17","756.0","958.0","","each","13.654","","1095","16.0","Crestline Pacific Inc"
"L281101059","","VSC33186","Luxi Milk Skin Care 250ml","Beauty & Health & Home","Skin Care","Luxi","11-27-2028/0.0","741.0","2028-11-27","2219.0","2710.0","","each","6.748","","1095","9.0","Crestline Pacific Inc"
"L280801060","","VSC33186","Luxi Milk Skin Care 250ml","Beauty & Health & Home","Skin Care","Luxi","08-12-2028/0.0","739.0","2028-08-12","2219.0","2710.0","","each","6.748","","1095","9.0","Crestline Pacific Inc"
"L261001061","","VSC33186","Luxi Milk Skin Care 250ml","Beauty & Health & Home","Skin Care","Luxi","10-30-2026/0.0","739.0","2026-10-30","2219.0","2710.0","","each","6.748","Alert Date Reached","1095","9.0","Crestline Pacific Inc"
"L250901062","","VSC33186","Luxi Milk Skin Care 250ml","Beauty & Health & Home","Skin Care","Luxi","09-04-2025/0.0","0.0","2025-09-04","2219.0","2710.0","","each","6.748","","1095","9.0","Crestline Pacific Inc"
"2026-07-01","","VSC33186","Luxi Milk Skin Care 250ml","Beauty & Health & Home","Skin Care","Luxi","07-01-2026/0.0","0.0","2026-07-01","2219.0","2710.0","","each","6.748","","1095","9.0","Crestline Pacific Inc"
"L260401064","","VSC89340","Luxi Grape Skin Care 200ml","Beauty & Health & Home","Skin Care","Luxi","04-27-2026/0.0","80.0","2026-04-27","159.0","159.0","","each","10.362","Alert Date Reached","1095","15.5","Crestline Pacific Inc"
"L270301065","","VSC89340","Luxi Grape Skin Care 200ml","Beauty & Health & Home","Skin Care","Luxi","03-20-2027/0.0","79.0","2027-03-20","159.0","159.0","","each","10.362","","1095","15.5","Crestline Pacific Inc"
"L261201066","","B50385","Yuanyue Osmanthus Seasoned Vegetarian Snacks 12bags*70g","Candy & Snacks","Seasoned Vegetarian Snacks","Yuanyue","12-26-2026/0.0","3.0","2026-12-26","5.0","5.0","11*7=77","Case","16.923","","240","25.5","Crestline Pacific Inc"
"L270301067","","B50385","Yuanyue Osmanthus Seasoned Vegetarian Snacks 12bags*70g","Candy & Snacks","Seasoned Vegetarian Snacks","Yuanyue","03-24-2027/0.0","2.0","2027-03-24","5.0","5.0","11*7=77","Case","16.923","","240","25.5","Crestline Pacific Inc"
"L250901068","","B50385","Yuanyue Osmanthus Seasoned Vegetarian Snacks 12bags*70g","Candy & Snacks","Seasoned Vegetarian Snacks","Yuanyue","09-26-2025/0.0","0.0","2025-09-26","5.0","5.0","11*7=77","Case","16.923","","240","25.5","Crestline Pacific Inc"
"L260301069","","B50385","Yuanyue Osmanthus Seasoned Vegetarian Snacks 12bags*70g","Candy & Snacks","Seasoned Vegetarian Snacks","Yuanyue","03-15-2026/0.0","0.0","2026-03-15","5.0","5.0","11*7=77","Case","16.923","","240","25.5","Crestline Pacific Inc"
"L270701070","","L97273","Yuanyue Coconut Nuts 8bags*100g","Candy & Snacks","Nuts","Yuanyue","07-29-2027/0.0","3.0","2027-07-29","6.0","6.0","","Case","16.28","","360","23.0","Crestline Pacific Inc"
"L260601071","","L97273","Yuanyue Coconut Nuts 8bags*100g","Candy & Snacks","Nuts","Yuanyue","06-07-2026/0.0","3.0","2026-06-07","6.0","6.0","","Case","16.28","Alert Date Reached","360","23.0","Crestline Pacific Inc"
"2025-11-18","","L97273","Yuanyue Coconut Nuts 8bags*100g","Candy & Snacks","Nuts","Yuanyue","11-18-2025/0.0","0.0","2025-11-18","6.0","6.0","","Case","16.28","","360","23.0","Crestline Pacific Inc"
"2026-06-05","","L97273","Yuanyue Coconut Nuts 8bags*100g","Candy & Snacks","Nuts","Yuanyue","06-05-2026/0.0","0.0","2026-06-05","6.0","6.0","","Case","16.28","","360","23.0","Crestline Pacific Inc"
"L270301074","","B97167","Yuanyue Milk Cheese Snacks 12bags*70g","Candy & Snacks","Cheese Snacks","Yuanyue","03-31-2027/0.0","0.0","2027-03-31","0.0","366.0","11*13=143","Case","12.54","","270","999.0","Crestline Pacific Inc"
"L270401075","","B97167","Yuanyue Milk Cheese Snacks 12bags*70g","Candy & Snacks","Cheese Snacks","Yuanyue","04-28-2027/0.0","0.0","2027-04-28","0.0","366.0","11*13=143","Case","12.54","","270","18.5","Crestline Pacific Inc"
"L261201076","","B97167","Yuanyue Milk Cheese Snacks 12bags*70g","Candy & Snacks","Cheese Snacks","Yuanyue","12-08-2026/0.0","0.0","2026-12-08","0.0","366.0","11*13=143","Case","12.54","","270","18.5","Crestline Pacific Inc"
"2026-01-19","","B97167","Yuanyue Milk Cheese Snacks 12bags*70g","Candy & Snacks","Cheese Snacks","Yuanyue","01-19-2026/0.0","0.0","2026-01-19","0.0","366.0","11*13=143","Case","12.54","","270","18.5","Crestline Pacific Inc"
"L270201078","","B89177","Yuanyue Brown Sugar Seaweed Snacks & Dried Kelp 30bags*100g","Candy & Snacks","Seaweed Snacks & Dried Kelp","Yuanyue","02-15-2027/0.0","4.0","2027-02-15","7.0","12.0","","Case","32.888","","540","42.5","Crestline Pacific Inc"
"L271001079","","B89177","Yuanyue Brown Sugar Seaweed Snacks & Dried Kelp 30bags*100g","Candy & Snacks","Seaweed Snacks & Dried Kelp","Yuanyue","10-04-2027/0.0","3.0","2027-10-04","7.0","12.0","","Case","32.888","","540","42.5","Crestline Pacific Inc"
"2026-01-07","","B89177","Yuanyue Brown Sugar Seaweed Snacks & Dried Kelp 30bags*100g","Candy & Snacks","Seaweed Snacks & Dried Kelp","Yuanyue","01-07-2026/0.0","0.0","2026-01-07","7.0","12.0","","Case","32.888","","540","42.5","Crestline Pacific Inc"
"2025-11-29","","B89177","Yuanyue Brown Sugar Seaweed Snacks & Dried Kelp 30bags*100g","Candy & Snacks","Seaweed Snacks & Dried Kelp","Yuanyue","11-29-2025/0.0","0.0","2025-11-29","7.0","12.0","","Case","32.888","","540","42.5","Crestline Pacific Inc"
"L270701082","","CJ44363","YOUFENG Peach BBQ Sauce 24bags*200g","Seasonings","BBQ Sauce","YOUFENG","07-04-2027/0.0","12.0","2027-07-04","32.0","32.0","18*8=144","Case","35.303","","540","43.0","Crestline Pacific Inc"
"L261001083","","CJ44363","YOUFENG Peach BBQ Sauce 24bags*200g","Seasonings","BBQ Sauce","YOUFENG","10-03-2026/0.0","10.0","2026-10-03","32.0","32.0","18*8=144","Case","35.303","Alert Date Reached","540","43.0","Crestline Pacific Inc"
"L270301084","","CJ44363","YOUFENG Peach BBQ Sauce 24bags*200g","Seasonings","BBQ Sauce","YOUFENG","03-02-2027/0.0","10.0","2027-03-02","32.0","32.0","18*8=144","Case","35.303","","540","43.0","Crestline Pacific Inc"
"2026-07-08","","CJ44363","YOUFENG Peach BBQ Sauce 24bags*200g","Seasonings","BBQ Sauce","YOUFENG","07-08-2026/0.0","0.0","2026-07-08","32.0","32.0","18*8=144","Case","35.303","","540","43.0","Crestline Pacific Inc"
"L251001086","","CJ44363","YOUFENG Peach BBQ Sauce 24bags*200g","Seasonings","BBQ Sauce","YOUFENG","10-27-2025/0.0","0.0","2025-10-27","32.0","32.0","18*8=144","Case","35.303","","540","43.0","Crestline Pacific Inc"
"L270701087","","E32256","YOUFENG Spicy Chili Seasonings 24bags*150g","Seasonings","Chili Seasonings","YOUFENG","07-27-2027/0.0","1.0","2027-07-27","1.0","2.0","","Case","18.763","","1080","25.0","Crestline Pacific Inc"
"L271001088","","E32256","YOUFENG Spicy Chili Seasonings 24bags*150g","Seasonings","Chili Seasonings","YOUFENG","10-02-2027/0.0","0.0","2027-10-02","1.0","2.0","","Case","18.763","","1080","25.0","Crestline Pacific Inc"
"2025-10-19","","E32256","YOUFENG Spicy Chili Seasonings 24bags*150g","Seasonings","Chili Seasonings","YOUFENG","10-19-2025/0.0","0.0","2025-10-19","1.0","2.0","","Case","18.763","","1080","25.0","Crestline Pacific Inc"
"L271201090","","G44190","YOUFENG Coconut Oyster Sauce 10bags*500g","Seasonings","Oyster Sauce","YOUFENG","12-15-2027/0.0","81.0","2027-12-15","243.0","243.0","","Case","34.395","","540","38.5","Crestline Pacific Inc"
"L270501091","","G44190","YOUFENG Coconut Oyster Sauce 10bags*500g","Seasonings","Oyster Sauce","YOUFENG","05-02-2027/0.0","81.0","2027-05-02","243.0","243.0","","Case","34.395","","540","38.5","Crestline Pacific Inc"
"L270901092","","G44190","YOUFENG Coconut Oyster Sauce 10bags*500g","Seasonings","Oyster Sauce","YOUFENG","09-21-2027/0.0","81.0","2027-09-21","243.0","243.0","","Case","34.395","","540","38.5","Crestline Pacific Inc"
"L280601093","","F79371","Xiangxi Taro Mixed Grains 24bags*200g","Grains","Mixed Grains","Xiangxi","06-16-2028/0.0","7.0","2028-06-16","21.0","21.0","4*14=56","Case","13.81","","1080","20.0","Crestline Pacific Inc"
"L260801094","","F79371","Xiangxi Taro Mixed Grains 24bags*200g","Grains","Mixed Grains","Xiangxi","08-19-2026/0.0","7.0","2026-08-19","21.0","21.0","4*14=56","Case","13.81","Alert Date Reached","1080","20.0","Crestline Pacific Inc"
"L281101095","","F79371","Xiangxi Taro Mixed Grains 24bags*200g","Grains","Mixed Grains","Xiangxi","11-25-2028/0.0","7.0","2028-11-25","21.0","21.0","4*14=56","Case","13.81","","1080","20.0","Crestline Pacific Inc"
"L280101096","","F50241","Xiangxi BBQ Rice 30bags*150g","Grains","Rice","Xiangxi","01-08-2028/0.0","8.0","2028-01-08","16.0","16.0","","Case","23.673","","720","35.0","Crestline Pacific Inc"
"L280601097","","F50241","Xiangxi BBQ Rice 30bags*150g","Grains","Rice","Xiangxi","06-02-2028/0.0","8.0","2028-06-02","16.0","16.0","","Case","23.673","","720","35.0","Crestline Pacific Inc"
"L280101098","","C79258","FENGFU Lemon Coffee 24btls*500ml","Beverages","Coffee","FENGFU","01-16-2028/0.0","15.0","2028-01-16","15.0","15.0","12*6=72","Case","20.174","","720","24.5","Crestline Pacific Inc"
"2026-05-16","","C79258","FENGFU Lemon Coffee 24btls*500ml","Beverages","Coffee","FENGFU","05-16-2026/0.0","0.0","2026-05-16","15.0","15.0","12*6=72","Case","20.174","","720","24.5","Crestline Pacific Inc"
"L260501100","","A89374","FENGFU Taro Beverages 20btls*1500ml","Beverages","Beverages","FENGFU","05-13-2026/0.0","8.0","2026-05-13","16.0","20.0","","Case","13.669","Alert Date Reached","360","18.0","Crestline Pacific Inc"
"L270201101","","A89374","FENGFU Taro Beverages 20btls*1500ml","Beverages","Beverages","FENGFU","02-04-2027/0.0","8.0","2027-02-04","16.0","20.0","","Case","13.669","","360","18.0","Crestline Pacific Inc"
"2026-07-31","","A89374","FENGFU Taro Beverages 20btls*1500ml","Beverages","Beverages","FENGFU","07-31-2026/0.0","0.0","2026-07-31","16.0","20.0","","Case","13.669","","360","18.0","Crestline Pacific Inc"
"L260101103","","A89374","FENGFU Taro Beverages 20btls*1500ml","Beverages","Beverages","FENGFU","01-11-2026/0.0","0.0","2026-01-11","16.0","20.0","","Case","13.669","","360","18.0","Crestline Pacific Inc"
"L261201104","","A32387","FENGFU Brown Sugar Sparkling Water 24btls*500ml","Beverages","Sparkling Water","FENGFU","12-05-2026/0.0","19.0","2026-12-05","38.0","38.0","","Case","21.518","","360","24.5","Crestline Pacific Inc"
"L270101105","","A32387","FENGFU Brown Sugar Sparkling Water 24btls*500ml","Beverages","Sparkling Water","FENGFU","01-15-2027/0.0","19.0","2027-01-15","38.0","38.0","","Case","21.518","","360","24.5","Crestline Pacific Inc"
"2025-09-03","","A32387","FENGFU Brown Sugar Sparkling Water 24btls*500ml","Beverages","Sparkling Water","FENGFU","09-03-2025/0.0","0.0","2025-09-03","38.0","38.0","","Case","21.518","","360","24.5","Crestline Pacific Inc"
"L270401107","","A51343","FENGFU Spicy Probiotic Drinks 12btls*330ml","Beverages","Probiotic Drinks","FENGFU","04-30-2027/0.0","692.0","2027-04-30","1384.0","1567.0","6*12=72","Case","12.832","","360","16.5","Crestline Pacific Inc"
"L270701108","","A51343","FENGFU Spicy Probiotic Drinks 12btls*330ml","Beverages","Probiotic Drinks","FENGFU","07-08-2027/0.0","692.0","2027-07-08","1384.0","1567.0","6*12=72","Case","12.832","","360","16.5","Crestline Pacific Inc"
"L270701109","","A45365","LIANGYUE Lychee Sparkling Water 12btls*330ml","Beverages","Sparkling Water","LIANGYUE","07-06-2027/0.0","170.0","2027-07-06","508.0","1255.0","16*8=128","Case","15.395","","360","20.0","Crestline Pacific Inc"
"L270701110","","A45365","LIANGYUE Lychee Sparkling Water 12btls*330ml","Beverages","Sparkling Water","LIANGYUE","07-13-2027/0.0","169.0","2027-07-13","508.0","1255.0","16*8=128","Case","15.395","","360","20.0","Crestline Pacific Inc"
"L270301111","","A45365","LIANGYUE Lychee Sparkling Water 12btls*330ml","Beverages","Sparkling Water","LIANGYUE","03-14-2027/0.0","169.0","2027-03-14","508.0","1255.0","16*8=128","Case","15.395","","360","20.0","Crestline Pacific Inc"
"L260501112","","A45365","LIANGYUE Lychee Sparkling Water 12btls*330ml","Beverages","Sparkling Water","LIANGYUE","05-07-2026/0.0","0.0","2026-05-07","508.0","1255.0","16*8=128","Case","15.395","","360","20.0","Crestline Pacific Inc"
"2026-02-03","","A45365","LIANGYUE Lychee Sparkling Water 12btls*330ml","Beverages","Sparkling Water","LIANGYUE","02-03-2026/0.0","0.0","2026-02-03","508.0","1255.0","16*8=128","Case","15.395","","360","20.0","Crestline Pacific Inc"
"L270401114","","A71349","LIANGYUE Pineapple Juice 12btls*280ml","Beverages","Juice","LIANGYUE","04-13-2027/0.0","209.0","2027-04-13","209.0","209.0","17*5=85","Case","20.114","","360","999.0","Crestline Pacific Inc"
"L270501115","","A13382","LIANGYUE Peach Ready-to-Drink Tea 20btls*330ml","Beverages","Ready-to-Drink Tea","LIANGYUE","05-10-2027/0.0","51.0","2027-05-10","51.0","58.0","9*7=63","Case","11.579","","360","15.0","Crestline Pacific Inc"
"L260801116","","A13382","LIANGYUE Peach Ready-to-Drink Tea 20btls*330ml","Beverages","Ready-to-Drink Tea","LIANGYUE","08-23-2026/0.0","0.0","2026-08-23","51.0","58.0","9*7=63","Case","11.579","","360","15.0","Crestline Pacific Inc"
"L270301117","","L79229","QINGXIAN Brown Sugar Wood Ear Mushroom 8bags*400g","Dried Vegetables","Wood Ear Mushroom","QINGXIAN","03-19-2027/0.0","1.0","2027-03-19","1.0","3.0","15*13=195","Case","43.431","","1080","65.0","Crestline Pacific Inc"
"L271201118","","L79229","QINGXIAN Brown Sugar Wood Ear Mushroom 8bags*400g","Dried Vegetables","Wood Ear Mushroom","QINGXIAN","12-05-2027/0.0","0.0","2027-12-05","1.0","3.0","15*13=195","Case","43.431","","1080","65.0","Crestline Pacific Inc"
"L260801119","","L60293","QINGXIAN Grape Wood Ear Mushroom 24bags*150g","Dried Vegetables","Wood Ear Mushroom","QINGXIAN","08-21-2026/0.0","12.0","2026-08-21","23.0","33.0","14*12=168","Case","48.376","Alert Date Reached","1080","63.5","Crestline Pacific Inc"
"L290401120","","L60293","QINGXIAN Grape Wood Ear Mushroom 24bags*150g","Dried Vegetables","Wood Ear Mushroom","QINGXIAN","04-27-2029/0.0","11.0","2029-04-27","23.0","33.0","14*12=168","Case","48.376","","1080","63.5","Crestline Pacific Inc"
"2025-12-02","","L60293","QINGXIAN Grape Wood Ear Mushroom 24bags*150g","Dried Vegetables","Wood Ear Mushroom","QINGXIAN","12-02-2025/0.0","0.0","2025-12-02","23.0","33.0","14*12=168","Case","48.376","","1080","63.5","Crestline Pacific Inc"
"L270701122","","H23126","QINGXIAN Pickled Vegetable Pickled Products 6bags*100g","Dried Vegetables","Pickled Products","QINGXIAN","07-02-2027/0.0","93.0","2027-07-02","186.0","186.0","18*6=108","Case","30.881","","540","45.5","Crestline Pacific Inc"
"L270601123","","H23126","QINGXIAN Pickled Vegetable Pickled Products 6bags*100g","Dried Vegetables","Pickled Products","QINGXIAN","06-22-2027/0.0","93.0","2027-06-22","186.0","186.0","18*6=108","Case","30.881","","540","45.5","Crestline Pacific Inc"
"L280601124","","C48386","Zhouxi Spicy Drink Powder/Blocks 30bags*1000g","Instant Drinks","Drink Powder/Blocks","Zhouxi","06-16-2028/0.0","0.0","2028-06-16","0.0","4.0","5*12=60","Case","37.528","","720","49.5","Crestline Pacific Inc"
"L260801125","","C48386","Zhouxi Spicy Drink Powder/Blocks 30bags*1000g","Instant Drinks","Drink Powder/Blocks","Zhouxi","08-13-2026/0.0","0.0","2026-08-13","0.0","4.0","5*12=60","Case","37.528","","720","49.5","Crestline Pacific Inc"
"2026-01-22","","C48386","Zhouxi Spicy Drink Powder/Blocks 30bags*1000g","Instant Drinks","Drink Powder/Blocks","Zhouxi","01-22-2026/0.0","0.0","2026-01-22","0.0","4.0","5*12=60","Case","37.528","","720","49.5","Crestline Pacific Inc"
"L271201127","","C69185","Zhouxi Honey Drink Powder/Blocks 6bags*200g","Instant Drinks","Drink Powder/Blocks","Zhouxi","12-21-2027/0.0","83.0","2027-12-21","83.0","83.0","","Case","19.915","","720","27.5","Crestline Pacific Inc"
"L271001128","","FA25197","MEITIAN Grape Frozen Vegetarian 12bags*150g","Frozen & Chilled Foods","Frozen Vegetarian","MEITIAN","10-08-2027/0.0","1.0","2027-10-08","3.0","6.0","","Case","44.835","","540","58.0","Crestline Pacific Inc"
"L261201129","","FA25197","MEITIAN Grape Frozen Vegetarian 12bags*150g","Frozen & Chilled Foods","Frozen Vegetarian","MEITIAN","12-23-2026/0.0","1.0","2026-12-23","3.0","6.0","","Case","44.835","","540","58.0","Crestline Pacific Inc"
"L261001130","","FA25197","MEITIAN Grape Frozen Vegetarian 12bags*150g","Frozen & Chilled Foods","Frozen Vegetarian","MEITIAN","10-15-2026/0.0","1.0","2026-10-15","3.0","6.0","","Case","44.835","Alert Date Reached","540","58.0","Crestline Pacific Inc"
"2026-01-24","","FA25197","MEITIAN Grape Frozen Vegetarian 12bags*150g","Frozen & Chilled Foods","Frozen Vegetarian","MEITIAN","01-24-2026/0.0","0.0","2026-01-24","3.0","6.0","","Case","44.835","","540","58.0","Crestline Pacific Inc"
"L260801132","","FD54137","MEITIAN Lychee Frozen Vegetables 8bags*150g","Frozen & Chilled Foods","Frozen Vegetables","MEITIAN","08-29-2026/0.0","7.0","2026-08-29","7.0","12.0","4*9=36","Case","37.474","Alert Date Reached","730","42.0","Crestline Pacific Inc"
"2026-04-30","","FD54137","MEITIAN Lychee Frozen Vegetables 8bags*150g","Frozen & Chilled Foods","Frozen Vegetables","MEITIAN","04-30-2026/0.0","0.0","2026-04-30","7.0","12.0","4*9=36","Case","37.474","","730","42.0","Crestline Pacific Inc"
"2026-06-25","","FD54137","MEITIAN Lychee Frozen Vegetables 8bags*150g","Frozen & Chilled Foods","Frozen Vegetables","MEITIAN","06-25-2026/0.0","0.0","2026-06-25","7.0","12.0","4*9=36","Case","37.474","","730","42.0","Crestline Pacific Inc"
"L270301135","","B56339","Chenrui Peach Rice Crackers&Popcorn 24bags*500g","Candy & Snacks","Rice Crackers&Popcorn","Chenrui","03-16-2027/0.0","50.0","2027-03-16","150.0","190.0","5*10=50","Case","37.777","","360","44.5","Crestline Pacific Inc"
"L270501136","","B56339","Chenrui Peach Rice Crackers&Popcorn 24bags*500g","Candy & Snacks","Rice Crackers&Popcorn","Chenrui","05-29-2027/0.0","50.0","2027-05-29","150.0","190.0","5*10=50","Case","37.777","","360","44.5","Crestline Pacific Inc"
"L270201137","","B56339","Chenrui Peach Rice Crackers&Popcorn 24bags*500g","Candy & Snacks","Rice Crackers&Popcorn","Chenrui","02-14-2027/0.0","50.0","2027-02-14","150.0","190.0","5*10=50","Case","37.777","","360","44.5","Crestline Pacific Inc"
"L260901138","","B16283","Chenrui Mala Puffed/Flour Snacks 12bags*100g","Candy & Snacks","Puffed/Flour Snacks","Chenrui","09-18-2026/0.0","352.0","2026-09-18","703.0","725.0","5*8=40","Case","34.036","Alert Date Reached","270","44.0","Crestline Pacific Inc"
"L270201139","","B16283","Chenrui Mala Puffed/Flour Snacks 12bags*100g","Candy & Snacks","Puffed/Flour Snacks","Chenrui","02-02-2027/0.0","351.0","2027-02-02","703.0","725.0","5*8=40","Case","34.036","","270","44.0","Crestline Pacific Inc"
"L261101140","","B28336","Chenrui Tomato Candy 12bags*100g","Candy & Snacks","Candy","Chenrui","11-19-2026/0.0","378.0","2026-11-19","378.0","402.0","7*7=49","Case","27.254","Alert Date Reached","540","37.5","Crestline Pacific Inc"
"L250801141","","B28336","Chenrui Tomato Candy 12bags*100g","Candy & Snacks","Candy","Chenrui","08-25-2025/0.0","0.0","2025-08-25","378.0","402.0","7*7=49","Case","27.254","","540","37.5","Crestline Pacific Inc"
"2026-03-31","","B28336","Chenrui Tomato Candy 12bags*100g","Candy & Snacks","Candy","Chenrui","03-31-2026/0.0","0.0","2026-03-31","378.0","402.0","7*7=49","Case","27.254","","540","37.5","Crestline Pacific Inc"
"L270501143","","B83168","Chenrui Mala Puffed/Flour Snacks 24bags*400g","Candy & Snacks","Puffed/Flour Snacks","Chenrui","05-05-2027/0.0","1.0","2027-05-05","1.0","2.0","10*10=100","Case","22.446","","270","32.0","Crestline Pacific Inc"
"L270301144","","B83168","Chenrui Mala Puffed/Flour Snacks 24bags*400g","Candy & Snacks","Puffed/Flour Snacks","Chenrui","03-26-2027/0.0","0.0","2027-03-26","1.0","2.0","10*10=100","Case","22.446","","270","32.0","Crestline Pacific Inc"
"L270501145","","B83168","Chenrui Mala Puffed/Flour Snacks 24bags*400g","Candy & Snacks","Puffed/Flour Snacks","Chenrui","05-23-2027/0.0","0.0","2027-05-23","1.0","2.0","10*10=100","Case","22.446","","270","32.0","Crestline Pacific Inc"
"2025-10-17","","B83168","Chenrui Mala Puffed/Flour Snacks 24bags*400g","Candy & Snacks","Puffed/Flour Snacks","Chenrui","10-17-2025/0.0","0.0","2025-10-17","1.0","2.0","10*10=100","Case","22.446","","270","32.0","Crestline Pacific Inc"
"L270101147","","A29259","Baoan Beef Milk Drinks 15btls*280ml","Beverages","Milk Drinks","Baoan","01-03-2027/0.0","2.0","2027-01-03","2.0","4.0","","Case","14.972","","240","21.0","Crestline Pacific Inc"
"L270301148","","A29259","Baoan Beef Milk Drinks 15btls*280ml","Beverages","Milk Drinks","Baoan","03-25-2027/0.0","0.0","2027-03-25","2.0","4.0","","Case","14.972","","240","21.0","Crestline Pacific Inc"
"L261001149","","A29259","Baoan Beef Milk Drinks 15btls*280ml","Beverages","Milk Drinks","Baoan","10-22-2026/0.0","0.0","2026-10-22","2.0","4.0","","Case","14.972","","240","21.0","Crestline Pacific Inc"
"L270201150","","A17227","Baoan Grape Coconut Water 20btls*280ml","Beverages","Coconut Water","Baoan","02-17-2027/0.0","25.0","2027-02-17","49.0","49.0","16*11=176","Case","20.415","","360","26.0","Crestline Pacific Inc"
"L270201151","","A17227","Baoan Grape Coconut Water 20btls*280ml","Beverages","Coconut Water","Baoan","02-17-2027/0.0","24.0","2027-02-17","49.0","49.0","16*11=176","Case","20.415","","360","26.0","Crestline Pacific Inc"
"L270401152","","A87246","Baoan Garlic Beverages 15btls*480ml","Beverages","Beverages","Baoan","04-15-2027/0.0","24.0","2027-04-15","48.0","67.0","14*14=196","Case","17.759","","360","24.5","Crestline Pacific Inc"
"L270201153","","A87246","Baoan Garlic Beverages 15btls*480ml","Beverages","Beverages","Baoan","02-04-2027/0.0","24.0","2027-02-04","48.0","67.0","14*14=196","Case","17.759","","360","24.5","Crestline Pacific Inc"
"L270201154","","A92139","Baoan Beef Milk 24btls*480ml","Beverages","Milk","Baoan","02-21-2027/0.0","1.0","2027-02-21","1.0","1.0","4*13=52","Case","16.47","","360","999.0","Crestline Pacific Inc"
"L270501155","","A92139","Baoan Beef Milk 24btls*480ml","Beverages","Milk","Baoan","05-05-2027/0.0","0.0","2027-05-05","1.0","1.0","4*13=52","Case","16.47","","360","21.0","Crestline Pacific Inc"
"L270701156","","A92139","Baoan Beef Milk 24btls*480ml","Beverages","Milk","Baoan","07-21-2027/0.0","0.0","2027-07-21","1.0","1.0","4*13=52","Case","16.47","","360","21.0","Crestline Pacific Inc"
"L260501157","","A92139","Baoan Beef Milk 24btls*480ml","Beverages","Milk","Baoan","05-31-2026/0.0","0.0","2026-05-31","1.0","1.0","4*13=52","Case","16.47","","360","21.0","Crestline Pacific Inc"
"L280301158","","D23226","JINSONG Peach Rice Noodles 12bags*200g","Dry Noodles","Rice Noodles","JINSONG","03-15-2028/0.0","18.0","2028-03-15","36.0","37.0","16*12=192","Case","16.243","","720","18.5","Crestline Pacific Inc"
"L271201159","","D23226","JINSONG Peach Rice Noodles 12bags*200g","Dry Noodles","Rice Noodles","JINSONG","12-04-2027/0.0","18.0","2027-12-04","36.0","37.0","16*12=192","Case","16.243","","720","18.5","Crestline Pacific Inc"
"2026-05-14","","D23226","JINSONG Peach Rice Noodles 12bags*200g","Dry Noodles","Rice Noodles","JINSONG","05-14-2026/0.0","0.0","2026-05-14","36.0","37.0","16*12=192","Case","16.243","","720","18.5","Crestline Pacific Inc"
"L251201161","","D23226","JINSONG Peach Rice Noodles 12bags*200g","Dry Noodles","Rice Noodles","JINSONG","12-23-2025/0.0","0.0","2025-12-23","36.0","37.0","16*12=192","Case","16.243","","720","18.5","Crestline Pacific Inc"
"L270201162","","A43150","FENGFENG Garlic Milk 12btls*500ml","Beverages","Milk","FENGFENG","02-17-2027/0.0","1.0","2027-02-17","1.0","3.0","","Case","17.841","","360","20.0","Crestline Pacific Inc"
"L270501163","","A43150","FENGFENG Garlic Milk 12btls*500ml","Beverages","Milk","FENGFENG","05-04-2027/0.0","0.0","2027-05-04","1.0","3.0","","Case","17.841","","360","20.0","Crestline Pacific Inc"
"L270101164","","A43150","FENGFENG Garlic Milk 12btls*500ml","Beverages","Milk","FENGFENG","01-12-2027/0.0","0.0","2027-01-12","1.0","3.0","","Case","17.841","","360","20.0","Crestline Pacific Inc"
"L270701165","","A53303","FENGFENG Milk Ready-to-Drink Tea 24btls*480ml","Beverages","Ready-to-Drink Tea","FENGFENG","07-05-2027/0.0","0.0","2027-07-05","0.0","2.0","4*6=24","Case","14.796","","360","16.5","Crestline Pacific Inc"
"L261101166","","A53303","FENGFENG Milk Ready-to-Drink Tea 24btls*480ml","Beverages","Ready-to-Drink Tea","FENGFENG","11-17-2026/0.0","0.0","2026-11-17","0.0","2.0","4*6=24","Case","14.796","","360","16.5","Crestline Pacific Inc"
"L270501167","","A53303","FENGFENG Milk Ready-to-Drink Tea 24btls*480ml","Beverages","Ready-to-Drink Tea","FENGFENG","05-31-2027/0.0","0.0","2027-05-31","0.0","2.0","4*6=24","Case","14.796","","360","16.5","Crestline Pacific Inc"
"2025-09-16","","A53303","FENGFENG Milk Ready-to-Drink Tea 24btls*480ml","Beverages","Ready-to-Drink Tea","FENGFENG","09-16-2025/0.0","0.0","2025-09-16","0.0","2.0","4*6=24","Case","14.796","","360","16.5","Crestline Pacific Inc"
"L261101169","","A29340","FENGFENG Matcha Plant-Based Drinks 12btls*480ml","Beverages","Plant-Based Drinks","FENGFENG","11-13-2026/0.0","182.0","2026-11-13","182.0","183.0","10*5=50","Case","10.138","Alert Date Reached","360","14.5","Crestline Pacific Inc"
"L260101170","","A29340","FENGFENG Matcha Plant-Based Drinks 12btls*480ml","Beverages","Plant-Based Drinks","FENGFENG","01-10-2026/0.0","0.0","2026-01-10","182.0","183.0","10*5=50","Case","10.138","","360","14.5","Crestline Pacific Inc"
"2025-09-19","","A29340","FENGFENG Matcha Plant-Based Drinks 12btls*480ml","Beverages","Plant-Based Drinks","FENGFENG","09-19-2025/0.0","0.0","2025-09-19","182.0","183.0","10*5=50","Case","10.138","","360","14.5","Crestline Pacific Inc"
"L270401172","","A16378","FENGFENG Green Tea Sparkling Water 12btls*500ml","Beverages","Sparkling Water","FENGFENG","04-12-2027/0.0","43.0","2027-04-12","85.0","245.0","","Case","11.697","","360","13.0","Crestline Pacific Inc"
"L270401173","","A16378","FENGFENG Green Tea Sparkling Water 12btls*500ml","Beverages","Sparkling Water","FENGFENG","04-14-2027/0.0","42.0","2027-04-14","85.0","245.0","","Case","11.697","","360","13.0","Crestline Pacific Inc"
"L270801174","","F18149","FENGGU Lemon Flour 12bags*200g","Grains","Flour","FENGGU","08-03-2027/0.0","6.0","2027-08-03","12.0","15.0","11*14=154","Case","37.865","","720","46.5","Crestline Pacific Inc"
"L270501175","","F18149","FENGGU Lemon Flour 12bags*200g","Grains","Flour","FENGGU","05-30-2027/0.0","6.0","2027-05-30","12.0","15.0","11*14=154","Case","37.865","","720","46.5","Crestline Pacific Inc"
"L260401176","","F18149","FENGGU Lemon Flour 12bags*200g","Grains","Flour","FENGGU","04-15-2026/0.0","0.0","2026-04-15","12.0","15.0","11*14=154","Case","37.865","","720","46.5","Crestline Pacific Inc"
"L290101177","","F17210","CHENGQING Jujube Peanuts 12bags*70g","Grains","Peanuts","CHENGQING","01-21-2029/0.0","0.0","2029-01-21","0.0","1.0","5*11=55","Case","23.599","","1080","35.5","Crestline Pacific Inc"
"L260801178","","F17210","CHENGQING Jujube Peanuts 12bags*70g","Grains","Peanuts","CHENGQING","08-11-2026/0.0","0.0","2026-08-11","0.0","1.0","5*11=55","Case","23.599","","1080","35.5","Crestline Pacific Inc"
"L271101179","","F47162","CHENGQING Garlic Flour 6bags*70g","Grains","Flour","CHENGQING","11-10-2027/0.0","3.0","2027-11-10","7.0","9.0","10*12=120","Case","21.273","","720","24.0","Crestline Pacific Inc"
"L280101180","","F47162","CHENGQING Garlic Flour 6bags*70g","Grains","Flour","CHENGQING","01-30-2028/0.0","2.0","2028-01-30","7.0","9.0","10*12=120","Case","21.273","","720","24.0","Crestline Pacific Inc"
"L270301181","","F47162","CHENGQING Garlic Flour 6bags*70g","Grains","Flour","CHENGQING","03-26-2027/0.0","2.0","2027-03-26","7.0","9.0","10*12=120","Case","21.273","","720","24.0","Crestline Pacific Inc"
"L280901182","","VBB72309","CHENWAN Pineapple Baby Products 150ml","Beauty & Health & Home","Baby Products","CHENWAN","09-07-2028/0.0","441.0","2028-09-07","441.0","1410.0","","each","10.362","","1095","15.5","Crestline Pacific Inc"
"L320601183","","VCA14282","CHENWAN Spicy Fashion Jewelry 100ml","Beauty & Health & Home","Fashion Jewelry","CHENWAN","06-21-2032/0.0","148.0","2032-06-21","296.0","412.0","14*5=70","each","4.623","","3650","7.0","Crestline Pacific Inc"
"L260601184","","VCA14282","CHENWAN Spicy Fashion Jewelry 100ml","Beauty & Health & Home","Fashion Jewelry","CHENWAN","06-27-2026/0.0","148.0","2026-06-27","296.0","412.0","14*5=70","each","4.623","Alert Date Reached","3650","7.0","Crestline Pacific Inc"
"L260101185","","VCA14282","CHENWAN Spicy Fashion Jewelry 100ml","Beauty & Health & Home","Fashion Jewelry","CHENWAN","01-05-2026/0.0","0.0","2026-01-05","296.0","412.0","14*5=70","each","4.623","","3650","7.0","Crestline Pacific Inc"
"L260701186","","VSC77229","CHENWAN Grape Skin Care 60ml","Beauty & Health & Home","Skin Care","CHENWAN","07-30-2026/0.0","38.0","2026-07-30","110.0","110.0","4*8=32","each","8.315","Alert Date Reached","1095","9.5","Crestline Pacific Inc"
"L281001187","","VSC77229","CHENWAN Grape Skin Care 60ml","Beauty & Health & Home","Skin Care","CHENWAN","10-08-2028/0.0","36.0","2028-10-08","110.0","110.0","4*8=32","each","8.315","","1095","9.5","Crestline Pacific Inc"
"L281101188","","VSC77229","CHENWAN Grape Skin Care 60ml","Beauty & Health & Home","Skin Care","CHENWAN","11-30-2028/0.0","36.0","2028-11-30","110.0","110.0","4*8=32","each","8.315","","1095","9.5","Crestline Pacific Inc"
"L261201189","","VHB18210","CHENWAN Sea Salt Hair 10bags*70g","Beauty & Health & Home","Hair","CHENWAN","12-19-2026/0.0","86.0","2026-12-19","256.0","411.0","9*13=117","Case","13.866","","1095","16.0","Crestline Pacific Inc"
"L280901190","","VHB18210","CHENWAN Sea Salt Hair 10bags*70g","Beauty & Health & Home","Hair","CHENWAN","09-17-2028/0.0","85.0","2028-09-17","256.0","411.0","9*13=117","Case","13.866","","1095","16.0","Crestline Pacific Inc"
"L270501191","","VHB18210","CHENWAN Sea Salt Hair 10bags*70g","Beauty & Health & Home","Hair","CHENWAN","05-07-2027/0.0","85.0","2027-05-07","256.0","411.0","9*13=117","Case","13.866","","1095","16.0","Crestline Pacific Inc"
"L260801192","","VHK94159","CHENWAN Strawberry Household Goods 500ml","Beauty & Health & Home","Household Goods","CHENWAN","08-29-2026/0.0","91.0","2026-08-29","182.0","280.0","17*8=136","each","6.815","Alert Date Reached","1095","8.0","Crestline Pacific Inc"
"L270601193","","VHK94159","CHENWAN Strawberry Household Goods 500ml","Beauty & Health & Home","Household Goods","CHENWAN","06-28-2027/0.0","91.0","2027-06-28","182.0","280.0","17*8=136","each","6.815","","1095","8.0","Crestline Pacific Inc"
"L280701194","","VHB47257","CHENWAN Chocolate Hair 12bags*200g","Beauty & Health & Home","Hair","CHENWAN","07-16-2028/0.0","0.0","2028-07-16","0.0","1.0","10*6=60","Case","3.325","","1095","4.0","Crestline Pacific Inc"
"L290401195","","VHB47257","CHENWAN Chocolate Hair 12bags*200g","Beauty & Health & Home","Hair","CHENWAN","04-18-2029/0.0","0.0","2029-04-18","0.0","1.0","10*6=60","Case","3.325","","1095","4.0","Crestline Pacific Inc"
"L270801196","","G10181","Baochen Pickled Vegetable Soybean Paste 8bags*1000g","Seasonings","Soybean Paste","Baochen","08-09-2027/0.0","0.0","2027-08-09","0.0","1.0","","Case","24.997","","720","34.5","Crestline Pacific Inc"
"L270701197","","G10181","Baochen Pickled Vegetable Soybean Paste 8bags*1000g","Seasonings","Soybean Paste","Baochen","07-29-2027/0.0","0.0","2027-07-29","0.0","1.0","","Case","24.997","","720","34.5","Crestline Pacific Inc"
"L260601198","","G10181","Baochen Pickled Vegetable Soybean Paste 8bags*1000g","Seasonings","Soybean Paste","Baochen","06-09-2026/0.0","0.0","2026-06-09","0.0","1.0","","Case","24.997","","720","34.5","Crestline Pacific Inc"
"2026-07-24","","G10181","Baochen Pickled Vegetable Soybean Paste 8bags*1000g","Seasonings","Soybean Paste","Baochen","07-24-2026/0.0","0.0","2026-07-24","0.0","1.0","","Case","24.997","","720","34.5","Crestline Pacific Inc"
"L270301200","","G40123","YUANQING Osmanthus Jam 10bags*150g","Honey & Jam","Jam","YUANQING","03-15-2027/0.0","48.0","2027-03-15","95.0","95.0","17*6=102","Case","22.761","","360","26.5","Crestline Pacific Inc"
"L270101201","","G40123","YUANQING Osmanthus Jam 10bags*150g","Honey & Jam","Jam","YUANQING","01-02-2027/0.0","47.0","2027-01-02","95.0","95.0","17*6=102","Case","22.761","","360","26.5","Crestline Pacific Inc"
"L281001202","","E02353","YUANQING Coconut Brown Sugar 30bags*400g","Honey & Jam","Brown Sugar","YUANQING","10-18-2028/0.0","161.0","2028-10-18","161.0","161.0","","Case","33.255","","1080","47.5","Crestline Pacific Inc"
"L260101203","","E02353","YUANQING Coconut Brown Sugar 30bags*400g","Honey & Jam","Brown Sugar","YUANQING","01-02-2026/0.0","0.0","2026-01-02","161.0","161.0","","Case","33.255","","1080","47.5","Crestline Pacific Inc"
"L280701204","","E40196","YUANQING Melon Brown Sugar 20bags*100g","Honey & Jam","Brown Sugar","YUANQING","07-13-2028/0.0","382.0","2028-07-13","382.0","622.0","8*13=104","Case","42.789","","1080","54.5","Crestline Pacific Inc"
"L250901205","","E40196","YUANQING Melon Brown Sugar 20bags*100g","Honey & Jam","Brown Sugar","YUANQING","09-13-2025/0.0","0.0","2025-09-13","382.0","622.0","8*13=104","Case","42.789","","1080","54.5","Crestline Pacific Inc"
"L260601206","","E40196","YUANQING Melon Brown Sugar 20bags*100g","Honey & Jam","Brown Sugar","YUANQING","06-04-2026/0.0","0.0","2026-06-04","382.0","622.0","8*13=104","Case","42.789","","1080","54.5","Crestline Pacific Inc"
"L280601207","","E09373","Guwan Osmanthus White Sugar 12bags*100g","Honey & Jam","White Sugar","Guwan","06-19-2028/0.0","43.0","2028-06-19","43.0","71.0","9*10=90","Case","35.108","","1080","40.5","Crestline Pacific Inc"
"L260401208","","E09373","Guwan Osmanthus White Sugar 12bags*100g","Honey & Jam","White Sugar","Guwan","04-15-2026/0.0","0.0","2026-04-15","43.0","71.0","9*10=90","Case","35.108","","1080","40.5","Crestline Pacific Inc"
"L271001209","","G71202","CHUANRUI Green Tea MSG&Seasoning Powder 12bags*70g","Seasonings","MSG&Seasoning Powder","CHUANRUI","10-15-2027/0.0","14.0","2027-10-15","28.0","29.0","","Case","21.419","","720","26.0","Crestline Pacific Inc"
"L260901210","","G71202","CHUANRUI Green Tea MSG&Seasoning Powder 12bags*70g","Seasonings","MSG&Seasoning Powder","CHUANRUI","09-29-2026/0.0","14.0","2026-09-29","28.0","29.0","","Case","21.419","Alert Date Reached","720","26.0","Crestline Pacific Inc"
"L260501211","","G71202","CHUANRUI Green Tea MSG&Seasoning Powder 12bags*70g","Seasonings","MSG&Seasoning Powder","CHUANRUI","05-01-2026/0.0","0.0","2026-05-01","28.0","29.0","","Case","21.419","","720","26.0","Crestline Pacific Inc"
"L270601212","","CJ44247","CHUANRUI Strawberry Salt 6bags*70g","Seasonings","Salt","CHUANRUI","06-17-2027/0.0","44.0","2027-06-17","44.0","44.0","","Case","36.054","","1800","40.5","Crestline Pacific Inc"
"L271001213","","G45227","CHUANRUI Strawberry Sauces 10bags*70g","Seasonings","Sauces","CHUANRUI","10-09-2027/0.0","1.0","2027-10-09","1.0","2.0","16*13=208","Case","52.655","","540","59.5","Crestline Pacific Inc"
"L261201214","","G96120","CHUANRUI Strawberry Dipping Sauce 6bags*500g","Seasonings","Dipping Sauce","CHUANRUI","12-24-2026/0.0","78.0","2026-12-24","156.0","158.0","4*5=20","Case","16.055","","360","22.0","Crestline Pacific Inc"
"L260601215","","G96120","CHUANRUI Strawberry Dipping Sauce 6bags*500g","Seasonings","Dipping Sauce","CHUANRUI","06-16-2026/0.0","78.0","2026-06-16","156.0","158.0","4*5=20","Case","16.055","Alert Date Reached","360","22.0","Crestline Pacific Inc"
"2026-04-19","","G96120","CHUANRUI Strawberry Dipping Sauce 6bags*500g","Seasonings","Dipping Sauce","CHUANRUI","04-19-2026/0.0","0.0","2026-04-19","156.0","158.0","4*5=20","Case","16.055","","360","22.0","Crestline Pacific Inc"
"L260301217","","G96120","CHUANRUI Strawberry Dipping Sauce 6bags*500g","Seasonings","Dipping Sauce","CHUANRUI","03-14-2026/0.0","0.0","2026-03-14","156.0","158.0","4*5=20","Case","16.055","","360","22.0","Crestline Pacific Inc"
"L261201218","","VPC10254","Chenmai Mango Eye Care 150ml","Beauty & Health & Home","Eye Care","Chenmai","12-09-2026/0.0","24.0","2026-12-09","72.0","72.0","6*5=30","each","12.201","","1095","16.5","Crestline Pacific Inc"
"L261001219","","VPC10254","Chenmai Mango Eye Care 150ml","Beauty & Health & Home","Eye Care","Chenmai","10-08-2026/0.0","24.0","2026-10-08","72.0","72.0","6*5=30","each","12.201","Alert Date Reached","1095","16.5","Crestline Pacific Inc"
"L290101220","","VPC10254","Chenmai Mango Eye Care 150ml","Beauty & Health & Home","Eye Care","Chenmai","01-25-2029/0.0","24.0","2029-01-25","72.0","72.0","6*5=30","each","12.201","","1095","16.5","Crestline Pacific Inc"
"L261101221","","VHB67316","Chenmai Beef Hair Care 150ml","Beauty & Health & Home","Hair Care","Chenmai","11-21-2026/0.0","11.0","2026-11-21","11.0","11.0","4*14=56","each","19.492","Alert Date Reached","1095","25.5","Crestline Pacific Inc"
"L270201222","","VPC79142","Maibao Seafood Eye Care 400ml","Beauty & Health & Home","Eye Care","Maibao","02-04-2027/0.0","411.0","2027-02-04","1233.0","1233.0","11*10=110","each","5.423","","1095","8.0","Crestline Pacific Inc"
"L270801223","","VPC79142","Maibao Seafood Eye Care 400ml","Beauty & Health & Home","Eye Care","Maibao","08-20-2027/0.0","411.0","2027-08-20","1233.0","1233.0","11*10=110","each","5.423","","1095","8.0","Crestline Pacific Inc"
"L280201224","","VPC79142","Maibao Seafood Eye Care 400ml","Beauty & Health & Home","Eye Care","Maibao","02-06-2028/0.0","411.0","2028-02-06","1233.0","1233.0","11*10=110","each","5.423","","1095","8.0","Crestline Pacific Inc"
"L290401225","","VPC50200","Maibao Spicy Personal Care 200ml","Beauty & Health & Home","Personal Care","Maibao","04-02-2029/0.0","1.0","2029-04-02","1.0","1.0","11*12=132","each","7.299","","1095","9.5","Crestline Pacific Inc"
"2026-06-28","","VPC50200","Maibao Spicy Personal Care 200ml","Beauty & Health & Home","Personal Care","Maibao","06-28-2026/0.0","0.0","2026-06-28","1.0","1.0","11*12=132","each","7.299","","1095","9.5","Crestline Pacific Inc"
"2026-01-12","","VPC50200","Maibao Spicy Personal Care 200ml","Beauty & Health & Home","Personal Care","Maibao","01-12-2026/0.0","0.0","2026-01-12","1.0","1.0","11*12=132","each","7.299","","1095","9.5","Crestline Pacific Inc"
"L290401228","","VHB69106","Maibao Brown Sugar Hand & Body Care 400ml","Beauty & Health & Home","Hand & Body Care","Maibao","04-20-2029/0.0","33.0","2029-04-20","65.0","65.0","17*9=153","each","9.951","","1095","12.5","Crestline Pacific Inc"
"L270301229","","VHB69106","Maibao Brown Sugar Hand & Body Care 400ml","Beauty & Health & Home","Hand & Body Care","Maibao","03-06-2027/0.0","32.0","2027-03-06","65.0","65.0","17*9=153","each","9.951","","1095","12.5","Crestline Pacific Inc"
"2025-12-06","","VHB69106","Maibao Brown Sugar Hand & Body Care 400ml","Beauty & Health & Home","Hand & Body Care","Maibao","12-06-2025/0.0","0.0","2025-12-06","65.0","65.0","17*9=153","each","9.951","","1095","12.5","Crestline Pacific Inc"
"L251201231","","VHB69106","Maibao Brown Sugar Hand & Body Care 400ml","Beauty & Health & Home","Hand & Body Care","Maibao","12-03-2025/0.0","0.0","2025-12-03","65.0","65.0","17*9=153","each","9.951","","1095","12.5","Crestline Pacific Inc"
"L270201232","","VHB30230","Maibao Beef Hair 6bags*400g","Beauty & Health & Home","Hair","Maibao","02-09-2027/0.0","0.0","2027-02-09","0.0","1.0","13*6=78","Case","8.791","","1095","13.0","Crestline Pacific Inc"
"L290601233","","VHB30230","Maibao Beef Hair 6bags*400g","Beauty & Health & Home","Hair","Maibao","06-02-2029/0.0","0.0","2029-06-02","0.0","1.0","13*6=78","Case","8.791","","1095","13.0","Crestline Pacific Inc"
"L270801234","","VHB30230","Maibao Beef Hair 6bags*400g","Beauty & Health & Home","Hair","Maibao","08-19-2027/0.0","0.0","2027-08-19","0.0","1.0","13*6=78","Case","8.791","","1095","13.0","Crestline Pacific Inc"
"L350101235","","VHK30154","Maibao Melon Home Cleaning 250ml","Beauty & Health & Home","Home Cleaning","Maibao","01-08-2035/0.0","959.0","2035-01-08","1917.0","1917.0","12*11=132","each","13.328","","3650","17.5","Crestline Pacific Inc"
"L280901236","","VHK30154","Maibao Melon Home Cleaning 250ml","Beauty & Health & Home","Home Cleaning","Maibao","09-17-2028/0.0","958.0","2028-09-17","1917.0","1917.0","12*11=132","each","13.328","","3650","17.5","Crestline Pacific Inc"
"L270401237","","VHS64175","Maibao Jujube Health & Nutrition Drinks 200ml","Beauty & Health & Home","Health & Nutrition Drinks","Maibao","04-25-2027/0.0","47.0","2027-04-25","141.0","141.0","10*6=60","each","8.933","","1095","13.0","Crestline Pacific Inc"
"L271201238","","VHS64175","Maibao Jujube Health & Nutrition Drinks 200ml","Beauty & Health & Home","Health & Nutrition Drinks","Maibao","12-27-2027/0.0","47.0","2027-12-27","141.0","141.0","10*6=60","each","8.933","","1095","13.0","Crestline Pacific Inc"
"L290501239","","VHS64175","Maibao Jujube Health & Nutrition Drinks 200ml","Beauty & Health & Home","Health & Nutrition Drinks","Maibao","05-16-2029/0.0","47.0","2029-05-16","141.0","141.0","10*6=60","each","8.933","","1095","13.0","Crestline Pacific Inc"
"2026-01-24","","VHS64175","Maibao Jujube Health & Nutrition Drinks 200ml","Beauty & Health & Home","Health & Nutrition Drinks","Maibao","01-24-2026/0.0","0.0","2026-01-24","141.0","141.0","10*6=60","each","8.933","","1095","13.0","Crestline Pacific Inc"
"L270101241","","E17271","BAOSHUN Original Black Pepper 8bags*400g","Seasonings","Black Pepper","BAOSHUN","01-17-2027/0.0","16.0","2027-01-17","48.0","48.0","","Case","41.554","","1000","52.5","Crestline Pacific Inc"
"L280901242","","E17271","BAOSHUN Original Black Pepper 8bags*400g","Seasonings","Black Pepper","BAOSHUN","09-20-2028/0.0","16.0","2028-09-20","48.0","48.0","","Case","41.554","","1000","52.5","Crestline Pacific Inc"
"L270701243","","E17271","BAOSHUN Original Black Pepper 8bags*400g","Seasonings","Black Pepper","BAOSHUN","07-26-2027/0.0","16.0","2027-07-26","48.0","48.0","","Case","41.554","","1000","52.5","Crestline Pacific Inc"
"2025-09-07","","E17271","BAOSHUN Original Black Pepper 8bags*400g","Seasonings","Black Pepper","BAOSHUN","09-07-2025/0.0","0.0","2025-09-07","48.0","48.0","","Case","41.554","","1000","52.5","Crestline Pacific Inc"
"L260401245","","E17271","BAOSHUN Original Black Pepper 8bags*400g","Seasonings","Black Pepper","BAOSHUN","04-03-2026/0.0","0.0","2026-04-03","48.0","48.0","","Case","41.554","","1000","52.5","Crestline Pacific Inc"
"L280101246","","CJ74307","BAOSHUN Oolong BBQ Sauce 20bags*400g","Seasonings","BBQ Sauce","BAOSHUN","01-05-2028/0.0","122.0","2028-01-05","243.0","243.0","18*7=126","Case","26.312","","540","36.5","Crestline Pacific Inc"
"L270801247","","CJ74307","BAOSHUN Oolong BBQ Sauce 20bags*400g","Seasonings","BBQ Sauce","BAOSHUN","08-26-2027/0.0","121.0","2027-08-26","243.0","243.0","18*7=126","Case","26.312","","540","36.5","Crestline Pacific Inc"
"2026-04-09","","CJ74307","BAOSHUN Oolong BBQ Sauce 20bags*400g","Seasonings","BBQ Sauce","BAOSHUN","04-09-2026/0.0","0.0","2026-04-09","243.0","243.0","18*7=126","Case","26.312","","540","36.5","Crestline Pacific Inc"
"L260301249","","CJ74307","BAOSHUN Oolong BBQ Sauce 20bags*400g","Seasonings","BBQ Sauce","BAOSHUN","03-19-2026/0.0","0.0","2026-03-19","243.0","243.0","18*7=126","Case","26.312","","540","36.5","Crestline Pacific Inc"
"L270901250","","E41352","BAOSHUN Chocolate Garlic 1bag*50lb","Seasonings","Garlic","BAOSHUN","09-17-2027/0.0","12.0","2027-09-17","23.0","23.0","12*5=60","Bag","44.033","","1080","54.0","Crestline Pacific Inc"
"L270501251","","E41352","BAOSHUN Chocolate Garlic 1bag*50lb","Seasonings","Garlic","BAOSHUN","05-26-2027/0.0","11.0","2027-05-26","23.0","23.0","12*5=60","Bag","44.033","","1080","54.0","Crestline Pacific Inc"
"L270401252","","B09351","Anchuan Coconut Rice Crackers&Popcorn 10bags*1000g","Candy & Snacks","Rice Crackers&Popcorn","Anchuan","04-08-2027/0.0","4.0","2027-04-08","8.0","8.0","12*13=156","Case","21.181","","360","27.0","Crestline Pacific Inc"
"L261001253","","B09351","Anchuan Coconut Rice Crackers&Popcorn 10bags*1000g","Candy & Snacks","Rice Crackers&Popcorn","Anchuan","10-11-2026/0.0","2.0","2026-10-11","8.0","8.0","12*13=156","Case","21.181","Alert Date Reached","360","27.0","Crestline Pacific Inc"
"L270701254","","B09351","Anchuan Coconut Rice Crackers&Popcorn 10bags*1000g","Candy & Snacks","Rice Crackers&Popcorn","Anchuan","07-17-2027/0.0","2.0","2027-07-17","8.0","8.0","12*13=156","Case","21.181","","360","27.0","Crestline Pacific Inc"
"L280201255","","G04157","Yuanxi Five Spice Chili Sauce 24bags*150g","Seasonings","Chili Sauce","Yuanxi","02-15-2028/0.0","161.0","2028-02-15","161.0","258.0","","Case","24.025","","720","30.0","Crestline Pacific Inc"
"L261201256","","E28264","Yuanxi Beef Sichuan Pepper Seasonings 10bags*1000g","Seasonings","Sichuan Pepper Seasonings","Yuanxi","12-27-2026/0.0","1.0","2026-12-27","3.0","3.0","18*11=198","Case","16.291","","1080","19.5","Crestline Pacific Inc"
"L261001257","","E28264","Yuanxi Beef Sichuan Pepper Seasonings 10bags*1000g","Seasonings","Sichuan Pepper Seasonings","Yuanxi","10-22-2026/0.0","1.0","2026-10-22","3.0","3.0","18*11=198","Case","16.291","Alert Date Reached","1080","19.5","Crestline Pacific Inc"
"L280801258","","E28264","Yuanxi Beef Sichuan Pepper Seasonings 10bags*1000g","Seasonings","Sichuan Pepper Seasonings","Yuanxi","08-22-2028/0.0","1.0","2028-08-22","3.0","3.0","18*11=198","Case","16.291","","1080","19.5","Crestline Pacific Inc"
"L270401259","","FA27163","TIANJIN Pineapple Dumplings 10bags*100g","Frozen & Chilled Foods","Dumplings","TIANJIN","04-24-2027/0.0","11.0","2027-04-24","21.0","42.0","16*6=96","Case","40.748","","450","55.5","Crestline Pacific Inc"
"L270701260","","FA27163","TIANJIN Pineapple Dumplings 10bags*100g","Frozen & Chilled Foods","Dumplings","TIANJIN","07-04-2027/0.0","10.0","2027-07-04","21.0","42.0","16*6=96","Case","40.748","","450","55.5","Crestline Pacific Inc"
"L251001261","","FA27163","TIANJIN Pineapple Dumplings 10bags*100g","Frozen & Chilled Foods","Dumplings","TIANJIN","10-15-2025/0.0","0.0","2025-10-15","21.0","42.0","16*6=96","Case","40.748","","450","55.5","Crestline Pacific Inc"
"2025-10-08","","FA27163","TIANJIN Pineapple Dumplings 10bags*100g","Frozen & Chilled Foods","Dumplings","TIANJIN","10-08-2025/0.0","0.0","2025-10-08","21.0","42.0","16*6=96","Case","40.748","","450","55.5","Crestline Pacific Inc"
"L271001263","","FA98206","TIANJIN Honey Steamed Buns 10bags*400g","Frozen & Chilled Foods","Steamed Buns","TIANJIN","10-15-2027/0.0","19.0","2027-10-15","55.0","55.0","","Case","34.841","","540","41.0","Crestline Pacific Inc"
"L260701264","","FA98206","TIANJIN Honey Steamed Buns 10bags*400g","Frozen & Chilled Foods","Steamed Buns","TIANJIN","07-25-2026/0.0","18.0","2026-07-25","55.0","55.0","","Case","34.841","Alert Date Reached","540","41.0","Crestline Pacific Inc"
"L261201265","","FA98206","TIANJIN Honey Steamed Buns 10bags*400g","Frozen & Chilled Foods","Steamed Buns","TIANJIN","12-20-2026/0.0","18.0","2026-12-20","55.0","55.0","","Case","34.841","","540","41.0","Crestline Pacific Inc"
"L261201266","","FA37250","TIANJIN Chicken Dumplings 24bags*400g","Frozen & Chilled Foods","Dumplings","TIANJIN","12-31-2026/0.0","1.0","2026-12-31","1.0","2.0","16*7=112","Case","60.448","","450","71.0","Crestline Pacific Inc"
"L270801267","","FG18287","TIANJIN Oolong Frozen Beef 12bags*100g","Frozen & Chilled Foods","Frozen Beef","TIANJIN","08-20-2027/0.0","27.0","2027-08-20","27.0","27.0","9*6=54","LB","51.8","","360","67.0","Crestline Pacific Inc"
"2026-07-09","","FG18287","TIANJIN Oolong Frozen Beef 12bags*100g","Frozen & Chilled Foods","Frozen Beef","TIANJIN","07-09-2026/0.0","0.0","2026-07-09","27.0","27.0","9*6=54","LB","51.8","","360","67.0","Crestline Pacific Inc"
"L260401269","","FG18287","TIANJIN Oolong Frozen Beef 12bags*100g","Frozen & Chilled Foods","Frozen Beef","TIANJIN","04-30-2026/0.0","0.0","2026-04-30","27.0","27.0","9*6=54","LB","51.8","","360","67.0","Crestline Pacific Inc"
"L270301270","","FA11299","TIANJIN Seafood Dumplings 24bags*100g","Frozen & Chilled Foods","Dumplings","TIANJIN","03-17-2027/0.0","5.0","2027-03-17","13.0","13.0","10*5=50","Case","44.984","","450","51.5","Crestline Pacific Inc"
"L270501271","","FA11299","TIANJIN Seafood Dumplings 24bags*100g","Frozen & Chilled Foods","Dumplings","TIANJIN","05-07-2027/0.0","4.0","2027-05-07","13.0","13.0","10*5=50","Case","44.984","","450","51.5","Crestline Pacific Inc"
"L270801272","","FA11299","TIANJIN Seafood Dumplings 24bags*100g","Frozen & Chilled Foods","Dumplings","TIANJIN","08-17-2027/0.0","4.0","2027-08-17","13.0","13.0","10*5=50","Case","44.984","","450","51.5","Crestline Pacific Inc"
"2026-03-22","","FA11299","TIANJIN Seafood Dumplings 24bags*100g","Frozen & Chilled Foods","Dumplings","TIANJIN","03-22-2026/0.0","0.0","2026-03-22","13.0","13.0","10*5=50","Case","44.984","","450","51.5","Crestline Pacific Inc"
"2025-11-23","","FA11299","TIANJIN Seafood Dumplings 24bags*100g","Frozen & Chilled Foods","Dumplings","TIANJIN","11-23-2025/0.0","0.0","2025-11-23","13.0","13.0","10*5=50","Case","44.984","","450","51.5","Crestline Pacific Inc"
"L261201275","","A33118","Chenwei BBQ Milk 12btls*330ml","Beverages","Milk","Chenwei","12-11-2026/0.0","28.0","2026-12-11","84.0","87.0","","Case","12.484","","360","15.0","Crestline Pacific Inc"
"L270401276","","A33118","Chenwei BBQ Milk 12btls*330ml","Beverages","Milk","Chenwei","04-20-2027/0.0","28.0","2027-04-20","84.0","87.0","","Case","12.484","","360","15.0","Crestline Pacific Inc"
"L270201277","","A33118","Chenwei BBQ Milk 12btls*330ml","Beverages","Milk","Chenwei","02-25-2027/0.0","28.0","2027-02-25","84.0","87.0","","Case","12.484","","360","15.0","Crestline Pacific Inc"
"L270601278","","A43260","Chenwei Lemon Ready-to-Drink Tea 15btls*500ml","Beverages","Ready-to-Drink Tea","Chenwei","06-21-2027/0.0","161.0","2027-06-21","322.0","344.0","14*5=70","Case","13.962","","360","19.5","Crestline Pacific Inc"
"L270601279","","A43260","Chenwei Lemon Ready-to-Drink Tea 15btls*500ml","Beverages","Ready-to-Drink Tea","Chenwei","06-30-2027/0.0","161.0","2027-06-30","322.0","344.0","14*5=70","Case","13.962","","360","19.5","Crestline Pacific Inc"
"L270101280","","A11390","Chenwei Pickled Vegetable Plant-Based Drinks 20btls*500ml","Beverages","Plant-Based Drinks","Chenwei","01-20-2027/0.0","28.0","2027-01-20","56.0","56.0","15*6=90","Case","14.327","","360","17.5","Crestline Pacific Inc"
"L270101281","","A11390","Chenwei Pickled Vegetable Plant-Based Drinks 20btls*500ml","Beverages","Plant-Based Drinks","Chenwei","01-10-2027/0.0","28.0","2027-01-10","56.0","56.0","15*6=90","Case","14.327","","360","17.5","Crestline Pacific Inc"
"L270901282","","VFM75386","Fengmai Red Bean Derma Care 200ml","Beauty & Health & Home","Derma Care","Fengmai","09-05-2027/0.0","82.0","2027-09-05","164.0","376.0","","each","4.081","","1095","5.5","Crestline Pacific Inc"
"L261001283","","VFM75386","Fengmai Red Bean Derma Care 200ml","Beauty & Health & Home","Derma Care","Fengmai","10-13-2026/0.0","82.0","2026-10-13","164.0","376.0","","each","4.081","Alert Date Reached","1095","5.5","Crestline Pacific Inc"
"L261101284","","VHK29316","Fengmai Beef Home Cleaning 150ml","Beauty & Health & Home","Home Cleaning","Fengmai","11-25-2026/0.0","495.0","2026-11-25","495.0","495.0","","each","4.75","","1095","6.5","Crestline Pacific Inc"
"2026-08-16","","VHK29316","Fengmai Beef Home Cleaning 150ml","Beauty & Health & Home","Home Cleaning","Fengmai","08-16-2026/0.0","0.0","2026-08-16","495.0","495.0","","each","4.75","","1095","6.5","Crestline Pacific Inc"
"L251001286","","VHK29316","Fengmai Beef Home Cleaning 150ml","Beauty & Health & Home","Home Cleaning","Fengmai","10-11-2025/0.0","0.0","2025-10-11","495.0","495.0","","each","4.75","","1095","6.5","Crestline Pacific Inc"
"L280501287","","VHB89153","Fengmai Beef Hand & Body Care 100ml","Beauty & Health & Home","Hand & Body Care","Fengmai","05-16-2028/0.0","14.0","2028-05-16","40.0","44.0","12*14=168","each","4.013","","1095","5.5","Crestline Pacific Inc"
"L290101288","","VHB89153","Fengmai Beef Hand & Body Care 100ml","Beauty & Health & Home","Hand & Body Care","Fengmai","01-11-2029/0.0","13.0","2029-01-11","40.0","44.0","12*14=168","each","4.013","","1095","5.5","Crestline Pacific Inc"
"L270901289","","VHB89153","Fengmai Beef Hand & Body Care 100ml","Beauty & Health & Home","Hand & Body Care","Fengmai","09-10-2027/0.0","13.0","2027-09-10","40.0","44.0","12*14=168","each","4.013","","1095","999.0","Crestline Pacific Inc"
"L270501290","","VHK14265","Fengmai Beef Household Goods 400ml","Beauty & Health & Home","Household Goods","Fengmai","05-16-2027/0.0","323.0","2027-05-16","645.0","911.0","10*5=50","each","12.956","","1095","18.5","Crestline Pacific Inc"
"L271001291","","VHK14265","Fengmai Beef Household Goods 400ml","Beauty & Health & Home","Household Goods","Fengmai","10-11-2027/0.0","322.0","2027-10-11","645.0","911.0","10*5=50","each","12.956","","1095","18.5","Crestline Pacific Inc"
"L290701292","","VSC46179","Fengmai Five Spice Skin Care 200ml","Beauty & Health & Home","Skin Care","Fengmai","07-27-2029/0.0","107.0","2029-07-27","213.0","213.0","12*10=120","each","10.053","","1095","12.0","Crestline Pacific Inc"
"L280901293","","VSC46179","Fengmai Five Spice Skin Care 200ml","Beauty & Health & Home","Skin Care","Fengmai","09-15-2028/0.0","106.0","2028-09-15","213.0","213.0","12*10=120","each","10.053","","1095","12.0","Crestline Pacific Inc"
"L270101294","","VMU58344","Fengmai Milk Cosmetics 250ml","Beauty & Health & Home","Cosmetics","Fengmai","01-07-2027/0.0","69.0","2027-01-07","137.0","137.0","","each","11.006","","1095","16.5","Crestline Pacific Inc"
"L280201295","","VMU58344","Fengmai Milk Cosmetics 250ml","Beauty & Health & Home","Cosmetics","Fengmai","02-26-2028/0.0","68.0","2028-02-26","137.0","137.0","","each","11.006","","1095","16.5","Crestline Pacific Inc"
"L280701296","","C62298","LINGGU Oolong Tea 12btls*280ml","Beverages","Tea","LINGGU","07-29-2028/0.0","99.0","2028-07-29","99.0","99.0","","Case","15.016","","720","20.0","Crestline Pacific Inc"
"L251201297","","C62298","LINGGU Oolong Tea 12btls*280ml","Beverages","Tea","LINGGU","12-16-2025/0.0","0.0","2025-12-16","99.0","99.0","","Case","15.016","","720","20.0","Crestline Pacific Inc"
"L280301298","","VHK59245","RUIBAO Red Bean Home Cleaning 400ml","Beauty & Health & Home","Home Cleaning","RUIBAO","03-04-2028/0.0","0.0","2028-03-04","0.0","130.0","10*14=140","each","6.089","","1095","7.5","Crestline Pacific Inc"
"L290201299","","VHK59245","RUIBAO Red Bean Home Cleaning 400ml","Beauty & Health & Home","Home Cleaning","RUIBAO","02-21-2029/0.0","0.0","2029-02-21","0.0","130.0","10*14=140","each","6.089","","1095","7.5","Crestline Pacific Inc"
"2026-02-22","","VHK59245","RUIBAO Red Bean Home Cleaning 400ml","Beauty & Health & Home","Home Cleaning","RUIBAO","02-22-2026/0.0","0.0","2026-02-22","0.0","130.0","10*14=140","each","6.089","","1095","7.5","Crestline Pacific Inc"
"2025-08-26","","VHK59245","RUIBAO Red Bean Home Cleaning 400ml","Beauty & Health & Home","Home Cleaning","RUIBAO","08-26-2025/0.0","0.0","2025-08-26","0.0","130.0","10*14=140","each","6.089","","1095","7.5","Crestline Pacific Inc"
"L280201302","","VFM31209","RUIBAO Peach Derma Care 60ml","Beauty & Health & Home","Derma Care","RUIBAO","02-09-2028/0.0","69.0","2028-02-09","207.0","207.0","16*11=176","each","18.844","","1095","22.0","Crestline Pacific Inc"
"L290601303","","VFM31209","RUIBAO Peach Derma Care 60ml","Beauty & Health & Home","Derma Care","RUIBAO","06-04-2029/0.0","69.0","2029-06-04","207.0","207.0","16*11=176","each","18.844","","1095","22.0","Crestline Pacific Inc"
"L290601304","","VFM31209","RUIBAO Peach Derma Care 60ml","Beauty & Health & Home","Derma Care","RUIBAO","06-28-2029/0.0","69.0","2029-06-28","207.0","207.0","16*11=176","each","18.844","","1095","22.0","Crestline Pacific Inc"
"L260201305","","VFM31209","RUIBAO Peach Derma Care 60ml","Beauty & Health & Home","Derma Care","RUIBAO","02-21-2026/0.0","0.0","2026-02-21","207.0","207.0","16*11=176","each","18.844","","1095","22.0","Crestline Pacific Inc"
"L260101306","","VFM31209","RUIBAO Peach Derma Care 60ml","Beauty & Health & Home","Derma Care","RUIBAO","01-07-2026/0.0","0.0","2026-01-07","207.0","207.0","16*11=176","each","18.844","","1095","22.0","Crestline Pacific Inc"
"L290101307","","VHK07144","Tianyue Corn Household Goods 100ml","Beauty & Health & Home","Household Goods","Tianyue","01-15-2029/0.0","90.0","2029-01-15","180.0","180.0","","each","17.213","","1095","20.0","Crestline Pacific Inc"
"L280701308","","VHK07144","Tianyue Corn Household Goods 100ml","Beauty & Health & Home","Household Goods","Tianyue","07-17-2028/0.0","90.0","2028-07-17","180.0","180.0","","each","17.213","","1095","20.0","Crestline Pacific Inc"
"L271201309","","VHS13391","Tianyue Honey Health & Nutrition Drinks 60ml","Beauty & Health & Home","Health & Nutrition Drinks","Tianyue","12-15-2027/0.0","10.0","2027-12-15","19.0","19.0","6*5=30","each","10.284","","1095","13.0","Crestline Pacific Inc"
"L261201310","","VHS13391","Tianyue Honey Health & Nutrition Drinks 60ml","Beauty & Health & Home","Health & Nutrition Drinks","Tianyue","12-13-2026/0.0","9.0","2026-12-13","19.0","19.0","6*5=30","each","10.284","","1095","13.0","Crestline Pacific Inc"
"2025-09-05","","VHS13391","Tianyue Honey Health & Nutrition Drinks 60ml","Beauty & Health & Home","Health & Nutrition Drinks","Tianyue","09-05-2025/0.0","0.0","2025-09-05","19.0","19.0","6*5=30","each","10.284","","1095","13.0","Crestline Pacific Inc"
"L281101312","","VHK96342","Tianyue Spicy Home Cleaning 250ml","Beauty & Health & Home","Home Cleaning","Tianyue","11-21-2028/0.0","96.0","2028-11-21","192.0","192.0","16*7=112","each","15.989","","1095","22.5","Crestline Pacific Inc"
"L271001313","","VHK96342","Tianyue Spicy Home Cleaning 250ml","Beauty & Health & Home","Home Cleaning","Tianyue","10-21-2027/0.0","96.0","2027-10-21","192.0","192.0","16*7=112","each","15.989","","1095","22.5","Crestline Pacific Inc"
"L280401314","","VPC39284","Tianyue Chocolate Oral Care 10bags*400g","Beauty & Health & Home","Oral Care","Tianyue","04-25-2028/0.0","16.0","2028-04-25","16.0","16.0","16*12=192","Case","8.034","","1095","11.5","Crestline Pacific Inc"
"L260501315","","VPC39284","Tianyue Chocolate Oral Care 10bags*400g","Beauty & Health & Home","Oral Care","Tianyue","05-13-2026/0.0","0.0","2026-05-13","16.0","16.0","16*12=192","Case","8.034","","1095","11.5","Crestline Pacific Inc"
"L260601316","","VPC39284","Tianyue Chocolate Oral Care 10bags*400g","Beauty & Health & Home","Oral Care","Tianyue","06-17-2026/0.0","0.0","2026-06-17","16.0","16.0","16*12=192","Case","8.034","","1095","11.5","Crestline Pacific Inc"
"L280201317","","VCA78277","Yuantian Spicy Apparel & Accessories 200ml","Beauty & Health & Home","Apparel & Accessories","Yuantian","02-16-2028/0.0","937.0","2028-02-16","1874.0","2813.0","15*9=135","each","15.018","","3650","21.5","Crestline Pacific Inc"
"L300901318","","VCA78277","Yuantian Spicy Apparel & Accessories 200ml","Beauty & Health & Home","Apparel & Accessories","Yuantian","09-19-2030/0.0","937.0","2030-09-19","1874.0","2813.0","15*9=135","each","15.018","","3650","21.5","Crestline Pacific Inc"
"L270401319","","VHB56226","Yuantian Milk Hair Care 60ml","Beauty & Health & Home","Hair Care","Yuantian","04-18-2027/0.0","4.0","2027-04-18","4.0","22.0","","each","10.74","","1095","16.0","Crestline Pacific Inc"
"L260501320","","VHB56226","Yuantian Milk Hair Care 60ml","Beauty & Health & Home","Hair Care","Yuantian","05-03-2026/0.0","0.0","2026-05-03","4.0","22.0","","each","10.74","","1095","16.0","Crestline Pacific Inc"
"2025-11-05","","VHB56226","Yuantian Milk Hair Care 60ml","Beauty & Health & Home","Hair Care","Yuantian","11-05-2025/0.0","0.0","2025-11-05","4.0","22.0","","each","10.74","","1095","16.0","Crestline Pacific Inc"
"L280801322","","VHK06249","Yuantian Sea Salt Household Goods 150ml","Beauty & Health & Home","Household Goods","Yuantian","08-15-2028/0.0","71.0","2028-08-15","141.0","267.0","10*14=140","each","4.415","","1095","5.5","Crestline Pacific Inc"
"L290401323","","VHK06249","Yuantian Sea Salt Household Goods 150ml","Beauty & Health & Home","Household Goods","Yuantian","04-02-2029/0.0","70.0","2029-04-02","141.0","267.0","10*14=140","each","4.415","","1095","5.5","Crestline Pacific Inc"
"L260801324","","VBB85169","Yuantian Corn Mother & Bady 24bags*1000g","Beauty & Health & Home","Mother & Bady","Yuantian","08-22-2026/0.0","141.0","2026-08-22","281.0","314.0","5*7=35","Case","12.462","Alert Date Reached","1095","16.5","Crestline Pacific Inc"
"L270701325","","VBB85169","Yuantian Corn Mother & Bady 24bags*1000g","Beauty & Health & Home","Mother & Bady","Yuantian","07-27-2027/0.0","140.0","2027-07-27","281.0","314.0","5*7=35","Case","12.462","","1095","16.5","Crestline Pacific Inc"
"L251001326","","VBB85169","Yuantian Corn Mother & Bady 24bags*1000g","Beauty & Health & Home","Mother & Bady","Yuantian","10-16-2025/0.0","0.0","2025-10-16","281.0","314.0","5*7=35","Case","12.462","","1095","16.5","Crestline Pacific Inc"
"L261101327","","VCA17381","Yuantian Corn Clothes & Apparel 10bags*150g","Beauty & Health & Home","Clothes & Apparel","Yuantian","11-12-2026/0.0","1.0","2026-11-12","2.0","5.0","","Case","15.95","Alert Date Reached","3650","20.0","Crestline Pacific Inc"
"L320101328","","VCA17381","Yuantian Corn Clothes & Apparel 10bags*150g","Beauty & Health & Home","Clothes & Apparel","Yuantian","01-13-2032/0.0","1.0","2032-01-13","2.0","5.0","","Case","15.95","","3650","20.0","Crestline Pacific Inc"
"2026-05-05","","VCA17381","Yuantian Corn Clothes & Apparel 10bags*150g","Beauty & Health & Home","Clothes & Apparel","Yuantian","05-05-2026/0.0","0.0","2026-05-05","2.0","5.0","","Case","15.95","","3650","20.0","Crestline Pacific Inc"
"L350501330","","VCA83276","Yuantian Pickled Vegetable Fashion Jewelry 400ml","Beauty & Health & Home","Fashion Jewelry","Yuantian","05-13-2035/0.0","66.0","2035-05-13","198.0","615.0","15*14=210","each","7.265","","3650","10.5","Crestline Pacific Inc"
"L301201331","","VCA83276","Yuantian Pickled Vegetable Fashion Jewelry 400ml","Beauty & Health & Home","Fashion Jewelry","Yuantian","12-22-2030/0.0","66.0","2030-12-22","198.0","615.0","15*14=210","each","7.265","","3650","10.5","Crestline Pacific Inc"
"L310201332","","VCA83276","Yuantian Pickled Vegetable Fashion Jewelry 400ml","Beauty & Health & Home","Fashion Jewelry","Yuantian","02-07-2031/0.0","66.0","2031-02-07","198.0","615.0","15*14=210","each","7.265","","3650","10.5","Crestline Pacific Inc"
"L270601333","","VFM66152","XIANZHU Honey Derma Care 250ml","Beauty & Health & Home","Derma Care","XIANZHU","06-26-2027/0.0","4.0","2027-06-26","8.0","13.0","13*7=91","each","12.973","","1095","17.5","Crestline Pacific Inc"
"L270101334","","VFM66152","XIANZHU Honey Derma Care 250ml","Beauty & Health & Home","Derma Care","XIANZHU","01-21-2027/0.0","4.0","2027-01-21","8.0","13.0","13*7=91","each","12.973","","1095","17.5","Crestline Pacific Inc"
"L260401335","","VFM66152","XIANZHU Honey Derma Care 250ml","Beauty & Health & Home","Derma Care","XIANZHU","04-04-2026/0.0","0.0","2026-04-04","8.0","13.0","13*7=91","each","12.973","","1095","17.5","Crestline Pacific Inc"
"2025-12-10","","VFM66152","XIANZHU Honey Derma Care 250ml","Beauty & Health & Home","Derma Care","XIANZHU","12-10-2025/0.0","0.0","2025-12-10","8.0","13.0","13*7=91","each","12.973","","1095","17.5","Crestline Pacific Inc"
"L290101337","","VHB26120","XIANZHU Coconut Bath & Body Care 150ml","Beauty & Health & Home","Bath & Body Care","XIANZHU","01-16-2029/0.0","90.0","2029-01-16","180.0","180.0","18*6=108","each","10.753","","1095","14.0","Crestline Pacific Inc"
"L280301338","","VHB26120","XIANZHU Coconut Bath & Body Care 150ml","Beauty & Health & Home","Bath & Body Care","XIANZHU","03-04-2028/0.0","90.0","2028-03-04","180.0","180.0","18*6=108","each","10.753","","1095","14.0","Crestline Pacific Inc"
"L270401339","","VSC59291","XIANZHU Corn Skin Care 500ml","Beauty & Health & Home","Skin Care","XIANZHU","04-21-2027/0.0","33.0","2027-04-21","95.0","99.0","5*7=35","each","14.986","","1095","17.5","Crestline Pacific Inc"
"L280901340","","VSC59291","XIANZHU Corn Skin Care 500ml","Beauty & Health & Home","Skin Care","XIANZHU","09-08-2028/0.0","31.0","2028-09-08","95.0","99.0","5*7=35","each","14.986","","1095","17.5","Crestline Pacific Inc"
"L270201341","","VSC59291","XIANZHU Corn Skin Care 500ml","Beauty & Health & Home","Skin Care","XIANZHU","02-11-2027/0.0","31.0","2027-02-11","95.0","99.0","5*7=35","each","14.986","","1095","17.5","Crestline Pacific Inc"
"L271101342","","H05147","YOULING Honey Pickled Products 8bags*200g","Dried Vegetables","Pickled Products","YOULING","11-11-2027/0.0","242.0","2027-11-11","242.0","366.0","15*12=180","Case","54.512","","540","63.0","Crestline Pacific Inc"
"L270601343","","L19106","YOULING Mango Jujube 24bags*200g","Dried Vegetables","Jujube","YOULING","06-11-2027/0.0","5.0","2027-06-11","13.0","21.0","9*14=126","Case","46.911","","360","61.5","Crestline Pacific Inc"
"L270601344","","L19106","YOULING Mango Jujube 24bags*200g","Dried Vegetables","Jujube","YOULING","06-28-2027/0.0","4.0","2027-06-28","13.0","21.0","9*14=126","Case","46.911","","360","61.5","Crestline Pacific Inc"
"L261201345","","L19106","YOULING Mango Jujube 24bags*200g","Dried Vegetables","Jujube","YOULING","12-24-2026/0.0","4.0","2026-12-24","13.0","21.0","9*14=126","Case","46.911","","360","61.5","Crestline Pacific Inc"
"L251101346","","L19106","YOULING Mango Jujube 24bags*200g","Dried Vegetables","Jujube","YOULING","11-19-2025/0.0","0.0","2025-11-19","13.0","21.0","9*14=126","Case","46.911","","360","61.5","Crestline Pacific Inc"
"2026-03-30","","L19106","YOULING Mango Jujube 24bags*200g","Dried Vegetables","Jujube","YOULING","03-30-2026/0.0","0.0","2026-03-30","13.0","21.0","9*14=126","Case","46.911","","360","61.5","Crestline Pacific Inc"
"L270101348","","R85189","Yuncheng Lychee Vegetables 6bags*150g","Fruit & Vegetables","Vegetables","Yuncheng","01-15-2027/0.0","63.0","2027-01-15","189.0","189.0","","Case","36.062","","60","43.5","Crestline Pacific Inc"
"L270101349","","R85189","Yuncheng Lychee Vegetables 6bags*150g","Fruit & Vegetables","Vegetables","Yuncheng","01-17-2027/0.0","63.0","2027-01-17","189.0","189.0","","Case","36.062","","60","43.5","Crestline Pacific Inc"
"L261001350","","R85189","Yuncheng Lychee Vegetables 6bags*150g","Fruit & Vegetables","Vegetables","Yuncheng","10-02-2026/0.0","63.0","2026-10-02","189.0","189.0","","Case","36.062","Alert Date Reached","60","43.5","Crestline Pacific Inc"
"2025-12-27","","R85189","Yuncheng Lychee Vegetables 6bags*150g","Fruit & Vegetables","Vegetables","Yuncheng","12-27-2025/0.0","0.0","2025-12-27","189.0","189.0","","Case","36.062","","60","43.5","Crestline Pacific Inc"
"L271201352","","G79195","Yuewei Lychee Oyster Sauce 6bags*70g","Seasonings","Oyster Sauce","Yuewei","12-14-2027/0.0","385.0","2027-12-14","1155.0","1833.0","8*8=64","Case","16.073","","540","22.0","Crestline Pacific Inc"
"L271201353","","G79195","Yuewei Lychee Oyster Sauce 6bags*70g","Seasonings","Oyster Sauce","Yuewei","12-29-2027/0.0","385.0","2027-12-29","1155.0","1833.0","8*8=64","Case","16.073","","540","22.0","Crestline Pacific Inc"
"L261101354","","G79195","Yuewei Lychee Oyster Sauce 6bags*70g","Seasonings","Oyster Sauce","Yuewei","11-16-2026/0.0","385.0","2026-11-16","1155.0","1833.0","8*8=64","Case","16.073","Alert Date Reached","540","22.0","Crestline Pacific Inc"
"L261201355","","R15138","Maiqing Pineapple Vegetables 12bags*100g","Fruit & Vegetables","Vegetables","Maiqing","12-27-2026/0.0","29.0","2026-12-27","29.0","66.0","13*8=104","Case","14.47","","60","19.0","Crestline Pacific Inc"
"L260301356","","R15138","Maiqing Pineapple Vegetables 12bags*100g","Fruit & Vegetables","Vegetables","Maiqing","03-12-2026/0.0","0.0","2026-03-12","29.0","66.0","13*8=104","Case","14.47","","60","19.0","Crestline Pacific Inc"
"L270701357","","R71231","Maiqing Grape Fruit 12bags*400g","Fruit & Vegetables","Fruit","Maiqing","07-14-2027/0.0","15.0","2027-07-14","30.0","33.0","11*7=77","Case","18.974","","360","25.5","Crestline Pacific Inc"
"L270701358","","R71231","Maiqing Grape Fruit 12bags*400g","Fruit & Vegetables","Fruit","Maiqing","07-14-2027/0.0","15.0","2027-07-14","30.0","33.0","11*7=77","Case","18.974","","360","25.5","Crestline Pacific Inc"
"L270301359","","R80133","Maiqing Seafood Fruit 8bags*500g","Fruit & Vegetables","Fruit","Maiqing","03-29-2027/0.0","88.0","2027-03-29","88.0","88.0","10*7=70","Case","40.004","","360","54.5","Crestline Pacific Inc"
"L261001360","","R37133","Maiqing Lemon Vegetables 6bags*1000g","Fruit & Vegetables","Vegetables","Maiqing","10-27-2026/0.0","265.0","2026-10-27","529.0","529.0","6*5=30","Case","17.686","Alert Date Reached","60","26.5","Crestline Pacific Inc"
"L270101361","","R37133","Maiqing Lemon Vegetables 6bags*1000g","Fruit & Vegetables","Vegetables","Maiqing","01-17-2027/0.0","264.0","2027-01-17","529.0","529.0","6*5=30","Case","17.686","","60","26.5","Crestline Pacific Inc"
"2026-01-30","","R37133","Maiqing Lemon Vegetables 6bags*1000g","Fruit & Vegetables","Vegetables","Maiqing","01-30-2026/0.0","0.0","2026-01-30","529.0","529.0","6*5=30","Case","17.686","","60","999.0","Crestline Pacific Inc"
"L261201363","","R75300","Maiqing BBQ Vegetables 10bags*500g","Fruit & Vegetables","Vegetables","Maiqing","12-28-2026/0.0","2.0","2026-12-28","2.0","2.0","5*7=35","Case","13.133","","60","16.5","Crestline Pacific Inc"
"L261201364","","R75300","Maiqing BBQ Vegetables 10bags*500g","Fruit & Vegetables","Vegetables","Maiqing","12-28-2026/0.0","0.0","2026-12-28","2.0","2.0","5*7=35","Case","13.133","","60","16.5","Crestline Pacific Inc"
"L270101365","","R75300","Maiqing BBQ Vegetables 10bags*500g","Fruit & Vegetables","Vegetables","Maiqing","01-08-2027/0.0","0.0","2027-01-08","2.0","2.0","5*7=35","Case","13.133","","60","16.5","Crestline Pacific Inc"
"L270701366","","VPC92159","BAOCHUAN Corn Personal Care 60ml","Beauty & Health & Home","Personal Care","BAOCHUAN","07-03-2027/0.0","22.0","2027-07-03","66.0","66.0","18*14=252","each","17.401","","1095","20.5","Crestline Pacific Inc"
"L271101367","","VPC92159","BAOCHUAN Corn Personal Care 60ml","Beauty & Health & Home","Personal Care","BAOCHUAN","11-03-2027/0.0","22.0","2027-11-03","66.0","66.0","18*14=252","each","17.401","","1095","20.5","Crestline Pacific Inc"
"L290401368","","VPC92159","BAOCHUAN Corn Personal Care 60ml","Beauty & Health & Home","Personal Care","BAOCHUAN","04-24-2029/0.0","22.0","2029-04-24","66.0","66.0","18*14=252","each","17.401","","1095","20.5","Crestline Pacific Inc"
"2025-08-25","","VPC92159","BAOCHUAN Corn Personal Care 60ml","Beauty & Health & Home","Personal Care","BAOCHUAN","08-25-2025/0.0","0.0","2025-08-25","66.0","66.0","18*14=252","each","17.401","","1095","20.5","Crestline Pacific Inc"
"2025-11-04","","VPC92159","BAOCHUAN Corn Personal Care 60ml","Beauty & Health & Home","Personal Care","BAOCHUAN","11-04-2025/0.0","0.0","2025-11-04","66.0","66.0","18*14=252","each","17.401","","1095","20.5","Crestline Pacific Inc"
"L270101371","","VPC62164","BAOCHUAN Lychee Personal Care 60ml","Beauty & Health & Home","Personal Care","BAOCHUAN","01-05-2027/0.0","22.0","2027-01-05","43.0","101.0","16*11=176","each","3.459","","1095","5.0","Crestline Pacific Inc"
"L261001372","","VPC62164","BAOCHUAN Lychee Personal Care 60ml","Beauty & Health & Home","Personal Care","BAOCHUAN","10-01-2026/0.0","21.0","2026-10-01","43.0","101.0","16*11=176","each","3.459","Alert Date Reached","1095","5.0","Crestline Pacific Inc"
"2026-01-20","","VPC62164","BAOCHUAN Lychee Personal Care 60ml","Beauty & Health & Home","Personal Care","BAOCHUAN","01-20-2026/0.0","0.0","2026-01-20","43.0","101.0","16*11=176","each","3.459","","1095","5.0","Crestline Pacific Inc"
"L270601374","","A84146","Songzhu Mango Milk 20btls*480ml","Beverages","Milk","Songzhu","06-15-2027/0.0","1.0","2027-06-15","2.0","3.0","6*13=78","Case","12.471","","360","15.0","Crestline Pacific Inc"
"L270101375","","A84146","Songzhu Mango Milk 20btls*480ml","Beverages","Milk","Songzhu","01-10-2027/0.0","1.0","2027-01-10","2.0","3.0","6*13=78","Case","12.471","","360","15.0","Crestline Pacific Inc"
"2026-03-19","","A84146","Songzhu Mango Milk 20btls*480ml","Beverages","Milk","Songzhu","03-19-2026/0.0","0.0","2026-03-19","2.0","3.0","6*13=78","Case","12.471","","360","15.0","Crestline Pacific Inc"
"L270501377","","A74399","Songzhu Oolong Beverages 20btls*500ml","Beverages","Beverages","Songzhu","05-10-2027/0.0","79.0","2027-05-10","79.0","79.0","14*9=126","Case","21.124","","360","25.5","Crestline Pacific Inc"
"L250901378","","A74399","Songzhu Oolong Beverages 20btls*500ml","Beverages","Beverages","Songzhu","09-20-2025/0.0","0.0","2025-09-20","79.0","79.0","14*9=126","Case","21.124","","360","25.5","Crestline Pacific Inc"
"L251001379","","A74399","Songzhu Oolong Beverages 20btls*500ml","Beverages","Beverages","Songzhu","10-23-2025/0.0","0.0","2025-10-23","79.0","79.0","14*9=126","Case","21.124","","360","25.5","Crestline Pacific Inc"
"L270601380","","A88124","Songzhu Lemon Juice 20btls*500ml","Beverages","Juice","Songzhu","06-26-2027/0.0","1.0","2027-06-26","1.0","2.0","","Case","13.832","","360","18.5","Crestline Pacific Inc"
"L270601381","","A52240","Songzhu Grape Sparkling Water 20btls*330ml","Beverages","Sparkling Water","Songzhu","06-06-2027/0.0","0.0","2027-06-06","0.0","0.0","","Case","16.685","","360","22.5","Crestline Pacific Inc"
"L260601382","","A52240","Songzhu Grape Sparkling Water 20btls*330ml","Beverages","Sparkling Water","Songzhu","06-21-2026/0.0","0.0","2026-06-21","0.0","0.0","","Case","16.685","","360","22.5","Crestline Pacific Inc"
"L261001383","","VHB56132","Wanyuan Spicy Hair Care 250ml","Beauty & Health & Home","Hair Care","Wanyuan","10-02-2026/0.0","60.0","2026-10-02","119.0","184.0","","each","17.313","Alert Date Reached","1095","19.5","Crestline Pacific Inc"
"L271201384","","VHB56132","Wanyuan Spicy Hair Care 250ml","Beauty & Health & Home","Hair Care","Wanyuan","12-04-2027/0.0","59.0","2027-12-04","119.0","184.0","","each","17.313","","1095","19.5","Crestline Pacific Inc"
"2025-12-05","","VHB56132","Wanyuan Spicy Hair Care 250ml","Beauty & Health & Home","Hair Care","Wanyuan","12-05-2025/0.0","0.0","2025-12-05","119.0","184.0","","each","17.313","","1095","19.5","Crestline Pacific Inc"
"L280101386","","VBB20311","Wanyuan Tomato Baby Products 150ml","Beauty & Health & Home","Baby Products","Wanyuan","01-10-2028/0.0","48.0","2028-01-10","96.0","96.0","","each","16.055","","1095","22.0","Crestline Pacific Inc"
"L280701387","","VBB20311","Wanyuan Tomato Baby Products 150ml","Beauty & Health & Home","Baby Products","Wanyuan","07-30-2028/0.0","48.0","2028-07-30","96.0","96.0","","each","16.055","","1095","22.0","Crestline Pacific Inc"
"L250901388","","VBB20311","Wanyuan Tomato Baby Products 150ml","Beauty & Health & Home","Baby Products","Wanyuan","09-12-2025/0.0","0.0","2025-09-12","96.0","96.0","","each","16.055","","1095","22.0","Crestline Pacific Inc"
"L251101389","","VBB20311","Wanyuan Tomato Baby Products 150ml","Beauty & Health & Home","Baby Products","Wanyuan","11-13-2025/0.0","0.0","2025-11-13","96.0","96.0","","each","16.055","","1095","22.0","Crestline Pacific Inc"
"L300201390","","VCA55158","Wanyuan Chocolate Costume Jewelry 8bags*70g","Beauty & Health & Home","Costume Jewelry","Wanyuan","02-27-2030/0.0","106.0","2030-02-27","106.0","106.0","16*11=176","Case","5.997","","3650","8.0","Crestline Pacific Inc"
"L270201391","","G82319","MEIJIN Peach Soy Sauce 24bags*200g","Seasonings","Soy Sauce","MEIJIN","02-25-2027/0.0","5.0","2027-02-25","13.0","13.0","5*11=55","Case","11.84","","540","16.5","Crestline Pacific Inc"
"L261101392","","G82319","MEIJIN Peach Soy Sauce 24bags*200g","Seasonings","Soy Sauce","MEIJIN","11-09-2026/0.0","4.0","2026-11-09","13.0","13.0","5*11=55","Case","11.84","Alert Date Reached","540","16.5","Crestline Pacific Inc"
"L261201393","","G82319","MEIJIN Peach Soy Sauce 24bags*200g","Seasonings","Soy Sauce","MEIJIN","12-28-2026/0.0","4.0","2026-12-28","13.0","13.0","5*11=55","Case","11.84","","540","16.5","Crestline Pacific Inc"
"L260101394","","G82319","MEIJIN Peach Soy Sauce 24bags*200g","Seasonings","Soy Sauce","MEIJIN","01-19-2026/0.0","0.0","2026-01-19","13.0","13.0","5*11=55","Case","11.84","","540","16.5","Crestline Pacific Inc"
"L270301395","","G18198","MEIJIN Osmanthus Dipping Sauce 10bags*100g","Seasonings","Dipping Sauce","MEIJIN","03-01-2027/0.0","0.0","2027-03-01","0.0","1.0","","Case","27.919","","360","38.0","Crestline Pacific Inc"
"L270401396","","G18198","MEIJIN Osmanthus Dipping Sauce 10bags*100g","Seasonings","Dipping Sauce","MEIJIN","04-22-2027/0.0","0.0","2027-04-22","0.0","1.0","","Case","27.919","","360","38.0","Crestline Pacific Inc"
"L251001397","","G18198","MEIJIN Osmanthus Dipping Sauce 10bags*100g","Seasonings","Dipping Sauce","MEIJIN","10-10-2025/0.0","0.0","2025-10-10","0.0","1.0","","Case","27.919","","360","38.0","Crestline Pacific Inc"
"L261201398","","E33313","MEIJIN Osmanthus Black Pepper 6bags*1000g","Seasonings","Black Pepper","MEIJIN","12-19-2026/0.0","28.0","2026-12-19","28.0","43.0","","Case","38.466","","1000","45.5","Crestline Pacific Inc"
"L281201399","","VBB87171","Youle Milk Baby Products 500ml","Beauty & Health & Home","Baby Products","Youle","12-18-2028/0.0","467.0","2028-12-18","467.0","467.0","10*5=50","each","17.461","","1095","20.5","Crestline Pacific Inc"
"2026-06-10","","VBB87171","Youle Milk Baby Products 500ml","Beauty & Health & Home","Baby Products","Youle","06-10-2026/0.0","0.0","2026-06-10","467.0","467.0","10*5=50","each","17.461","","1095","20.5","Crestline Pacific Inc"
"2025-11-28","","VBB87171","Youle Milk Baby Products 500ml","Beauty & Health & Home","Baby Products","Youle","11-28-2025/0.0","0.0","2025-11-28","467.0","467.0","10*5=50","each","17.461","","1095","20.5","Crestline Pacific Inc"
"L290701402","","VHB80201","Youle Honey Bath & Body Care 250ml","Beauty & Health & Home","Bath & Body Care","Youle","07-26-2029/0.0","105.0","2029-07-26","209.0","226.0","","each","9.397","","1095","10.5","Crestline Pacific Inc"
"L290201403","","VHB80201","Youle Honey Bath & Body Care 250ml","Beauty & Health & Home","Bath & Body Care","Youle","02-03-2029/0.0","104.0","2029-02-03","209.0","226.0","","each","9.397","","1095","10.5","Crestline Pacific Inc"
"L280101404","","VPC79398","Youle Sea Salt Personal Care 24bags*1000g","Beauty & Health & Home","Personal Care","Youle","01-15-2028/0.0","0.0","2028-01-15","0.0","1.0","14*13=182","Case","15.658","","1095","19.0","Crestline Pacific Inc"
"L270501405","","G71266","ZHUYUN Pineapple Syrup 8bags*70g","Honey & Jam","Syrup","ZHUYUN","05-28-2027/0.0","9.0","2027-05-28","18.0","20.0","13*5=65","Case","25.79","","720","29.5","Crestline Pacific Inc"
"L280201406","","G71266","ZHUYUN Pineapple Syrup 8bags*70g","Honey & Jam","Syrup","ZHUYUN","02-22-2028/0.0","9.0","2028-02-22","18.0","20.0","13*5=65","Case","25.79","","720","29.5","Crestline Pacific Inc"
"L280101407","","E39262","ZHUYUN Coconut White Sugar 10bags*400g","Honey & Jam","White Sugar","ZHUYUN","01-26-2028/0.0","3.0","2028-01-26","3.0","6.0","16*14=224","Case","31.687","","1080","38.0","Crestline Pacific Inc"
"L280301408","","C13341","CHENBAO Five Spice Drink Powder/Blocks 10bags*150g","Instant Drinks","Drink Powder/Blocks","CHENBAO","03-08-2028/0.0","0.0","2028-03-08","0.0","4.0","","Case","12.687","","720","18.0","Crestline Pacific Inc"
"L280301409","","C13341","CHENBAO Five Spice Drink Powder/Blocks 10bags*150g","Instant Drinks","Drink Powder/Blocks","CHENBAO","03-19-2028/0.0","0.0","2028-03-19","0.0","4.0","","Case","12.687","","720","18.0","Crestline Pacific Inc"
"L280601410","","C13341","CHENBAO Five Spice Drink Powder/Blocks 10bags*150g","Instant Drinks","Drink Powder/Blocks","CHENBAO","06-23-2028/0.0","0.0","2028-06-23","0.0","4.0","","Case","12.687","","720","18.0","Crestline Pacific Inc"
"L270801411","","G69350","ANZHU Original Oyster Sauce 10bags*100g","Seasonings","Oyster Sauce","ANZHU","08-13-2027/0.0","23.0","2027-08-13","65.0","65.0","9*13=117","Case","32.985","","540","45.5","Crestline Pacific Inc"
"L270601412","","G69350","ANZHU Original Oyster Sauce 10bags*100g","Seasonings","Oyster Sauce","ANZHU","06-24-2027/0.0","21.0","2027-06-24","65.0","65.0","9*13=117","Case","32.985","","540","45.5","Crestline Pacific Inc"
"L271201413","","G69350","ANZHU Original Oyster Sauce 10bags*100g","Seasonings","Oyster Sauce","ANZHU","12-05-2027/0.0","21.0","2027-12-05","65.0","65.0","9*13=117","Case","32.985","","540","45.5","Crestline Pacific Inc"
"2025-11-04","","G69350","ANZHU Original Oyster Sauce 10bags*100g","Seasonings","Oyster Sauce","ANZHU","11-04-2025/0.0","0.0","2025-11-04","65.0","65.0","9*13=117","Case","32.985","","540","45.5","Crestline Pacific Inc"
"L260101415","","G69350","ANZHU Original Oyster Sauce 10bags*100g","Seasonings","Oyster Sauce","ANZHU","01-07-2026/0.0","0.0","2026-01-07","65.0","65.0","9*13=117","Case","32.985","","540","45.5","Crestline Pacific Inc"
"L270801416","","G44345","ANZHU Strawberry Dipping Sauce 24bags*70g","Seasonings","Dipping Sauce","ANZHU","08-31-2027/0.0","46.0","2027-08-31","136.0","136.0","","Case","13.718","","360","20.0","Crestline Pacific Inc"
"L260801417","","G44345","ANZHU Strawberry Dipping Sauce 24bags*70g","Seasonings","Dipping Sauce","ANZHU","08-02-2026/0.0","45.0","2026-08-02","136.0","136.0","","Case","13.718","Alert Date Reached","360","20.0","Crestline Pacific Inc"
"L261201418","","G44345","ANZHU Strawberry Dipping Sauce 24bags*70g","Seasonings","Dipping Sauce","ANZHU","12-31-2026/0.0","45.0","2026-12-31","136.0","136.0","","Case","13.718","","360","20.0","Crestline Pacific Inc"
"2026-01-18","","G44345","ANZHU Strawberry Dipping Sauce 24bags*70g","Seasonings","Dipping Sauce","ANZHU","01-18-2026/0.0","0.0","2026-01-18","136.0","136.0","","Case","13.718","","360","20.0","Crestline Pacific Inc"
"L260501420","","G44345","ANZHU Strawberry Dipping Sauce 24bags*70g","Seasonings","Dipping Sauce","ANZHU","05-11-2026/0.0","0.0","2026-05-11","136.0","136.0","","Case","13.718","","360","20.0","Crestline Pacific Inc"
"L270401421","","G65293","ANZHU Chocolate Chili Sauce 24bags*500g","Seasonings","Chili Sauce","ANZHU","04-28-2027/0.0","106.0","2027-04-28","212.0","212.0","17*14=238","Case","44.0","","720","53.5","Crestline Pacific Inc"
"L280101422","","G65293","ANZHU Chocolate Chili Sauce 24bags*500g","Seasonings","Chili Sauce","ANZHU","01-21-2028/0.0","106.0","2028-01-21","212.0","212.0","17*14=238","Case","44.0","","720","53.5","Crestline Pacific Inc"
"L270401423","","E54384","ANZHU Osmanthus Chili Seasonings 12bags*70g","Seasonings","Chili Seasonings","ANZHU","04-30-2027/0.0","25.0","2027-04-30","71.0","71.0","","Case","32.85","","1080","39.5","Crestline Pacific Inc"
"L271101424","","E54384","ANZHU Osmanthus Chili Seasonings 12bags*70g","Seasonings","Chili Seasonings","ANZHU","11-02-2027/0.0","23.0","2027-11-02","71.0","71.0","","Case","32.85","","1080","39.5","Crestline Pacific Inc"
"L280401425","","E54384","ANZHU Osmanthus Chili Seasonings 12bags*70g","Seasonings","Chili Seasonings","ANZHU","04-23-2028/0.0","23.0","2028-04-23","71.0","71.0","","Case","32.85","","1080","39.5","Crestline Pacific Inc"
"L281201426","","E52272","ANZHU Jujube Chili Seasonings 10bags*200g","Seasonings","Chili Seasonings","ANZHU","12-28-2028/0.0","405.0","2028-12-28","405.0","465.0","11*14=154","Case","25.304","","1080","29.0","Crestline Pacific Inc"
"L270801427","","G42203","Shunling Pickled Vegetable MSG&Seasoning Powder 20bags*70g","Seasonings","MSG&Seasoning Powder","Shunling","08-31-2027/0.0","6.0","2027-08-31","16.0","88.0","6*11=66","Case","17.729","","720","23.0","Crestline Pacific Inc"
"L270101428","","G42203","Shunling Pickled Vegetable MSG&Seasoning Powder 20bags*70g","Seasonings","MSG&Seasoning Powder","Shunling","01-23-2027/0.0","5.0","2027-01-23","16.0","88.0","6*11=66","Case","17.729","","720","23.0","Crestline Pacific Inc"
"L280701429","","G42203","Shunling Pickled Vegetable MSG&Seasoning Powder 20bags*70g","Seasonings","MSG&Seasoning Powder","Shunling","07-21-2028/0.0","5.0","2028-07-21","16.0","88.0","6*11=66","Case","17.729","","720","23.0","Crestline Pacific Inc"
"2026-08-11","","G42203","Shunling Pickled Vegetable MSG&Seasoning Powder 20bags*70g","Seasonings","MSG&Seasoning Powder","Shunling","08-11-2026/0.0","0.0","2026-08-11","16.0","88.0","6*11=66","Case","17.729","","720","23.0","Crestline Pacific Inc"
"L251201431","","G42203","Shunling Pickled Vegetable MSG&Seasoning Powder 20bags*70g","Seasonings","MSG&Seasoning Powder","Shunling","12-04-2025/0.0","0.0","2025-12-04","16.0","88.0","6*11=66","Case","17.729","","720","23.0","Crestline Pacific Inc"
"L280701432","","E69298","Shunling Osmanthus Black Pepper 8bags*150g","Seasonings","Black Pepper","Shunling","07-24-2028/0.0","49.0","2028-07-24","49.0","49.0","","Case","28.565","","1000","35.0","Crestline Pacific Inc"
"L280701433","","E66311","Shunling Grape Chili Seasonings 30bags*1000g","Seasonings","Chili Seasonings","Shunling","07-24-2028/0.0","2.0","2028-07-24","2.0","4.0","","Case","23.087","","1080","26.0","Crestline Pacific Inc"
"L280201434","","I10356","Tianxian Matcha Peanut Oil 8bags*400g","Cooking Oil","Peanut Oil","Tianxian","02-15-2028/0.0","0.0","2028-02-15","0.0","0.0","6*8=48","Case","14.176","","540","20.0","Crestline Pacific Inc"
"L260901435","","VHS74316","Qiaohe Pickled Vegetable Health & Nutrition Drinks 500ml","Beauty & Health & Home","Health & Nutrition Drinks","Qiaohe","09-03-2026/0.0","104.0","2026-09-03","104.0","104.0","16*13=208","each","15.603","Alert Date Reached","1095","18.0","Crestline Pacific Inc"
"L270101436","","M83183","Lingyou Matcha Bread 24bags*100g","Candy & Snacks","Bread","Lingyou","01-28-2027/0.0","17.0","2027-01-28","49.0","49.0","15*11=165","Case","34.675","","180","41.5","Crestline Pacific Inc"
"L270201437","","M83183","Lingyou Matcha Bread 24bags*100g","Candy & Snacks","Bread","Lingyou","02-03-2027/0.0","16.0","2027-02-03","49.0","49.0","15*11=165","Case","34.675","","180","41.5","Crestline Pacific Inc"
"L261001438","","M83183","Lingyou Matcha Bread 24bags*100g","Candy & Snacks","Bread","Lingyou","10-06-2026/0.0","16.0","2026-10-06","49.0","49.0","15*11=165","Case","34.675","Alert Date Reached","180","41.5","Crestline Pacific Inc"
"L270601439","","B34213","Lingyou Beef Pie 10bags*200g","Candy & Snacks","Pie","Lingyou","06-17-2027/0.0","47.0","2027-06-17","139.0","168.0","","Case","18.171","","300","27.5","Crestline Pacific Inc"
"L270501440","","B34213","Lingyou Beef Pie 10bags*200g","Candy & Snacks","Pie","Lingyou","05-31-2027/0.0","46.0","2027-05-31","139.0","168.0","","Case","18.171","","300","27.5","Crestline Pacific Inc"
"L270501441","","B34213","Lingyou Beef Pie 10bags*200g","Candy & Snacks","Pie","Lingyou","05-17-2027/0.0","46.0","2027-05-17","139.0","168.0","","Case","18.171","","300","27.5","Crestline Pacific Inc"
"2025-11-05","","B34213","Lingyou Beef Pie 10bags*200g","Candy & Snacks","Pie","Lingyou","11-05-2025/0.0","0.0","2025-11-05","139.0","168.0","","Case","18.171","","300","27.5","Crestline Pacific Inc"
"L261101443","","B15255","Lingyou Garlic Candy 8bags*70g","Candy & Snacks","Candy","Lingyou","11-14-2026/0.0","0.0","2026-11-14","0.0","3.0","","Case","28.755","","540","41.0","Crestline Pacific Inc"
"L271001444","","B15255","Lingyou Garlic Candy 8bags*70g","Candy & Snacks","Candy","Lingyou","10-29-2027/0.0","0.0","2027-10-29","0.0","3.0","","Case","28.755","","540","41.0","Crestline Pacific Inc"
"L260101445","","B15255","Lingyou Garlic Candy 8bags*70g","Candy & Snacks","Candy","Lingyou","01-07-2026/0.0","0.0","2026-01-07","0.0","3.0","","Case","28.755","","540","41.0","Crestline Pacific Inc"
"L270301446","","M95183","Lingyou Honey Mooncakes 24bags*400g","Candy & Snacks","Mooncakes","Lingyou","03-12-2027/0.0","57.0","2027-03-12","113.0","113.0","","Case","32.64","","180","46.0","Crestline Pacific Inc"
"L270201447","","M95183","Lingyou Honey Mooncakes 24bags*400g","Candy & Snacks","Mooncakes","Lingyou","02-09-2027/0.0","56.0","2027-02-09","113.0","113.0","","Case","32.64","","180","46.0","Crestline Pacific Inc"
"2025-08-30","","M95183","Lingyou Honey Mooncakes 24bags*400g","Candy & Snacks","Mooncakes","Lingyou","08-30-2025/0.0","0.0","2025-08-30","113.0","113.0","","Case","32.64","","180","46.0","Crestline Pacific Inc"
"2026-05-26","","M95183","Lingyou Honey Mooncakes 24bags*400g","Candy & Snacks","Mooncakes","Lingyou","05-26-2026/0.0","0.0","2026-05-26","113.0","113.0","","Case","32.64","","180","46.0","Crestline Pacific Inc"
"L270901450","","I31399","Xisong Seafood Peanut Oil 10bags*150g","Cooking Oil","Peanut Oil","Xisong","09-30-2027/0.0","16.0","2027-09-30","44.0","50.0","","Case","19.73","","540","25.0","Crestline Pacific Inc"
"L270401451","","I31399","Xisong Seafood Peanut Oil 10bags*150g","Cooking Oil","Peanut Oil","Xisong","04-10-2027/0.0","14.0","2027-04-10","44.0","50.0","","Case","19.73","","540","25.0","Crestline Pacific Inc"
"L270901452","","I31399","Xisong Seafood Peanut Oil 10bags*150g","Cooking Oil","Peanut Oil","Xisong","09-11-2027/0.0","14.0","2027-09-11","44.0","50.0","","Case","19.73","","540","25.0","Crestline Pacific Inc"
"L260801453","","I31399","Xisong Seafood Peanut Oil 10bags*150g","Cooking Oil","Peanut Oil","Xisong","08-05-2026/0.0","0.0","2026-08-05","44.0","50.0","","Case","19.73","","540","25.0","Crestline Pacific Inc"
"2026-03-14","","I31399","Xisong Seafood Peanut Oil 10bags*150g","Cooking Oil","Peanut Oil","Xisong","03-14-2026/0.0","0.0","2026-03-14","44.0","50.0","","Case","19.73","","540","25.0","Crestline Pacific Inc"
"L261001455","","I40137","Xisong Seafood Sichuan Pepper Oil 6bags*200g","Cooking Oil","Sichuan Pepper Oil","Xisong","10-30-2026/0.0","10.0","2026-10-30","28.0","29.0","17*9=153","Case","23.504","Alert Date Reached","540","27.5","Crestline Pacific Inc"
"L270701456","","I40137","Xisong Seafood Sichuan Pepper Oil 6bags*200g","Cooking Oil","Sichuan Pepper Oil","Xisong","07-07-2027/0.0","9.0","2027-07-07","28.0","29.0","17*9=153","Case","23.504","","540","999.0","Crestline Pacific Inc"
"L270701457","","I40137","Xisong Seafood Sichuan Pepper Oil 6bags*200g","Cooking Oil","Sichuan Pepper Oil","Xisong","07-31-2027/0.0","9.0","2027-07-31","28.0","29.0","17*9=153","Case","23.504","","540","27.5","Crestline Pacific Inc"
"L260701458","","I40137","Xisong Seafood Sichuan Pepper Oil 6bags*200g","Cooking Oil","Sichuan Pepper Oil","Xisong","07-10-2026/0.0","0.0","2026-07-10","28.0","29.0","17*9=153","Case","23.504","","540","27.5","Crestline Pacific Inc"
"L280501459","","VHB13133","CHUANBAO Spicy Hand & Body Care 100ml","Beauty & Health & Home","Hand & Body Care","CHUANBAO","05-22-2028/0.0","68.0","2028-05-22","202.0","202.0","9*9=81","each","3.563","","1095","5.0","Crestline Pacific Inc"
"L270501460","","VHB13133","CHUANBAO Spicy Hand & Body Care 100ml","Beauty & Health & Home","Hand & Body Care","CHUANBAO","05-31-2027/0.0","67.0","2027-05-31","202.0","202.0","9*9=81","each","3.563","","1095","5.0","Crestline Pacific Inc"
"L261101461","","VHB13133","CHUANBAO Spicy Hand & Body Care 100ml","Beauty & Health & Home","Hand & Body Care","CHUANBAO","11-06-2026/0.0","67.0","2026-11-06","202.0","202.0","9*9=81","each","3.563","Alert Date Reached","1095","5.0","Crestline Pacific Inc"
"L260801462","","VHK93396","CHUANBAO Pickled Vegetable Home Cleaning 250ml","Beauty & Health & Home","Home Cleaning","CHUANBAO","08-14-2026/0.0","92.0","2026-08-14","92.0","193.0","14*11=154","each","18.5","Alert Date Reached","1095","22.0","Crestline Pacific Inc"
"L280901463","","E27390","XIANGYOU Oolong Chili Seasonings 8bags*1000g","Seasonings","Chili Seasonings","XIANGYOU","09-07-2028/0.0","0.0","2028-09-07","0.0","20.0","","Case","51.177","","1080","57.0","Crestline Pacific Inc"
"L270301464","","E27390","XIANGYOU Oolong Chili Seasonings 8bags*1000g","Seasonings","Chili Seasonings","XIANGYOU","03-10-2027/0.0","0.0","2027-03-10","0.0","20.0","","Case","51.177","","1080","57.0","Crestline Pacific Inc"
"L270801465","","G50228","XIANGYOU Red Bean Cooking Wine 20bags*100g","Seasonings","Cooking Wine","XIANGYOU","08-29-2027/0.0","98.0","2027-08-29","195.0","272.0","18*13=234","Case","38.655","","540","44.0","Crestline Pacific Inc"
"L261001466","","G50228","XIANGYOU Red Bean Cooking Wine 20bags*100g","Seasonings","Cooking Wine","XIANGYOU","10-10-2026/0.0","97.0","2026-10-10","195.0","272.0","18*13=234","Case","38.655","Alert Date Reached","540","44.0","Crestline Pacific Inc"
"L270601467","","Z04226","Shunfeng Honey Detergent 8bags*400g","Kitchenware","Detergent","Shunfeng","06-02-2027/0.0","80.0","2027-06-02","80.0","80.0","","Case","19.259","","360","27.0","Crestline Pacific Inc"
"L271001468","","VEL96371","JINXI Seafood Electronics 200ml","Beauty & Health & Home","Electronics","JINXI","10-11-2027/0.0","183.0","2027-10-11","545.0","1077.0","12*12=144","each","17.387","","1095","20.5","Crestline Pacific Inc"
"L271101469","","VEL96371","JINXI Seafood Electronics 200ml","Beauty & Health & Home","Electronics","JINXI","11-18-2027/0.0","181.0","2027-11-18","545.0","1077.0","12*12=144","each","17.387","","1095","20.5","Crestline Pacific Inc"
"L290201470","","VEL96371","JINXI Seafood Electronics 200ml","Beauty & Health & Home","Electronics","JINXI","02-16-2029/0.0","181.0","2029-02-16","545.0","1077.0","12*12=144","each","17.387","","1095","20.5","Crestline Pacific Inc"
"L281101471","","VHK17363","YUEMEI Matcha Home Cleaning 100ml","Beauty & Health & Home","Home Cleaning","YUEMEI","11-12-2028/0.0","709.0","2028-11-12","1418.0","1992.0","18*11=198","each","16.706","","1095","25.0","Crestline Pacific Inc"
"L261101472","","VHK17363","YUEMEI Matcha Home Cleaning 100ml","Beauty & Health & Home","Home Cleaning","YUEMEI","11-27-2026/0.0","709.0","2026-11-27","1418.0","1992.0","18*11=198","each","16.706","","1095","25.0","Crestline Pacific Inc"
"L250901473","","VHK17363","YUEMEI Matcha Home Cleaning 100ml","Beauty & Health & Home","Home Cleaning","YUEMEI","09-07-2025/0.0","0.0","2025-09-07","1418.0","1992.0","18*11=198","each","16.706","","1095","25.0","Crestline Pacific Inc"
"L270301474","","A97366","Tianxi Oolong Juice 20btls*330ml","Beverages","Juice","Tianxi","03-30-2027/0.0","5.0","2027-03-30","15.0","15.0","","Case","11.827","","360","17.5","Crestline Pacific Inc"
"L270801475","","A97366","Tianxi Oolong Juice 20btls*330ml","Beverages","Juice","Tianxi","08-03-2027/0.0","5.0","2027-08-03","15.0","15.0","","Case","11.827","","360","17.5","Crestline Pacific Inc"
"L270701476","","A97366","Tianxi Oolong Juice 20btls*330ml","Beverages","Juice","Tianxi","07-31-2027/0.0","5.0","2027-07-31","15.0","15.0","","Case","11.827","","360","17.5","Crestline Pacific Inc"
"2025-10-26","","A97366","Tianxi Oolong Juice 20btls*330ml","Beverages","Juice","Tianxi","10-26-2025/0.0","0.0","2025-10-26","15.0","15.0","","Case","11.827","","360","17.5","Crestline Pacific Inc"
"2026-08-02","","A97366","Tianxi Oolong Juice 20btls*330ml","Beverages","Juice","Tianxi","08-02-2026/0.0","0.0","2026-08-02","15.0","15.0","","Case","11.827","","360","17.5","Crestline Pacific Inc"
"L270701479","","A51215","Tianxi Peach Milk 12btls*1500ml","Beverages","Milk","Tianxi","07-29-2027/0.0","0.0","2027-07-29","0.0","12.0","9*14=126","Case","28.116","","360","31.5","Crestline Pacific Inc"
"L270601480","","A51215","Tianxi Peach Milk 12btls*1500ml","Beverages","Milk","Tianxi","06-07-2027/0.0","0.0","2027-06-07","0.0","12.0","9*14=126","Case","28.116","","360","31.5","Crestline Pacific Inc"
"2026-01-05","","A51215","Tianxi Peach Milk 12btls*1500ml","Beverages","Milk","Tianxi","01-05-2026/0.0","0.0","2026-01-05","0.0","12.0","9*14=126","Case","28.116","","360","31.5","Crestline Pacific Inc"
"L261201482","","A85256","Tianxi Corn Juice Drinks 12btls*280ml","Beverages","Juice Drinks","Tianxi","12-07-2026/0.0","112.0","2026-12-07","112.0","112.0","","Case","17.405","","540","21.5","Crestline Pacific Inc"
"L251101483","","A85256","Tianxi Corn Juice Drinks 12btls*280ml","Beverages","Juice Drinks","Tianxi","11-03-2025/0.0","0.0","2025-11-03","112.0","112.0","","Case","17.405","","540","21.5","Crestline Pacific Inc"
"L270401484","","A79170","Tianxi Chocolate Electrolyte Drinks 15btls*330ml","Beverages","Electrolyte Drinks","Tianxi","04-02-2027/0.0","6.0","2027-04-02","6.0","21.0","10*6=60","Case","15.473","","360","21.0","Crestline Pacific Inc"
"L270701485","","A43160","Tianxi BBQ Sparkling Water 15btls*480ml","Beverages","Sparkling Water","Tianxi","07-18-2027/0.0","234.0","2027-07-18","234.0","234.0","9*13=117","Case","18.191","","360","23.0","Crestline Pacific Inc"
"L271201486","","G40194","Maijia Seafood Soybean Paste 30bags*100g","Seasonings","Soybean Paste","Maijia","12-07-2027/0.0","7.0","2027-12-07","7.0","7.0","","Case","44.386","","720","56.0","Crestline Pacific Inc"
"L280701487","","E55188","Maijia Red Bean Cumin 8bags*1000g","Seasonings","Cumin","Maijia","07-11-2028/0.0","0.0","2028-07-11","0.0","0.0","","Case","17.983","","1080","25.5","Crestline Pacific Inc"
"L271201488","","E55188","Maijia Red Bean Cumin 8bags*1000g","Seasonings","Cumin","Maijia","12-11-2027/0.0","0.0","2027-12-11","0.0","0.0","","Case","17.983","","1080","25.5","Crestline Pacific Inc"
"L280301489","","F06157","Xixiang Chocolate Mixed Grains 6bags*70g","Grains","Mixed Grains","Xixiang","03-31-2028/0.0","1.0","2028-03-31","3.0","3.0","13*5=65","Case","45.395","","1080","50.5","Crestline Pacific Inc"
"L290201490","","F06157","Xixiang Chocolate Mixed Grains 6bags*70g","Grains","Mixed Grains","Xixiang","02-20-2029/0.0","1.0","2029-02-20","3.0","3.0","13*5=65","Case","45.395","","1080","50.5","Crestline Pacific Inc"
"L271001491","","F06157","Xixiang Chocolate Mixed Grains 6bags*70g","Grains","Mixed Grains","Xixiang","10-31-2027/0.0","1.0","2027-10-31","3.0","3.0","13*5=65","Case","45.395","","1080","50.5","Crestline Pacific Inc"
"L280701492","","F53365","Xixiang Five Spice Rice 20bags*150g","Grains","Rice","Xixiang","07-17-2028/0.0","2.0","2028-07-17","2.0","3.0","13*11=143","Case","38.915","","720","45.5","Crestline Pacific Inc"
"L270301493","","L28254","Xianyue Peach Jujube 8bags*100g","Dried Vegetables","Jujube","Xianyue","03-03-2027/0.0","103.0","2027-03-03","205.0","367.0","9*10=90","Case","70.315","","360","97.0","Crestline Pacific Inc"
"L270801494","","L28254","Xianyue Peach Jujube 8bags*100g","Dried Vegetables","Jujube","Xianyue","08-22-2027/0.0","102.0","2027-08-22","205.0","367.0","9*10=90","Case","70.315","","360","97.0","Crestline Pacific Inc"
"2025-09-09","","L28254","Xianyue Peach Jujube 8bags*100g","Dried Vegetables","Jujube","Xianyue","09-09-2025/0.0","0.0","2025-09-09","205.0","367.0","9*10=90","Case","70.315","","360","97.0","Crestline Pacific Inc"
"L271101496","","L13277","Xianyue Brown Sugar Tofu Skin 8bags*150g","Dried Vegetables","Tofu Skin","Xianyue","11-15-2027/0.0","1.0","2027-11-15","1.0","5.0","9*12=108","Case","78.489","","720","113.5","Crestline Pacific Inc"
"L260201497","","L13277","Xianyue Brown Sugar Tofu Skin 8bags*150g","Dried Vegetables","Tofu Skin","Xianyue","02-11-2026/0.0","0.0","2026-02-11","1.0","5.0","9*12=108","Case","78.489","","720","113.5","Crestline Pacific Inc"
"L260301498","","L13277","Xianyue Brown Sugar Tofu Skin 8bags*150g","Dried Vegetables","Tofu Skin","Xianyue","03-29-2026/0.0","0.0","2026-03-29","1.0","5.0","9*12=108","Case","78.489","","720","113.5","Crestline Pacific Inc"
"L270201499","","F13333","CHUANCHENG Garlic Rice 6bags*70g","Grains","Rice","CHUANCHENG","02-02-2027/0.0","9.0","2027-02-02","18.0","33.0","10*5=50","Case","25.42","","720","37.5","Crestline Pacific Inc"
"L271201500","","F13333","CHUANCHENG Garlic Rice 6bags*70g","Grains","Rice","CHUANCHENG","12-24-2027/0.0","9.0","2027-12-24","18.0","33.0","10*5=50","Case","25.42","","720","37.5","Crestline Pacific Inc"
"L280101501","","H23351","Hechen Beef Pickled Products 24bags*400g","Dried Vegetables","Pickled Products","Hechen","01-23-2028/0.0","95.0","2028-01-23","281.0","281.0","17*10=170","Case","52.927","","540","61.0","Crestline Pacific Inc"
"L261101502","","H23351","Hechen Beef Pickled Products 24bags*400g","Dried Vegetables","Pickled Products","Hechen","11-25-2026/0.0","93.0","2026-11-25","281.0","281.0","17*10=170","Case","52.927","","540","61.0","Crestline Pacific Inc"
"L270801503","","H23351","Hechen Beef Pickled Products 24bags*400g","Dried Vegetables","Pickled Products","Hechen","08-26-2027/0.0","93.0","2027-08-26","281.0","281.0","17*10=170","Case","52.927","","540","61.0","Crestline Pacific Inc"
"2026-08-05","","H23351","Hechen Beef Pickled Products 24bags*400g","Dried Vegetables","Pickled Products","Hechen","08-05-2026/0.0","0.0","2026-08-05","281.0","281.0","17*10=170","Case","52.927","","540","61.0","Crestline Pacific Inc"
"L260101505","","H23351","Hechen Beef Pickled Products 24bags*400g","Dried Vegetables","Pickled Products","Hechen","01-26-2026/0.0","0.0","2026-01-26","281.0","281.0","17*10=170","Case","52.927","","540","61.0","Crestline Pacific Inc"
"L270801506","","K61239","Hechen Jujube Fermented Tofu 6bags*150g","Dried Vegetables","Fermented Tofu","Hechen","08-13-2027/0.0","47.0","2027-08-13","93.0","93.0","","Case","25.93","","360","32.0","Crestline Pacific Inc"
"L270201507","","K61239","Hechen Jujube Fermented Tofu 6bags*150g","Dried Vegetables","Fermented Tofu","Hechen","02-07-2027/0.0","46.0","2027-02-07","93.0","93.0","","Case","25.93","","360","32.0","Crestline Pacific Inc"
"L260601508","","L29176","Hechen Chocolate Jujube 20bags*150g","Dried Vegetables","Jujube","Hechen","06-21-2026/0.0","92.0","2026-06-21","184.0","184.0","","Case","77.181","Alert Date Reached","360","90.0","Crestline Pacific Inc"
"L270501509","","L29176","Hechen Chocolate Jujube 20bags*150g","Dried Vegetables","Jujube","Hechen","05-24-2027/0.0","92.0","2027-05-24","184.0","184.0","","Case","77.181","","360","999.0","Crestline Pacific Inc"
"L270701510","","FA48131","WEIFENG Corn Frozen Pastries&Pancakes&Baked Pancakes 30bags*70g","Frozen & Chilled Foods","Frozen Pastries&Pancakes&Baked Pancakes","WEIFENG","07-26-2027/0.0","7.0","2027-07-26","7.0","10.0","7*11=77","Case","27.983","","360","40.5","Crestline Pacific Inc"
"2026-06-28","","FA48131","WEIFENG Corn Frozen Pastries&Pancakes&Baked Pancakes 30bags*70g","Frozen & Chilled Foods","Frozen Pastries&Pancakes&Baked Pancakes","WEIFENG","06-28-2026/0.0","0.0","2026-06-28","7.0","10.0","7*11=77","Case","27.983","","360","40.5","Crestline Pacific Inc"
"L261201512","","FA72146","WEIFENG Honey Frozen Pastries&Pancakes&Baked Pancakes 20bags*200g","Frozen & Chilled Foods","Frozen Pastries&Pancakes&Baked Pancakes","WEIFENG","12-10-2026/0.0","0.0","2026-12-10","0.0","9.0","13*13=169","Case","42.688","","360","51.0","Crestline Pacific Inc"
"L250901513","","FA72146","WEIFENG Honey Frozen Pastries&Pancakes&Baked Pancakes 20bags*200g","Frozen & Chilled Foods","Frozen Pastries&Pancakes&Baked Pancakes","WEIFENG","09-21-2025/0.0","0.0","2025-09-21","0.0","9.0","13*13=169","Case","42.688","","360","51.0","Crestline Pacific Inc"
"2026-02-16","","FA72146","WEIFENG Honey Frozen Pastries&Pancakes&Baked Pancakes 20bags*200g","Frozen & Chilled Foods","Frozen Pastries&Pancakes&Baked Pancakes","WEIFENG","02-16-2026/0.0","0.0","2026-02-16","0.0","9.0","13*13=169","Case","42.688","","360","51.0","Crestline Pacific Inc"
"L261201515","","D49348","FENGXI Taro Instant Rice Noodles 10bags*150g","Dry Noodles","Instant Rice Noodles","FENGXI","12-23-2026/0.0","0.0","2026-12-23","0.0","4.0","14*9=126","Case","23.594","","720","35.0","Crestline Pacific Inc"
"L280101516","","D49348","FENGXI Taro Instant Rice Noodles 10bags*150g","Dry Noodles","Instant Rice Noodles","FENGXI","01-10-2028/0.0","0.0","2028-01-10","0.0","4.0","14*9=126","Case","23.594","","720","35.0","Crestline Pacific Inc"
"L280101517","","D49348","FENGXI Taro Instant Rice Noodles 10bags*150g","Dry Noodles","Instant Rice Noodles","FENGXI","01-04-2028/0.0","0.0","2028-01-04","0.0","4.0","14*9=126","Case","23.594","","720","35.0","Crestline Pacific Inc"
"L280101518","","F59323","Yunyuan Corn Rice 8bags*150g","Grains","Rice","Yunyuan","01-12-2028/0.0","0.0","2028-01-12","0.0","0.0","9*13=117","Case","32.687","","720","43.5","Crestline Pacific Inc"
"L270601519","","F34187","Yunyuan Brown Sugar Rice 24bags*1000g","Grains","Rice","Yunyuan","06-06-2027/0.0","0.0","2027-06-06","0.0","0.0","","Case","38.79","","720","54.5","Crestline Pacific Inc"
"L261101520","","F34187","Yunyuan Brown Sugar Rice 24bags*1000g","Grains","Rice","Yunyuan","11-19-2026/0.0","0.0","2026-11-19","0.0","0.0","","Case","38.79","","720","54.5","Crestline Pacific Inc"
"L261101521","","F02200","Yunyuan Coconut Rice 8bags*1000g","Grains","Rice","Yunyuan","11-18-2026/0.0","7.0","2026-11-18","21.0","31.0","17*5=85","Case","24.669","Alert Date Reached","720","34.0","Crestline Pacific Inc"
"L261201522","","F02200","Yunyuan Coconut Rice 8bags*1000g","Grains","Rice","Yunyuan","12-27-2026/0.0","7.0","2026-12-27","21.0","31.0","17*5=85","Case","24.669","","720","34.0","Crestline Pacific Inc"
"L280101523","","F02200","Yunyuan Coconut Rice 8bags*1000g","Grains","Rice","Yunyuan","01-24-2028/0.0","7.0","2028-01-24","21.0","31.0","17*5=85","Case","24.669","","720","34.0","Crestline Pacific Inc"
"L270401524","","F31364","Yunyuan Mango Rice 10bags*100g","Grains","Rice","Yunyuan","04-07-2027/0.0","46.0","2027-04-07","46.0","46.0","8*11=88","Case","23.345","","720","31.0","Crestline Pacific Inc"
"L261101525","","F85174","Yunyuan Original Rice 6bags*500g","Grains","Rice","Yunyuan","11-09-2026/0.0","104.0","2026-11-09","207.0","207.0","","Case","42.979","Alert Date Reached","720","52.0","Crestline Pacific Inc"
"L261101526","","F85174","Yunyuan Original Rice 6bags*500g","Grains","Rice","Yunyuan","11-02-2026/0.0","103.0","2026-11-02","207.0","207.0","","Case","42.979","Alert Date Reached","720","52.0","Crestline Pacific Inc"
"L260801527","","F85174","Yunyuan Original Rice 6bags*500g","Grains","Rice","Yunyuan","08-04-2026/0.0","0.0","2026-08-04","207.0","207.0","","Case","42.979","","720","52.0","Crestline Pacific Inc"
"L290101528","","G30355","Jinrun Osmanthus Canned Seafood 20bags*400g","Canned & Dry Goods","Canned Seafood","Jinrun","01-16-2029/0.0","86.0","2029-01-16","171.0","171.0","13*13=169","Case","17.523","","1080","26.0","Crestline Pacific Inc"
"L280101529","","G30355","Jinrun Osmanthus Canned Seafood 20bags*400g","Canned & Dry Goods","Canned Seafood","Jinrun","01-06-2028/0.0","85.0","2028-01-06","171.0","171.0","13*13=169","Case","17.523","","1080","26.0","Crestline Pacific Inc"
"L260201530","","G30355","Jinrun Osmanthus Canned Seafood 20bags*400g","Canned & Dry Goods","Canned Seafood","Jinrun","02-19-2026/0.0","0.0","2026-02-19","171.0","171.0","13*13=169","Case","17.523","","1080","26.0","Crestline Pacific Inc"
"L290201531","","E30150","YOUSHUN Garlic Garlic 1bag*25lb","Seasonings","Garlic","YOUSHUN","02-12-2029/0.0","884.0","2029-02-12","2648.0","3095.0","7*14=98","Bag","27.386","","1080","36.5","Crestline Pacific Inc"
"L280401532","","E30150","YOUSHUN Garlic Garlic 1bag*25lb","Seasonings","Garlic","YOUSHUN","04-14-2028/0.0","882.0","2028-04-14","2648.0","3095.0","7*14=98","Bag","27.386","","1080","36.5","Crestline Pacific Inc"
"L261201533","","E30150","YOUSHUN Garlic Garlic 1bag*25lb","Seasonings","Garlic","YOUSHUN","12-24-2026/0.0","882.0","2026-12-24","2648.0","3095.0","7*14=98","Bag","27.386","","1080","36.5","Crestline Pacific Inc"
"2025-11-29","","E30150","YOUSHUN Garlic Garlic 1bag*25lb","Seasonings","Garlic","YOUSHUN","11-29-2025/0.0","0.0","2025-11-29","2648.0","3095.0","7*14=98","Bag","27.386","","1080","36.5","Crestline Pacific Inc"
"L260501535","","E30150","YOUSHUN Garlic Garlic 1bag*25lb","Seasonings","Garlic","YOUSHUN","05-23-2026/0.0","0.0","2026-05-23","2648.0","3095.0","7*14=98","Bag","27.386","","1080","36.5","Crestline Pacific Inc"
"L271201536","","F32229","Guxi Pickled Vegetable Peanuts 8bags*70g","Grains","Peanuts","Guxi","12-10-2027/0.0","1.0","2027-12-10","2.0","3.0","","Case","22.085","","1080","33.0","Crestline Pacific Inc"
"L280701537","","F32229","Guxi Pickled Vegetable Peanuts 8bags*70g","Grains","Peanuts","Guxi","07-08-2028/0.0","1.0","2028-07-08","2.0","3.0","","Case","22.085","","1080","33.0","Crestline Pacific Inc"
"L270801538","","VHK62378","BAOXI Pickled Vegetable Home Cleaning 500ml","Beauty & Health & Home","Home Cleaning","BAOXI","08-18-2027/0.0","29.0","2027-08-18","58.0","303.0","","each","2.731","","1095","4.0","Crestline Pacific Inc"
"L290501539","","VHK62378","BAOXI Pickled Vegetable Home Cleaning 500ml","Beauty & Health & Home","Home Cleaning","BAOXI","05-08-2029/0.0","29.0","2029-05-08","58.0","303.0","","each","2.731","","1095","4.0","Crestline Pacific Inc"
"2026-03-03","","VHK62378","BAOXI Pickled Vegetable Home Cleaning 500ml","Beauty & Health & Home","Home Cleaning","BAOXI","03-03-2026/0.0","0.0","2026-03-03","58.0","303.0","","each","2.731","","1095","4.0","Crestline Pacific Inc"
"2025-11-21","","VHK62378","BAOXI Pickled Vegetable Home Cleaning 500ml","Beauty & Health & Home","Home Cleaning","BAOXI","11-21-2025/0.0","0.0","2025-11-21","58.0","303.0","","each","2.731","","1095","4.0","Crestline Pacific Inc"
"L311001542","","VCA93361","BAOXI Coconut Fashion Jewelry 400ml","Beauty & Health & Home","Fashion Jewelry","BAOXI","10-25-2031/0.0","0.0","2031-10-25","0.0","0.0","13*9=117","each","20.07","","3650","24.0","Crestline Pacific Inc"
"L270201543","","VCA93361","BAOXI Coconut Fashion Jewelry 400ml","Beauty & Health & Home","Fashion Jewelry","BAOXI","02-12-2027/0.0","0.0","2027-02-12","0.0","0.0","13*9=117","each","20.07","","3650","24.0","Crestline Pacific Inc"
"L260601544","","VCA93361","BAOXI Coconut Fashion Jewelry 400ml","Beauty & Health & Home","Fashion Jewelry","BAOXI","06-15-2026/0.0","0.0","2026-06-15","0.0","0.0","13*9=117","each","20.07","","3650","24.0","Crestline Pacific Inc"
"L340401545","","VCA61111","BAOXI Chocolate Apparel & Accessories 400ml","Beauty & Health & Home","Apparel & Accessories","BAOXI","04-15-2034/0.0","2.0","2034-04-15","2.0","3.0","18*14=252","each","14.491","","3650","21.0","Crestline Pacific Inc"
"L340101546","","VCA61111","BAOXI Chocolate Apparel & Accessories 400ml","Beauty & Health & Home","Apparel & Accessories","BAOXI","01-23-2034/0.0","0.0","2034-01-23","2.0","3.0","18*14=252","each","14.491","","3650","21.0","Crestline Pacific Inc"
"L280801547","","VCA61111","BAOXI Chocolate Apparel & Accessories 400ml","Beauty & Health & Home","Apparel & Accessories","BAOXI","08-14-2028/0.0","0.0","2028-08-14","2.0","3.0","18*14=252","each","14.491","","3650","21.0","Crestline Pacific Inc"
"L260301548","","VCA61111","BAOXI Chocolate Apparel & Accessories 400ml","Beauty & Health & Home","Apparel & Accessories","BAOXI","03-18-2026/0.0","0.0","2026-03-18","2.0","3.0","18*14=252","each","14.491","","3650","21.0","Crestline Pacific Inc"
"L271101549","","VHB43208","BAOXI Seafood Hair 30bags*500g","Beauty & Health & Home","Hair","BAOXI","11-30-2027/0.0","71.0","2027-11-30","71.0","73.0","7*12=84","Case","5.233","","1095","6.0","Crestline Pacific Inc"
"L280101550","","VHS61142","BAOXI Strawberry Health & Nutrition Drinks 250ml","Beauty & Health & Home","Health & Nutrition Drinks","BAOXI","01-22-2028/0.0","317.0","2028-01-22","951.0","951.0","14*6=84","each","21.29","","1095","24.5","Crestline Pacific Inc"
"L280301551","","VHS61142","BAOXI Strawberry Health & Nutrition Drinks 250ml","Beauty & Health & Home","Health & Nutrition Drinks","BAOXI","03-10-2028/0.0","317.0","2028-03-10","951.0","951.0","14*6=84","each","21.29","","1095","24.5","Crestline Pacific Inc"
"L261201552","","VHS61142","BAOXI Strawberry Health & Nutrition Drinks 250ml","Beauty & Health & Home","Health & Nutrition Drinks","BAOXI","12-16-2026/0.0","317.0","2026-12-16","951.0","951.0","14*6=84","each","21.29","","1095","24.5","Crestline Pacific Inc"
"2025-09-15","","VHS61142","BAOXI Strawberry Health & Nutrition Drinks 250ml","Beauty & Health & Home","Health & Nutrition Drinks","BAOXI","09-15-2025/0.0","0.0","2025-09-15","951.0","951.0","14*6=84","each","21.29","","1095","24.5","Crestline Pacific Inc"
"L260201554","","VHS61142","BAOXI Strawberry Health & Nutrition Drinks 250ml","Beauty & Health & Home","Health & Nutrition Drinks","BAOXI","02-21-2026/0.0","0.0","2026-02-21","951.0","951.0","14*6=84","each","21.29","","1095","24.5","Crestline Pacific Inc"
"L270501555","","Z51230","Xingxiang Corn Packaging 6bags*1000g","Consumables","Packaging","Xingxiang","05-15-2027/0.0","0.0","2027-05-15","0.0","2.0","17*9=153","Case","17.058","","1080","19.0","Crestline Pacific Inc"
"L290501556","","Z51230","Xingxiang Corn Packaging 6bags*1000g","Consumables","Packaging","Xingxiang","05-23-2029/0.0","0.0","2029-05-23","0.0","2.0","17*9=153","Case","17.058","","1080","19.0","Crestline Pacific Inc"
"L290101557","","Z12230","Xingxiang Brown Sugar Packaging 8bags*200g","Consumables","Packaging","Xingxiang","01-30-2029/0.0","0.0","2029-01-30","0.0","13.0","","Case","42.432","","1080","50.5","Crestline Pacific Inc"
"L280901558","","Z12230","Xingxiang Brown Sugar Packaging 8bags*200g","Consumables","Packaging","Xingxiang","09-23-2028/0.0","0.0","2028-09-23","0.0","13.0","","Case","42.432","","1080","50.5","Crestline Pacific Inc"
"L260701559","","Z12230","Xingxiang Brown Sugar Packaging 8bags*200g","Consumables","Packaging","Xingxiang","07-04-2026/0.0","0.0","2026-07-04","0.0","13.0","","Case","42.432","","1080","50.5","Crestline Pacific Inc"
"L260301560","","Z12230","Xingxiang Brown Sugar Packaging 8bags*200g","Consumables","Packaging","Xingxiang","03-13-2026/0.0","0.0","2026-03-13","0.0","13.0","","Case","42.432","","1080","50.5","Crestline Pacific Inc"
"L271201561","","F79209","XIANZHOU Oolong Starch 12bags*1000g","Flour&Starches","Starch","XIANZHOU","12-22-2027/0.0","16.0","2027-12-22","31.0","48.0","9*7=63","Case","25.925","","540","32.5","Crestline Pacific Inc"
"L270501562","","F79209","XIANZHOU Oolong Starch 12bags*1000g","Flour&Starches","Starch","XIANZHOU","05-11-2027/0.0","15.0","2027-05-11","31.0","48.0","9*7=63","Case","25.925","","540","32.5","Crestline Pacific Inc"
"L280401563","","F09307","XIANZHOU Five Spice Flour Mix & Frying Batter Mix 6bags*500g","Flour&Starches","Flour Mix & Frying Batter Mix","XIANZHOU","04-25-2028/0.0","1.0","2028-04-25","3.0","3.0","6*13=78","Case","30.821","","730","41.5","Crestline Pacific Inc"
"L270601564","","F09307","XIANZHOU Five Spice Flour Mix & Frying Batter Mix 6bags*500g","Flour&Starches","Flour Mix & Frying Batter Mix","XIANZHOU","06-02-2027/0.0","1.0","2027-06-02","3.0","3.0","6*13=78","Case","30.821","","730","999.0","Crestline Pacific Inc"
"L260701565","","F09307","XIANZHOU Five Spice Flour Mix & Frying Batter Mix 6bags*500g","Flour&Starches","Flour Mix & Frying Batter Mix","XIANZHOU","07-10-2026/0.0","1.0","2026-07-10","3.0","3.0","6*13=78","Case","30.821","Alert Date Reached","730","41.5","Crestline Pacific Inc"
"L280701566","","F66399","XIANZHOU Lychee Flour Mix & Frying Batter Mix 24bags*70g","Flour&Starches","Flour Mix & Frying Batter Mix","XIANZHOU","07-02-2028/0.0","0.0","2028-07-02","0.0","1.0","","Case","35.706","","730","44.0","Crestline Pacific Inc"
"L280401567","","F66399","XIANZHOU Lychee Flour Mix & Frying Batter Mix 24bags*70g","Flour&Starches","Flour Mix & Frying Batter Mix","XIANZHOU","04-13-2028/0.0","0.0","2028-04-13","0.0","1.0","","Case","35.706","","730","44.0","Crestline Pacific Inc"
"L271101568","","F66399","XIANZHOU Lychee Flour Mix & Frying Batter Mix 24bags*70g","Flour&Starches","Flour Mix & Frying Batter Mix","XIANZHOU","11-04-2027/0.0","0.0","2027-11-04","0.0","1.0","","Case","35.706","","730","44.0","Crestline Pacific Inc"
"L270301569","","F97157","XIANZHOU Pickled Vegetable Flour Mix & Frying Batter Mix 10bags*400g","Flour&Starches","Flour Mix & Frying Batter Mix","XIANZHOU","03-17-2027/0.0","107.0","2027-03-17","107.0","107.0","4*14=56","Case","38.472","","730","52.5","Crestline Pacific Inc"
"L261201570","","F77356","XIANZHOU Osmanthus Flour Mix & Frying Batter Mix 24bags*400g","Flour&Starches","Flour Mix & Frying Batter Mix","XIANZHOU","12-27-2026/0.0","1.0","2026-12-27","1.0","4.0","7*14=98","Case","24.72","","730","33.0","Crestline Pacific Inc"
"L270601571","","B23165","FENGJIA Sea Salt Seaweed Snacks & Dried Kelp 12bags*1000g","Candy & Snacks","Seaweed Snacks & Dried Kelp","FENGJIA","06-06-2027/0.0","6.0","2027-06-06","16.0","16.0","9*13=117","Case","21.528","","540","28.0","Crestline Pacific Inc"
"L270501572","","B23165","FENGJIA Sea Salt Seaweed Snacks & Dried Kelp 12bags*1000g","Candy & Snacks","Seaweed Snacks & Dried Kelp","FENGJIA","05-20-2027/0.0","5.0","2027-05-20","16.0","16.0","9*13=117","Case","21.528","","540","28.0","Crestline Pacific Inc"
"L270501573","","B23165","FENGJIA Sea Salt Seaweed Snacks & Dried Kelp 12bags*1000g","Candy & Snacks","Seaweed Snacks & Dried Kelp","FENGJIA","05-16-2027/0.0","5.0","2027-05-16","16.0","16.0","9*13=117","Case","21.528","","540","28.0","Crestline Pacific Inc"
"L270101574","","M05257","FENGJIA Tomato Bread 30bags*70g","Candy & Snacks","Bread","FENGJIA","01-17-2027/0.0","82.0","2027-01-17","244.0","244.0","13*13=169","Case","17.693","","180","21.5","Crestline Pacific Inc"
"L270101575","","M05257","FENGJIA Tomato Bread 30bags*70g","Candy & Snacks","Bread","FENGJIA","01-14-2027/0.0","81.0","2027-01-14","244.0","244.0","13*13=169","Case","17.693","","180","21.5","Crestline Pacific Inc"
"L270201576","","M05257","FENGJIA Tomato Bread 30bags*70g","Candy & Snacks","Bread","FENGJIA","02-08-2027/0.0","81.0","2027-02-08","244.0","244.0","13*13=169","Case","17.693","","180","21.5","Crestline Pacific Inc"
"L260201577","","M05257","FENGJIA Tomato Bread 30bags*70g","Candy & Snacks","Bread","FENGJIA","02-25-2026/0.0","0.0","2026-02-25","244.0","244.0","13*13=169","Case","17.693","","180","21.5","Crestline Pacific Inc"
"2026-08-17","","M05257","FENGJIA Tomato Bread 30bags*70g","Candy & Snacks","Bread","FENGJIA","08-17-2026/0.0","0.0","2026-08-17","244.0","244.0","13*13=169","Case","17.693","","180","21.5","Crestline Pacific Inc"
"L270101579","","A89132","CHENGRUN Beef Plant-Based Drinks 20btls*480ml","Beverages","Plant-Based Drinks","CHENGRUN","01-16-2027/0.0","80.0","2027-01-16","238.0","238.0","8*9=72","Case","19.228","","360","22.0","Crestline Pacific Inc"
"L261101580","","A89132","CHENGRUN Beef Plant-Based Drinks 20btls*480ml","Beverages","Plant-Based Drinks","CHENGRUN","11-13-2026/0.0","79.0","2026-11-13","238.0","238.0","8*9=72","Case","19.228","Alert Date Reached","360","22.0","Crestline Pacific Inc"
"L270201581","","A89132","CHENGRUN Beef Plant-Based Drinks 20btls*480ml","Beverages","Plant-Based Drinks","CHENGRUN","02-12-2027/0.0","79.0","2027-02-12","238.0","238.0","8*9=72","Case","19.228","","360","22.0","Crestline Pacific Inc"
"L270801582","","A38212","CHENGRUN Milk Plant-Based Drinks 24btls*330ml","Beverages","Plant-Based Drinks","CHENGRUN","08-29-2027/0.0","52.0","2027-08-29","156.0","342.0","4*14=56","Case","12.191","","360","14.0","Crestline Pacific Inc"
"L270801583","","A38212","CHENGRUN Milk Plant-Based Drinks 24btls*330ml","Beverages","Plant-Based Drinks","CHENGRUN","08-28-2027/0.0","52.0","2027-08-28","156.0","342.0","4*14=56","Case","12.191","","360","14.0","Crestline Pacific Inc"
"L270201584","","A38212","CHENGRUN Milk Plant-Based Drinks 24btls*330ml","Beverages","Plant-Based Drinks","CHENGRUN","02-19-2027/0.0","52.0","2027-02-19","156.0","342.0","4*14=56","Case","12.191","","360","999.0","Crestline Pacific Inc"
"2026-03-23","","A38212","CHENGRUN Milk Plant-Based Drinks 24btls*330ml","Beverages","Plant-Based Drinks","CHENGRUN","03-23-2026/0.0","0.0","2026-03-23","156.0","342.0","4*14=56","Case","12.191","","360","14.0","Crestline Pacific Inc"
"L260601586","","A38212","CHENGRUN Milk Plant-Based Drinks 24btls*330ml","Beverages","Plant-Based Drinks","CHENGRUN","06-20-2026/0.0","0.0","2026-06-20","156.0","342.0","4*14=56","Case","12.191","","360","14.0","Crestline Pacific Inc"
"L260601587","","A14327","CHENGRUN Pineapple Yogurt 12btls*480ml","Beverages","Yogurt","CHENGRUN","06-26-2026/0.0","0.0","2026-06-26","0.0","1.0","9*13=117","Case","10.151","","240","13.0","Crestline Pacific Inc"
"L270601588","","A83196","CHENGRUN Melon Plant-Based Drinks 20btls*480ml","Beverages","Plant-Based Drinks","CHENGRUN","06-08-2027/0.0","2.0","2027-06-08","2.0","5.0","12*11=132","Case","11.115","","360","13.0","Crestline Pacific Inc"
"2026-04-04","","A83196","CHENGRUN Melon Plant-Based Drinks 20btls*480ml","Beverages","Plant-Based Drinks","CHENGRUN","04-04-2026/0.0","0.0","2026-04-04","2.0","5.0","12*11=132","Case","11.115","","360","13.0","Crestline Pacific Inc"
"2026-03-09","","A83196","CHENGRUN Melon Plant-Based Drinks 20btls*480ml","Beverages","Plant-Based Drinks","CHENGRUN","03-09-2026/0.0","0.0","2026-03-09","2.0","5.0","12*11=132","Case","11.115","","360","13.0","Crestline Pacific Inc"
"L270301591","","A71127","CHENGRUN Grape Beverages 15btls*480ml","Beverages","Beverages","CHENGRUN","03-25-2027/0.0","9.0","2027-03-25","27.0","27.0","17*14=238","Case","19.172","","360","23.5","Crestline Pacific Inc"
"L270701592","","A71127","CHENGRUN Grape Beverages 15btls*480ml","Beverages","Beverages","CHENGRUN","07-06-2027/0.0","9.0","2027-07-06","27.0","27.0","17*14=238","Case","19.172","","360","23.5","Crestline Pacific Inc"
"L270601593","","A71127","CHENGRUN Grape Beverages 15btls*480ml","Beverages","Beverages","CHENGRUN","06-04-2027/0.0","9.0","2027-06-04","27.0","27.0","17*14=238","Case","19.172","","360","23.5","Crestline Pacific Inc"
"L251101594","","A71127","CHENGRUN Grape Beverages 15btls*480ml","Beverages","Beverages","CHENGRUN","11-23-2025/0.0","0.0","2025-11-23","27.0","27.0","17*14=238","Case","19.172","","360","23.5","Crestline Pacific Inc"
"L260301595","","A71127","CHENGRUN Grape Beverages 15btls*480ml","Beverages","Beverages","CHENGRUN","03-06-2026/0.0","0.0","2026-03-06","27.0","27.0","17*14=238","Case","19.172","","360","23.5","Crestline Pacific Inc"
"L270501596","","A44301","Chenmei Brown Sugar Plant-Based Drinks 20btls*280ml","Beverages","Plant-Based Drinks","Chenmei","05-15-2027/0.0","2.0","2027-05-15","4.0","6.0","","Case","16.887","","360","25.5","Crestline Pacific Inc"
"L261101597","","A44301","Chenmei Brown Sugar Plant-Based Drinks 20btls*280ml","Beverages","Plant-Based Drinks","Chenmei","11-23-2026/0.0","1.0","2026-11-23","4.0","6.0","","Case","16.887","","360","25.5","Crestline Pacific Inc"
"L270601598","","A44301","Chenmei Brown Sugar Plant-Based Drinks 20btls*280ml","Beverages","Plant-Based Drinks","Chenmei","06-25-2027/0.0","1.0","2027-06-25","4.0","6.0","","Case","16.887","","360","25.5","Crestline Pacific Inc"
"2025-09-14","","A44301","Chenmei Brown Sugar Plant-Based Drinks 20btls*280ml","Beverages","Plant-Based Drinks","Chenmei","09-14-2025/0.0","0.0","2025-09-14","4.0","6.0","","Case","16.887","","360","25.5","Crestline Pacific Inc"
"L270401600","","A54393","Chenmei Coconut Sparkling Water 20btls*480ml","Beverages","Sparkling Water","Chenmei","04-20-2027/0.0","44.0","2027-04-20","128.0","128.0","","Case","15.162","","360","17.5","Crestline Pacific Inc"
"L270101601","","A54393","Chenmei Coconut Sparkling Water 20btls*480ml","Beverages","Sparkling Water","Chenmei","01-25-2027/0.0","42.0","2027-01-25","128.0","128.0","","Case","15.162","","360","17.5","Crestline Pacific Inc"
"L270101602","","A54393","Chenmei Coconut Sparkling Water 20btls*480ml","Beverages","Sparkling Water","Chenmei","01-12-2027/0.0","42.0","2027-01-12","128.0","128.0","","Case","15.162","","360","17.5","Crestline Pacific Inc"
"2025-12-27","","A54393","Chenmei Coconut Sparkling Water 20btls*480ml","Beverages","Sparkling Water","Chenmei","12-27-2025/0.0","0.0","2025-12-27","128.0","128.0","","Case","15.162","","360","999.0","Crestline Pacific Inc"
"L271101604","","E27158","Chuanlan Taro Scallion 12bags*70g","Seasonings","Scallion","Chuanlan","11-24-2027/0.0","4.0","2027-11-24","12.0","12.0","10*9=90","Case","14.261","","720","21.0","Crestline Pacific Inc"
"L280401605","","E27158","Chuanlan Taro Scallion 12bags*70g","Seasonings","Scallion","Chuanlan","04-01-2028/0.0","4.0","2028-04-01","12.0","12.0","10*9=90","Case","14.261","","720","21.0","Crestline Pacific Inc"
"L280601606","","E27158","Chuanlan Taro Scallion 12bags*70g","Seasonings","Scallion","Chuanlan","06-17-2028/0.0","4.0","2028-06-17","12.0","12.0","10*9=90","Case","14.261","","720","21.0","Crestline Pacific Inc"
"2026-07-14","","E27158","Chuanlan Taro Scallion 12bags*70g","Seasonings","Scallion","Chuanlan","07-14-2026/0.0","0.0","2026-07-14","12.0","12.0","10*9=90","Case","14.261","","720","21.0","Crestline Pacific Inc"
"L251201608","","E27158","Chuanlan Taro Scallion 12bags*70g","Seasonings","Scallion","Chuanlan","12-18-2025/0.0","0.0","2025-12-18","12.0","12.0","10*9=90","Case","14.261","","720","21.0","Crestline Pacific Inc"
"L271101609","","G99148","Chuanlan Beef Soy Sauce 30bags*70g","Seasonings","Soy Sauce","Chuanlan","11-25-2027/0.0","3.0","2027-11-25","3.0","4.0","11*11=121","Case","16.772","","540","23.0","Crestline Pacific Inc"
"L270101610","","H41239","JINAN Lemon Century Eggs 10bags*200g","Eggs","Century Eggs","JINAN","01-19-2027/0.0","609.0","2027-01-19","1218.0","1218.0","","Case","38.818","","360","47.5","Crestline Pacific Inc"
"L260501611","","H41239","JINAN Lemon Century Eggs 10bags*200g","Eggs","Century Eggs","JINAN","05-04-2026/0.0","609.0","2026-05-04","1218.0","1218.0","","Case","38.818","Alert Date Reached","360","47.5","Crestline Pacific Inc"
"L270101612","","H99211","JINAN Garlic Salted Eggs 10bags*200g","Eggs","Salted Eggs","JINAN","01-25-2027/0.0","47.0","2027-01-25","94.0","120.0","7*5=35","Case","35.932","","360","42.5","Crestline Pacific Inc"
"L270101613","","H99211","JINAN Garlic Salted Eggs 10bags*200g","Eggs","Salted Eggs","JINAN","01-16-2027/0.0","47.0","2027-01-16","94.0","120.0","7*5=35","Case","35.932","","360","42.5","Crestline Pacific Inc"
"L260301614","","H99211","JINAN Garlic Salted Eggs 10bags*200g","Eggs","Salted Eggs","JINAN","03-15-2026/0.0","0.0","2026-03-15","94.0","120.0","7*5=35","Case","35.932","","360","42.5","Crestline Pacific Inc"
"L260401615","","H99211","JINAN Garlic Salted Eggs 10bags*200g","Eggs","Salted Eggs","JINAN","04-20-2026/0.0","0.0","2026-04-20","94.0","120.0","7*5=35","Case","35.932","","360","42.5","Crestline Pacific Inc"
"L270101616","","G95216","FENGWEI Mala Dipping Sauce 10bags*150g","Seasonings","Dipping Sauce","FENGWEI","01-18-2027/0.0","266.0","2027-01-18","266.0","267.0","6*10=60","Case","20.926","","360","29.0","Crestline Pacific Inc"
"2026-04-17","","G95216","FENGWEI Mala Dipping Sauce 10bags*150g","Seasonings","Dipping Sauce","FENGWEI","04-17-2026/0.0","0.0","2026-04-17","266.0","267.0","6*10=60","Case","20.926","","360","29.0","Crestline Pacific Inc"
"L270401618","","B05165","MAIWAN Mala Egg Snacks 20bags*200g","Candy & Snacks","Egg Snacks","MAIWAN","04-15-2027/0.0","3.0","2027-04-15","9.0","12.0","16*9=144","Case","20.779","","360","25.0","Crestline Pacific Inc"
"L270301619","","B05165","MAIWAN Mala Egg Snacks 20bags*200g","Candy & Snacks","Egg Snacks","MAIWAN","03-08-2027/0.0","3.0","2027-03-08","9.0","12.0","16*9=144","Case","20.779","","360","25.0","Crestline Pacific Inc"
"L270601620","","B05165","MAIWAN Mala Egg Snacks 20bags*200g","Candy & Snacks","Egg Snacks","MAIWAN","06-27-2027/0.0","3.0","2027-06-27","9.0","12.0","16*9=144","Case","20.779","","360","25.0","Crestline Pacific Inc"
"L260401621","","B05165","MAIWAN Mala Egg Snacks 20bags*200g","Candy & Snacks","Egg Snacks","MAIWAN","04-21-2026/0.0","0.0","2026-04-21","9.0","12.0","16*9=144","Case","20.779","","360","25.0","Crestline Pacific Inc"
"2025-08-26","","B05165","MAIWAN Mala Egg Snacks 20bags*200g","Candy & Snacks","Egg Snacks","MAIWAN","08-26-2025/0.0","0.0","2025-08-26","9.0","12.0","16*9=144","Case","20.779","","360","25.0","Crestline Pacific Inc"
"L270301623","","B18383","MAIWAN Jujube Biscuits & Pastries&Cakes 8bags*200g","Candy & Snacks","Biscuits & Pastries&Cakes","MAIWAN","03-24-2027/0.0","31.0","2027-03-24","31.0","31.0","","Case","22.172","","360","33.5","Crestline Pacific Inc"
"L260901624","","B27179","MAIWAN Five Spice Candy 10bags*70g","Candy & Snacks","Candy","MAIWAN","09-02-2026/0.0","10.0","2026-09-02","28.0","40.0","","Case","27.115","Alert Date Reached","540","32.0","Crestline Pacific Inc"
"L270501625","","B27179","MAIWAN Five Spice Candy 10bags*70g","Candy & Snacks","Candy","MAIWAN","05-04-2027/0.0","9.0","2027-05-04","28.0","40.0","","Case","27.115","","540","32.0","Crestline Pacific Inc"
"L280101626","","B27179","MAIWAN Five Spice Candy 10bags*70g","Candy & Snacks","Candy","MAIWAN","01-30-2028/0.0","9.0","2028-01-30","28.0","40.0","","Case","27.115","","540","32.0","Crestline Pacific Inc"
"L250801627","","B27179","MAIWAN Five Spice Candy 10bags*70g","Candy & Snacks","Candy","MAIWAN","08-31-2025/0.0","0.0","2025-08-31","28.0","40.0","","Case","27.115","","540","32.0","Crestline Pacific Inc"
"L260701628","","B27179","MAIWAN Five Spice Candy 10bags*70g","Candy & Snacks","Candy","MAIWAN","07-08-2026/0.0","0.0","2026-07-08","28.0","40.0","","Case","27.115","","540","32.0","Crestline Pacific Inc"
"L270201629","","B19354","MAIWAN Beef Seasoned Vegetarian Snacks 20bags*400g","Candy & Snacks","Seasoned Vegetarian Snacks","MAIWAN","02-17-2027/0.0","36.0","2027-02-17","72.0","151.0","17*13=221","Case","32.814","","240","37.0","Crestline Pacific Inc"
"L270201630","","B19354","MAIWAN Beef Seasoned Vegetarian Snacks 20bags*400g","Candy & Snacks","Seasoned Vegetarian Snacks","MAIWAN","02-04-2027/0.0","36.0","2027-02-04","72.0","151.0","17*13=221","Case","32.814","","240","999.0","Crestline Pacific Inc"
"L271001631","","H35347","Maicheng Jujube Pickled Products 12bags*70g","Dried Vegetables","Pickled Products","Maicheng","10-30-2027/0.0","31.0","2027-10-30","31.0","57.0","7*7=49","Case","83.658","","540","117.5","Crestline Pacific Inc"
"2026-03-05","","H35347","Maicheng Jujube Pickled Products 12bags*70g","Dried Vegetables","Pickled Products","Maicheng","03-05-2026/0.0","0.0","2026-03-05","31.0","57.0","7*7=49","Case","83.658","","540","117.5","Crestline Pacific Inc"
"2026-07-30","","H35347","Maicheng Jujube Pickled Products 12bags*70g","Dried Vegetables","Pickled Products","Maicheng","07-30-2026/0.0","0.0","2026-07-30","31.0","57.0","7*7=49","Case","83.658","","540","117.5","Crestline Pacific Inc"
"L261001634","","H04302","Maicheng Milk Pickled Products 24bags*100g","Dried Vegetables","Pickled Products","Maicheng","10-23-2026/0.0","1.0","2026-10-23","2.0","2.0","13*11=143","Case","51.539","Alert Date Reached","540","69.5","Crestline Pacific Inc"
"L270501635","","H04302","Maicheng Milk Pickled Products 24bags*100g","Dried Vegetables","Pickled Products","Maicheng","05-26-2027/0.0","1.0","2027-05-26","2.0","2.0","13*11=143","Case","51.539","","540","69.5","Crestline Pacific Inc"
"L250801636","","H04302","Maicheng Milk Pickled Products 24bags*100g","Dried Vegetables","Pickled Products","Maicheng","08-27-2025/0.0","0.0","2025-08-27","2.0","2.0","13*11=143","Case","51.539","","540","69.5","Crestline Pacific Inc"
"L271001637","","L57112","Maicheng Melon Mushrooms 24bags*1000g","Dried Vegetables","Mushrooms","Maicheng","10-20-2027/0.0","1.0","2027-10-20","3.0","5.0","","Case","29.53","","720","34.0","Crestline Pacific Inc"
"L280201638","","L57112","Maicheng Melon Mushrooms 24bags*1000g","Dried Vegetables","Mushrooms","Maicheng","02-22-2028/0.0","1.0","2028-02-22","3.0","5.0","","Case","29.53","","720","34.0","Crestline Pacific Inc"
"L280201639","","L57112","Maicheng Melon Mushrooms 24bags*1000g","Dried Vegetables","Mushrooms","Maicheng","02-12-2028/0.0","1.0","2028-02-12","3.0","5.0","","Case","29.53","","720","34.0","Crestline Pacific Inc"
"2025-09-04","","L57112","Maicheng Melon Mushrooms 24bags*1000g","Dried Vegetables","Mushrooms","Maicheng","09-04-2025/0.0","0.0","2025-09-04","3.0","5.0","","Case","29.53","","720","34.0","Crestline Pacific Inc"
"L250801641","","L57112","Maicheng Melon Mushrooms 24bags*1000g","Dried Vegetables","Mushrooms","Maicheng","08-21-2025/0.0","0.0","2025-08-21","3.0","5.0","","Case","29.53","","720","34.0","Crestline Pacific Inc"
"L270401642","","L07297","Maicheng Vanilla Jujube 10bags*150g","Dried Vegetables","Jujube","Maicheng","04-09-2027/0.0","75.0","2027-04-09","75.0","75.0","15*6=90","Case","68.827","","360","80.0","Crestline Pacific Inc"
"L280201643","","E62108","Qingyue Oolong Sichuan Pepper Seasonings 8bags*200g","Seasonings","Sichuan Pepper Seasonings","Qingyue","02-05-2028/0.0","34.0","2028-02-05","68.0","68.0","","Case","17.361","","1080","21.0","Crestline Pacific Inc"
"L280301644","","E62108","Qingyue Oolong Sichuan Pepper Seasonings 8bags*200g","Seasonings","Sichuan Pepper Seasonings","Qingyue","03-27-2028/0.0","34.0","2028-03-27","68.0","68.0","","Case","17.361","","1080","21.0","Crestline Pacific Inc"
"L260501645","","E62108","Qingyue Oolong Sichuan Pepper Seasonings 8bags*200g","Seasonings","Sichuan Pepper Seasonings","Qingyue","05-07-2026/0.0","0.0","2026-05-07","68.0","68.0","","Case","17.361","","1080","21.0","Crestline Pacific Inc"
"L261101646","","E50292","Qingyue Green Tea Garlic 1bag*10lb","Seasonings","Garlic","Qingyue","11-03-2026/0.0","3.0","2026-11-03","6.0","6.0","","Bag","41.74","Alert Date Reached","1080","46.5","Crestline Pacific Inc"
"L260801647","","E50292","Qingyue Green Tea Garlic 1bag*10lb","Seasonings","Garlic","Qingyue","08-04-2026/0.0","3.0","2026-08-04","6.0","6.0","","Bag","41.74","Alert Date Reached","1080","46.5","Crestline Pacific Inc"
"L261201648","","G01390","Qingyue Pickled Vegetable Dipping Sauce 6bags*70g","Seasonings","Dipping Sauce","Qingyue","12-05-2026/0.0","11.0","2026-12-05","29.0","32.0","18*5=90","Case","39.951","","360","52.0","Crestline Pacific Inc"
"L270401649","","G01390","Qingyue Pickled Vegetable Dipping Sauce 6bags*70g","Seasonings","Dipping Sauce","Qingyue","04-17-2027/0.0","9.0","2027-04-17","29.0","32.0","18*5=90","Case","39.951","","360","52.0","Crestline Pacific Inc"
"L270501650","","G01390","Qingyue Pickled Vegetable Dipping Sauce 6bags*70g","Seasonings","Dipping Sauce","Qingyue","05-23-2027/0.0","9.0","2027-05-23","29.0","32.0","18*5=90","Case","39.951","","360","999.0","Crestline Pacific Inc"
"L250901651","","G01390","Qingyue Pickled Vegetable Dipping Sauce 6bags*70g","Seasonings","Dipping Sauce","Qingyue","09-03-2025/0.0","0.0","2025-09-03","29.0","32.0","18*5=90","Case","39.951","","360","52.0","Crestline Pacific Inc"
"L260901652","","A54394","QINGQUAN Peach Ready-to-Drink Tea 12btls*330ml","Beverages","Ready-to-Drink Tea","QINGQUAN","09-28-2026/0.0","4.0","2026-09-28","8.0","8.0","","Case","24.275","Alert Date Reached","360","30.0","Crestline Chicago Inc"
"L270501653","","A54394","QINGQUAN Peach Ready-to-Drink Tea 12btls*330ml","Beverages","Ready-to-Drink Tea","QINGQUAN","05-10-2027/0.0","2.0","2027-05-10","8.0","8.0","","Case","24.275","","360","30.0","Crestline Chicago Inc"
"L270301654","","A54394","QINGQUAN Peach Ready-to-Drink Tea 12btls*330ml","Beverages","Ready-to-Drink Tea","QINGQUAN","03-10-2027/0.0","2.0","2027-03-10","8.0","8.0","","Case","24.275","","360","30.0","Crestline Chicago Inc"
"L270801655","","A11157","QINGQUAN Lychee Jasmine Ready-to-Drink Tea 24btls*1500ml","Beverages","Ready-to-Drink Tea","QINGQUAN","08-14-2027/0.0","3.0","2027-08-14","7.0","8.0","13*12=156","Case","13.873","","360","21.0","Crestline Chicago Inc"
"L270201656","","A11157","QINGQUAN Lychee Jasmine Ready-to-Drink Tea 24btls*1500ml","Beverages","Ready-to-Drink Tea","QINGQUAN","02-12-2027/0.0","2.0","2027-02-12","7.0","8.0","13*12=156","Case","13.873","","360","21.0","Crestline Chicago Inc"
"L270201657","","A11157","QINGQUAN Lychee Jasmine Ready-to-Drink Tea 24btls*1500ml","Beverages","Ready-to-Drink Tea","QINGQUAN","02-11-2027/0.0","2.0","2027-02-11","7.0","8.0","13*12=156","Case","13.873","","360","21.0","Crestline Chicago Inc"
"L260801658","","A11157","QINGQUAN Lychee Jasmine Ready-to-Drink Tea 24btls*1500ml","Beverages","Ready-to-Drink Tea","QINGQUAN","08-21-2026/0.0","0.0","2026-08-21","7.0","8.0","13*12=156","Case","13.873","","360","21.0","Crestline Chicago Inc"
"L270301659","","A63261","QINGQUAN Grape Ready-to-Drink Tea 12btls*500ml","Beverages","Ready-to-Drink Tea","QINGQUAN","03-18-2027/0.0","2.0","2027-03-18","4.0","4.0","","Case","10.486","","360","999.0","Crestline Chicago Inc"
"L270301660","","A63261","QINGQUAN Grape Ready-to-Drink Tea 12btls*500ml","Beverages","Ready-to-Drink Tea","QINGQUAN","03-08-2027/0.0","2.0","2027-03-08","4.0","4.0","","Case","10.486","","360","12.0","Crestline Chicago Inc"
"2025-12-30","","A63261","QINGQUAN Grape Ready-to-Drink Tea 12btls*500ml","Beverages","Ready-to-Drink Tea","QINGQUAN","12-30-2025/0.0","0.0","2025-12-30","4.0","4.0","","Case","10.486","","360","12.0","Crestline Chicago Inc"
"L270201662","","A59173","QINGQUAN Matcha Ready-to-Drink Tea 20btls*280ml","Beverages","Ready-to-Drink Tea","QINGQUAN","02-04-2027/0.0","126.0","2027-02-04","251.0","251.0","10*12=120","Case","16.793","","360","23.0","Crestline Chicago Inc"
"L270201663","","A59173","QINGQUAN Matcha Ready-to-Drink Tea 20btls*280ml","Beverages","Ready-to-Drink Tea","QINGQUAN","02-27-2027/0.0","125.0","2027-02-27","251.0","251.0","10*12=120","Case","16.793","","360","23.0","Crestline Chicago Inc"
"L270801664","","A60317","QINGQUAN Milk Ready-to-Drink Tea 20btls*280ml","Beverages","Ready-to-Drink Tea","QINGQUAN","08-14-2027/0.0","8.0","2027-08-14","15.0","15.0","12*14=168","Case","21.707","","360","29.0","Crestline Chicago Inc"
"L270801665","","A60317","QINGQUAN Milk Ready-to-Drink Tea 20btls*280ml","Beverages","Ready-to-Drink Tea","QINGQUAN","08-15-2027/0.0","7.0","2027-08-15","15.0","15.0","12*14=168","Case","21.707","","360","29.0","Crestline Chicago Inc"
"L270801666","","A66366","QINGQUAN Peach Plant-Based Drinks 20btls*500ml","Beverages","Plant-Based Drinks","QINGQUAN","08-02-2027/0.0","7.0","2027-08-02","19.0","23.0","","Case","21.05","","360","23.5","Crestline Chicago Inc"
"L270101667","","A66366","QINGQUAN Peach Plant-Based Drinks 20btls*500ml","Beverages","Plant-Based Drinks","QINGQUAN","01-17-2027/0.0","6.0","2027-01-17","19.0","23.0","","Case","21.05","","360","23.5","Crestline Chicago Inc"
"L270601668","","A66366","QINGQUAN Peach Plant-Based Drinks 20btls*500ml","Beverages","Plant-Based Drinks","QINGQUAN","06-03-2027/0.0","6.0","2027-06-03","19.0","23.0","","Case","21.05","","360","23.5","Crestline Chicago Inc"
"2026-08-24","","A66366","QINGQUAN Peach Plant-Based Drinks 20btls*500ml","Beverages","Plant-Based Drinks","QINGQUAN","08-24-2026/0.0","0.0","2026-08-24","19.0","23.0","","Case","21.05","","360","23.5","Crestline Chicago Inc"
"L260101670","","A66366","QINGQUAN Peach Plant-Based Drinks 20btls*500ml","Beverages","Plant-Based Drinks","QINGQUAN","01-05-2026/0.0","0.0","2026-01-05","19.0","23.0","","Case","21.05","","360","23.5","Crestline Chicago Inc"
"L270801671","","A67153","QINGQUAN Lychee Jasmine Plant-Based Drinks 15btls*330ml","Beverages","Plant-Based Drinks","QINGQUAN","08-04-2027/0.0","20.0","2027-08-04","20.0","26.0","16*6=96","Case","25.395","","360","28.5","Crestline Chicago Inc"
"2026-03-24","","A67153","QINGQUAN Lychee Jasmine Plant-Based Drinks 15btls*330ml","Beverages","Plant-Based Drinks","QINGQUAN","03-24-2026/0.0","0.0","2026-03-24","20.0","26.0","16*6=96","Case","25.395","","360","28.5","Crestline Chicago Inc"
"L270101673","","A16334","QINGQUAN Grape Plant-Based Drinks 24btls*500ml","Beverages","Plant-Based Drinks","QINGQUAN","01-28-2027/0.0","1.0","2027-01-28","3.0","4.0","18*10=180","Case","13.084","","360","15.0","Crestline Chicago Inc"
"L270801674","","A16334","QINGQUAN Grape Plant-Based Drinks 24btls*500ml","Beverages","Plant-Based Drinks","QINGQUAN","08-31-2027/0.0","1.0","2027-08-31","3.0","4.0","18*10=180","Case","13.084","","360","15.0","Crestline Chicago Inc"
"L270401675","","A16334","QINGQUAN Grape Plant-Based Drinks 24btls*500ml","Beverages","Plant-Based Drinks","QINGQUAN","04-25-2027/0.0","1.0","2027-04-25","3.0","4.0","18*10=180","Case","13.084","","360","15.0","Crestline Chicago Inc"
"L270201676","","A71357","QINGQUAN Lemon Plant-Based Drinks 20btls*1500ml","Beverages","Plant-Based Drinks","QINGQUAN","02-06-2027/0.0","7.0","2027-02-06","21.0","21.0","","Case","17.991","","360","20.0","Crestline Chicago Inc"
"L270301677","","A71357","QINGQUAN Lemon Plant-Based Drinks 20btls*1500ml","Beverages","Plant-Based Drinks","QINGQUAN","03-29-2027/0.0","7.0","2027-03-29","21.0","21.0","","Case","17.991","","360","20.0","Crestline Chicago Inc"
"L261201678","","A71357","QINGQUAN Lemon Plant-Based Drinks 20btls*1500ml","Beverages","Plant-Based Drinks","QINGQUAN","12-16-2026/0.0","7.0","2026-12-16","21.0","21.0","","Case","17.991","","360","20.0","Crestline Chicago Inc"
"L270201679","","A26234","QINGQUAN Milk Plant-Based Drinks 24btls*1500ml","Beverages","Plant-Based Drinks","QINGQUAN","02-08-2027/0.0","0.0","2027-02-08","0.0","0.0","10*8=80","Case","22.765","","360","30.5","Crestline Chicago Inc"
"L270101680","","A26234","QINGQUAN Milk Plant-Based Drinks 24btls*1500ml","Beverages","Plant-Based Drinks","QINGQUAN","01-09-2027/0.0","0.0","2027-01-09","0.0","0.0","10*8=80","Case","22.765","","360","999.0","Crestline Chicago Inc"
"2026-01-14","","A26234","QINGQUAN Milk Plant-Based Drinks 24btls*1500ml","Beverages","Plant-Based Drinks","QINGQUAN","01-14-2026/0.0","0.0","2026-01-14","0.0","0.0","10*8=80","Case","22.765","","360","30.5","Crestline Chicago Inc"
"L270401682","","A56386","QINGQUAN Coconut Plant-Based Drinks 24btls*1500ml","Beverages","Plant-Based Drinks","QINGQUAN","04-01-2027/0.0","43.0","2027-04-01","43.0","43.0","4*13=52","Case","21.431","","360","27.5","Crestline Chicago Inc"
"L270301683","","FE53175","YUANCHUAN Red Bean Ice Cream 8boxes*4bags*88ml","Frozen & Chilled Foods","Ice Cream","YUANCHUAN","03-18-2027/0.0","17.0","2027-03-18","17.0","17.0","13*14=182","Case","35.688","","540","50.5","Crestline Chicago Inc"
"L270801684","","FE11202","YUANCHUAN Taro Ice Cream 8boxes*3bags*72ml","Frozen & Chilled Foods","Ice Cream","YUANCHUAN","08-24-2027/0.0","96.0","2027-08-24","288.0","288.0","7*12=84","Case","42.328","","540","53.5","Crestline Chicago Inc"
"L270501685","","FE11202","YUANCHUAN Taro Ice Cream 8boxes*3bags*72ml","Frozen & Chilled Foods","Ice Cream","YUANCHUAN","05-25-2027/0.0","96.0","2027-05-25","288.0","288.0","7*12=84","Case","42.328","","540","53.5","Crestline Chicago Inc"
"L270901686","","FE11202","YUANCHUAN Taro Ice Cream 8boxes*3bags*72ml","Frozen & Chilled Foods","Ice Cream","YUANCHUAN","09-21-2027/0.0","96.0","2027-09-21","288.0","288.0","7*12=84","Case","42.328","","540","53.5","Crestline Chicago Inc"
"L260601687","","FE82283","YUANCHUAN Coconut Ice Cream 24boxes*3bags*90ml","Frozen & Chilled Foods","Ice Cream","YUANCHUAN","06-25-2026/0.0","6.0","2026-06-25","18.0","18.0","10*5=50","Case","57.841","Alert Date Reached","540","70.5","Crestline Chicago Inc"
"L270401688","","FE82283","YUANCHUAN Coconut Ice Cream 24boxes*3bags*90ml","Frozen & Chilled Foods","Ice Cream","YUANCHUAN","04-30-2027/0.0","6.0","2027-04-30","18.0","18.0","10*5=50","Case","57.841","","540","70.5","Crestline Chicago Inc"
"L260401689","","FE82283","YUANCHUAN Coconut Ice Cream 24boxes*3bags*90ml","Frozen & Chilled Foods","Ice Cream","YUANCHUAN","04-28-2026/0.0","6.0","2026-04-28","18.0","18.0","10*5=50","Case","57.841","Alert Date Reached","540","70.5","Crestline Chicago Inc"
"2026-05-25","","FE82283","YUANCHUAN Coconut Ice Cream 24boxes*3bags*90ml","Frozen & Chilled Foods","Ice Cream","YUANCHUAN","05-25-2026/0.0","0.0","2026-05-25","18.0","18.0","10*5=50","Case","57.841","","540","70.5","Crestline Chicago Inc"
"L250801691","","FE82283","YUANCHUAN Coconut Ice Cream 24boxes*3bags*90ml","Frozen & Chilled Foods","Ice Cream","YUANCHUAN","08-22-2025/0.0","0.0","2025-08-22","18.0","18.0","10*5=50","Case","57.841","","540","70.5","Crestline Chicago Inc"
"L261101692","","FE29343","YUANCHUAN Milk Ice Cream 6boxes*4bags*90ml","Frozen & Chilled Foods","Ice Cream","YUANCHUAN","11-05-2026/0.0","10.0","2026-11-05","19.0","19.0","","Case","43.273","Alert Date Reached","540","62.5","Crestline Chicago Inc"
"L270901693","","FE29343","YUANCHUAN Milk Ice Cream 6boxes*4bags*90ml","Frozen & Chilled Foods","Ice Cream","YUANCHUAN","09-21-2027/0.0","9.0","2027-09-21","19.0","19.0","","Case","43.273","","540","62.5","Crestline Chicago Inc"
"2025-11-05","","FE29343","YUANCHUAN Milk Ice Cream 6boxes*4bags*90ml","Frozen & Chilled Foods","Ice Cream","YUANCHUAN","11-05-2025/0.0","0.0","2025-11-05","19.0","19.0","","Case","43.273","","540","62.5","Crestline Chicago Inc"
"L260801695","","FE29343","YUANCHUAN Milk Ice Cream 6boxes*4bags*90ml","Frozen & Chilled Foods","Ice Cream","YUANCHUAN","08-07-2026/0.0","0.0","2026-08-07","19.0","19.0","","Case","43.273","","540","62.5","Crestline Chicago Inc"
"L271001696","","FE18257","YUANCHUAN Peach Ice Cream 24boxes*4bags*72ml","Frozen & Chilled Foods","Ice Cream","YUANCHUAN","10-04-2027/0.0","1.0","2027-10-04","2.0","2.0","11*9=99","Case","36.318","","540","52.0","Crestline Chicago Inc"
"L270201697","","FE18257","YUANCHUAN Peach Ice Cream 24boxes*4bags*72ml","Frozen & Chilled Foods","Ice Cream","YUANCHUAN","02-12-2027/0.0","1.0","2027-02-12","2.0","2.0","11*9=99","Case","36.318","","540","52.0","Crestline Chicago Inc"
"L280101698","","FE14300","YUANCHUAN Matcha Ice Cream 6boxes*3bags*90ml","Frozen & Chilled Foods","Ice Cream","YUANCHUAN","01-03-2028/0.0","45.0","2028-01-03","133.0","236.0","7*5=35","Case","49.141","","540","65.5","Crestline Chicago Inc"
"L270101699","","FE14300","YUANCHUAN Matcha Ice Cream 6boxes*3bags*90ml","Frozen & Chilled Foods","Ice Cream","YUANCHUAN","01-03-2027/0.0","44.0","2027-01-03","133.0","236.0","7*5=35","Case","49.141","","540","65.5","Crestline Chicago Inc"
"L260801700","","FE14300","YUANCHUAN Matcha Ice Cream 6boxes*3bags*90ml","Frozen & Chilled Foods","Ice Cream","YUANCHUAN","08-04-2026/0.0","44.0","2026-08-04","133.0","236.0","7*5=35","Case","49.141","Alert Date Reached","540","65.5","Crestline Chicago Inc"
"L270301701","","FE04114","YUANCHUAN Melon Ice Cream 8boxes*4bags*90ml","Frozen & Chilled Foods","Ice Cream","YUANCHUAN","03-01-2027/0.0","133.0","2027-03-01","399.0","399.0","","Case","42.234","","540","50.0","Crestline Chicago Inc"
"L270801702","","FE04114","YUANCHUAN Melon Ice Cream 8boxes*4bags*90ml","Frozen & Chilled Foods","Ice Cream","YUANCHUAN","08-09-2027/0.0","133.0","2027-08-09","399.0","399.0","","Case","42.234","","540","50.0","Crestline Chicago Inc"
"L261001703","","FE04114","YUANCHUAN Melon Ice Cream 8boxes*4bags*90ml","Frozen & Chilled Foods","Ice Cream","YUANCHUAN","10-30-2026/0.0","133.0","2026-10-30","399.0","399.0","","Case","42.234","Alert Date Reached","540","50.0","Crestline Chicago Inc"
"L271201704","","FE60393","YUANCHUAN Brown Sugar Ice Cream 6boxes*4bags*88ml","Frozen & Chilled Foods","Ice Cream","YUANCHUAN","12-30-2027/0.0","28.0","2027-12-30","80.0","80.0","","Case","33.767","","540","49.0","Crestline Chicago Inc"
"L271201705","","FE60393","YUANCHUAN Brown Sugar Ice Cream 6boxes*4bags*88ml","Frozen & Chilled Foods","Ice Cream","YUANCHUAN","12-26-2027/0.0","26.0","2027-12-26","80.0","80.0","","Case","33.767","","540","49.0","Crestline Chicago Inc"
"L270401706","","FE60393","YUANCHUAN Brown Sugar Ice Cream 6boxes*4bags*88ml","Frozen & Chilled Foods","Ice Cream","YUANCHUAN","04-05-2027/0.0","26.0","2027-04-05","80.0","80.0","","Case","33.767","","540","49.0","Crestline Chicago Inc"
"L260401707","","FE60393","YUANCHUAN Brown Sugar Ice Cream 6boxes*4bags*88ml","Frozen & Chilled Foods","Ice Cream","YUANCHUAN","04-23-2026/0.0","0.0","2026-04-23","80.0","80.0","","Case","33.767","","540","49.0","Crestline Chicago Inc"
"2026-03-24","","FE60393","YUANCHUAN Brown Sugar Ice Cream 6boxes*4bags*88ml","Frozen & Chilled Foods","Ice Cream","YUANCHUAN","03-24-2026/0.0","0.0","2026-03-24","80.0","80.0","","Case","33.767","","540","49.0","Crestline Chicago Inc"
"L270601709","","FE83379","Chenle Chocolate Ice Cream 6boxes*3bags*72ml","Frozen & Chilled Foods","Ice Cream","Chenle","06-10-2027/0.0","40.0","2027-06-10","116.0","116.0","18*5=90","Case","42.096","","540","60.0","Crestline Chicago Inc"
"L261101710","","FE83379","Chenle Chocolate Ice Cream 6boxes*3bags*72ml","Frozen & Chilled Foods","Ice Cream","Chenle","11-19-2026/0.0","38.0","2026-11-19","116.0","116.0","18*5=90","Case","42.096","Alert Date Reached","540","60.0","Crestline Chicago Inc"
"L271101711","","FE83379","Chenle Chocolate Ice Cream 6boxes*3bags*72ml","Frozen & Chilled Foods","Ice Cream","Chenle","11-07-2027/0.0","38.0","2027-11-07","116.0","116.0","18*5=90","Case","42.096","","540","60.0","Crestline Chicago Inc"
"L270301712","","FE03167","Chenle Pineapple Ice Cream 8boxes*4bags*90ml","Frozen & Chilled Foods","Ice Cream","Chenle","03-14-2027/0.0","52.0","2027-03-14","156.0","175.0","13*7=91","Case","36.963","","540","44.5","Crestline Chicago Inc"
"L280101713","","FE03167","Chenle Pineapple Ice Cream 8boxes*4bags*90ml","Frozen & Chilled Foods","Ice Cream","Chenle","01-05-2028/0.0","52.0","2028-01-05","156.0","175.0","13*7=91","Case","36.963","","540","44.5","Crestline Chicago Inc"
"L261201714","","FE03167","Chenle Pineapple Ice Cream 8boxes*4bags*90ml","Frozen & Chilled Foods","Ice Cream","Chenle","12-25-2026/0.0","52.0","2026-12-25","156.0","175.0","13*7=91","Case","36.963","","540","44.5","Crestline Chicago Inc"
"L260801715","","FE03167","Chenle Pineapple Ice Cream 8boxes*4bags*90ml","Frozen & Chilled Foods","Ice Cream","Chenle","08-15-2026/0.0","0.0","2026-08-15","156.0","175.0","13*7=91","Case","36.963","","540","44.5","Crestline Chicago Inc"
"L251001716","","FE03167","Chenle Pineapple Ice Cream 8boxes*4bags*90ml","Frozen & Chilled Foods","Ice Cream","Chenle","10-14-2025/0.0","0.0","2025-10-14","156.0","175.0","13*7=91","Case","36.963","","540","44.5","Crestline Chicago Inc"
"L260801717","","FE35318","Chenle Red Bean Ice Cream 8boxes*3bags*72ml","Frozen & Chilled Foods","Ice Cream","Chenle","08-20-2026/0.0","41.0","2026-08-20","82.0","93.0","4*8=32","Case","42.631","Alert Date Reached","540","60.5","Crestline Chicago Inc"
"L280201718","","FE35318","Chenle Red Bean Ice Cream 8boxes*3bags*72ml","Frozen & Chilled Foods","Ice Cream","Chenle","02-11-2028/0.0","41.0","2028-02-11","82.0","93.0","4*8=32","Case","42.631","","540","60.5","Crestline Chicago Inc"
"L250901719","","FE35318","Chenle Red Bean Ice Cream 8boxes*3bags*72ml","Frozen & Chilled Foods","Ice Cream","Chenle","09-28-2025/0.0","0.0","2025-09-28","82.0","93.0","4*8=32","Case","42.631","","540","60.5","Crestline Chicago Inc"
"L251001720","","FE35318","Chenle Red Bean Ice Cream 8boxes*3bags*72ml","Frozen & Chilled Foods","Ice Cream","Chenle","10-09-2025/0.0","0.0","2025-10-09","82.0","93.0","4*8=32","Case","42.631","","540","60.5","Crestline Chicago Inc"
"L270301721","","FE60355","Chenle Osmanthus Ice Cream 8boxes*4bags*88ml","Frozen & Chilled Foods","Ice Cream","Chenle","03-21-2027/0.0","0.0","2027-03-21","0.0","0.0","16*13=208","Case","31.236","","540","44.5","Crestline Chicago Inc"
"L260801722","","FE60355","Chenle Osmanthus Ice Cream 8boxes*4bags*88ml","Frozen & Chilled Foods","Ice Cream","Chenle","08-23-2026/0.0","0.0","2026-08-23","0.0","0.0","16*13=208","Case","31.236","","540","44.5","Crestline Chicago Inc"
"2026-08-18","","FE60355","Chenle Osmanthus Ice Cream 8boxes*4bags*88ml","Frozen & Chilled Foods","Ice Cream","Chenle","08-18-2026/0.0","0.0","2026-08-18","0.0","0.0","16*13=208","Case","31.236","","540","44.5","Crestline Chicago Inc"
"L260701724","","FE57162","Chenle Lychee Ice Cream 6boxes*4bags*88ml","Frozen & Chilled Foods","Ice Cream","Chenle","07-23-2026/0.0","36.0","2026-07-23","36.0","57.0","13*8=104","Case","34.524","Alert Date Reached","540","44.0","Crestline Chicago Inc"
"L270301725","","FE12333","Chenle Taro Ice Cream 24boxes*4bags*72ml","Frozen & Chilled Foods","Ice Cream","Chenle","03-27-2027/0.0","24.0","2027-03-27","70.0","70.0","","Case","47.94","","540","67.0","Crestline Chicago Inc"
"L270201726","","FE12333","Chenle Taro Ice Cream 24boxes*4bags*72ml","Frozen & Chilled Foods","Ice Cream","Chenle","02-24-2027/0.0","23.0","2027-02-24","70.0","70.0","","Case","47.94","","540","67.0","Crestline Chicago Inc"
"L271101727","","FE12333","Chenle Taro Ice Cream 24boxes*4bags*72ml","Frozen & Chilled Foods","Ice Cream","Chenle","11-09-2027/0.0","23.0","2027-11-09","70.0","70.0","","Case","47.94","","540","67.0","Crestline Chicago Inc"
"2026-04-21","","FE12333","Chenle Taro Ice Cream 24boxes*4bags*72ml","Frozen & Chilled Foods","Ice Cream","Chenle","04-21-2026/0.0","0.0","2026-04-21","70.0","70.0","","Case","47.94","","540","67.0","Crestline Chicago Inc"
"2026-04-28","","FE12333","Chenle Taro Ice Cream 24boxes*4bags*72ml","Frozen & Chilled Foods","Ice Cream","Chenle","04-28-2026/0.0","0.0","2026-04-28","70.0","70.0","","Case","47.94","","540","67.0","Crestline Chicago Inc"
"L270801730","","FE72394","Chenle Melon Ice Cream 6boxes*3bags*72ml","Frozen & Chilled Foods","Ice Cream","Chenle","08-19-2027/0.0","69.0","2027-08-19","207.0","276.0","8*9=72","Case","34.881","","540","50.0","Crestline Chicago Inc"
"L261101731","","FE72394","Chenle Melon Ice Cream 6boxes*3bags*72ml","Frozen & Chilled Foods","Ice Cream","Chenle","11-15-2026/0.0","69.0","2026-11-15","207.0","276.0","8*9=72","Case","34.881","Alert Date Reached","540","50.0","Crestline Chicago Inc"
"L270501732","","FE72394","Chenle Melon Ice Cream 6boxes*3bags*72ml","Frozen & Chilled Foods","Ice Cream","Chenle","05-09-2027/0.0","69.0","2027-05-09","207.0","276.0","8*9=72","Case","34.881","","540","50.0","Crestline Chicago Inc"
"L270501733","","FE73210","Chenle Strawberry Ice Cream 8boxes*3bags*90ml","Frozen & Chilled Foods","Ice Cream","Chenle","05-02-2027/0.0","74.0","2027-05-02","148.0","184.0","","Case","49.587","","540","62.5","Crestline Chicago Inc"
"L270301734","","FE73210","Chenle Strawberry Ice Cream 8boxes*3bags*90ml","Frozen & Chilled Foods","Ice Cream","Chenle","03-09-2027/0.0","74.0","2027-03-09","148.0","184.0","","Case","49.587","","540","62.5","Crestline Chicago Inc"
"L250901735","","FE73210","Chenle Strawberry Ice Cream 8boxes*3bags*90ml","Frozen & Chilled Foods","Ice Cream","Chenle","09-22-2025/0.0","0.0","2025-09-22","148.0","184.0","","Case","49.587","","540","62.5","Crestline Chicago Inc"
"2026-02-17","","FE73210","Chenle Strawberry Ice Cream 8boxes*3bags*90ml","Frozen & Chilled Foods","Ice Cream","Chenle","02-17-2026/0.0","0.0","2026-02-17","148.0","184.0","","Case","49.587","","540","62.5","Crestline Chicago Inc"
"L270101737","","FE34150","Chenle Coconut Ice Cream 24boxes*4bags*90ml","Frozen & Chilled Foods","Ice Cream","Chenle","01-15-2027/0.0","176.0","2027-01-15","351.0","539.0","14*13=182","Case","39.008","","540","57.0","Crestline Chicago Inc"
"L261101738","","FE34150","Chenle Coconut Ice Cream 24boxes*4bags*90ml","Frozen & Chilled Foods","Ice Cream","Chenle","11-18-2026/0.0","175.0","2026-11-18","351.0","539.0","14*13=182","Case","39.008","Alert Date Reached","540","57.0","Crestline Chicago Inc"
"2026-05-10","","FE34150","Chenle Coconut Ice Cream 24boxes*4bags*90ml","Frozen & Chilled Foods","Ice Cream","Chenle","05-10-2026/0.0","0.0","2026-05-10","351.0","539.0","14*13=182","Case","39.008","","540","57.0","Crestline Chicago Inc"
"L271001740","","FE33313","Chenqing Lemon Ice Cream 6boxes*3bags*72ml","Frozen & Chilled Foods","Ice Cream","Chenqing","10-03-2027/0.0","524.0","2027-10-03","524.0","524.0","12*9=108","Case","45.528","","540","52.0","Crestline Chicago Inc"
"L260601741","","FE33313","Chenqing Lemon Ice Cream 6boxes*3bags*72ml","Frozen & Chilled Foods","Ice Cream","Chenqing","06-09-2026/0.0","0.0","2026-06-09","524.0","524.0","12*9=108","Case","45.528","","540","52.0","Crestline Chicago Inc"
"L270301742","","FE88388","Chenqing Lychee Ice Cream 8boxes*3bags*72ml","Frozen & Chilled Foods","Ice Cream","Chenqing","03-18-2027/0.0","53.0","2027-03-18","159.0","172.0","15*8=120","Case","26.891","","540","39.0","Crestline Chicago Inc"
"L271201743","","FE88388","Chenqing Lychee Ice Cream 8boxes*3bags*72ml","Frozen & Chilled Foods","Ice Cream","Chenqing","12-28-2027/0.0","53.0","2027-12-28","159.0","172.0","15*8=120","Case","26.891","","540","39.0","Crestline Chicago Inc"
"L270901744","","FE88388","Chenqing Lychee Ice Cream 8boxes*3bags*72ml","Frozen & Chilled Foods","Ice Cream","Chenqing","09-15-2027/0.0","53.0","2027-09-15","159.0","172.0","15*8=120","Case","26.891","","540","39.0","Crestline Chicago Inc"
"L270601745","","FE79120","Chenqing Pineapple Ice Cream 6boxes*4bags*88ml","Frozen & Chilled Foods","Ice Cream","Chenqing","06-08-2027/0.0","28.0","2027-06-08","56.0","56.0","16*8=128","Case","47.802","","540","58.5","Crestline Chicago Inc"
"L271101746","","FE79120","Chenqing Pineapple Ice Cream 6boxes*4bags*88ml","Frozen & Chilled Foods","Ice Cream","Chenqing","11-28-2027/0.0","28.0","2027-11-28","56.0","56.0","16*8=128","Case","47.802","","540","58.5","Crestline Chicago Inc"
"L260801747","","FE16292","Chenqing Grape Ice Cream 6boxes*3bags*90ml","Frozen & Chilled Foods","Ice Cream","Chenqing","08-25-2026/0.0","144.0","2026-08-25","144.0","144.0","6*8=48","Case","47.882","Alert Date Reached","540","53.5","Crestline Chicago Inc"
"L260401748","","FE16292","Chenqing Grape Ice Cream 6boxes*3bags*90ml","Frozen & Chilled Foods","Ice Cream","Chenqing","04-06-2026/0.0","0.0","2026-04-06","144.0","144.0","6*8=48","Case","47.882","","540","53.5","Crestline Chicago Inc"
"L270101749","","FE08324","Chenqing Osmanthus Ice Cream 24boxes*4bags*88ml","Frozen & Chilled Foods","Ice Cream","Chenqing","01-26-2027/0.0","1950.0","2027-01-26","1950.0","1950.0","","Case","41.09","","540","48.0","Crestline Chicago Inc"
"L270201750","","FE16253","Chenqing Strawberry Ice Cream 6boxes*4bags*88ml","Frozen & Chilled Foods","Ice Cream","Chenqing","02-21-2027/0.0","63.0","2027-02-21","185.0","237.0","4*7=28","Case","52.787","","540","62.5","Crestline Chicago Inc"
"L280201751","","FE16253","Chenqing Strawberry Ice Cream 6boxes*4bags*88ml","Frozen & Chilled Foods","Ice Cream","Chenqing","02-12-2028/0.0","61.0","2028-02-12","185.0","237.0","4*7=28","Case","52.787","","540","62.5","Crestline Chicago Inc"
"L270301752","","FE16253","Chenqing Strawberry Ice Cream 6boxes*4bags*88ml","Frozen & Chilled Foods","Ice Cream","Chenqing","03-11-2027/0.0","61.0","2027-03-11","185.0","237.0","4*7=28","Case","52.787","","540","62.5","Crestline Chicago Inc"
"L271201753","","FE08158","Chenqing Red Bean Ice Cream 6boxes*3bags*90ml","Frozen & Chilled Foods","Ice Cream","Chenqing","12-29-2027/0.0","103.0","2027-12-29","103.0","103.0","","Case","49.871","","540","70.5","Crestline Chicago Inc"
"L270701754","","FE83255","Chenqing Brown Sugar Ice Cream 8boxes*3bags*72ml","Frozen & Chilled Foods","Ice Cream","Chenqing","07-26-2027/0.0","12.0","2027-07-26","24.0","24.0","11*7=77","Case","31.661","","540","42.5","Crestline Chicago Inc"
"L270701755","","FE83255","Chenqing Brown Sugar Ice Cream 8boxes*3bags*72ml","Frozen & Chilled Foods","Ice Cream","Chenqing","07-03-2027/0.0","12.0","2027-07-03","24.0","24.0","11*7=77","Case","31.661","","540","42.5","Crestline Chicago Inc"
"L271201756","","FE54213","Chenqing Peach Ice Cream 24boxes*3bags*88ml","Frozen & Chilled Foods","Ice Cream","Chenqing","12-30-2027/0.0","25.0","2027-12-30","50.0","50.0","6*6=36","Case","39.027","","540","52.0","Crestline Chicago Inc"
"L270801757","","FE54213","Chenqing Peach Ice Cream 24boxes*3bags*88ml","Frozen & Chilled Foods","Ice Cream","Chenqing","08-28-2027/0.0","25.0","2027-08-28","50.0","50.0","6*6=36","Case","39.027","","540","52.0","Crestline Chicago Inc"
"2026-05-26","","FE54213","Chenqing Peach Ice Cream 24boxes*3bags*88ml","Frozen & Chilled Foods","Ice Cream","Chenqing","05-26-2026/0.0","0.0","2026-05-26","50.0","50.0","6*6=36","Case","39.027","","540","52.0","Crestline Chicago Inc"
"2026-03-07","","FE54213","Chenqing Peach Ice Cream 24boxes*3bags*88ml","Frozen & Chilled Foods","Ice Cream","Chenqing","03-07-2026/0.0","0.0","2026-03-07","50.0","50.0","6*6=36","Case","39.027","","540","52.0","Crestline Chicago Inc"
"L270101760","","FE72304","Chenqing Melon Ice Cream 8boxes*3bags*90ml","Frozen & Chilled Foods","Ice Cream","Chenqing","01-01-2027/0.0","0.0","2027-01-01","0.0","0.0","4*8=32","Case","49.37","","540","62.5","Crestline Chicago Inc"
"L270201761","","FE72304","Chenqing Melon Ice Cream 8boxes*3bags*90ml","Frozen & Chilled Foods","Ice Cream","Chenqing","02-20-2027/0.0","0.0","2027-02-20","0.0","0.0","4*8=32","Case","49.37","","540","62.5","Crestline Chicago Inc"
"2026-01-22","","FE72304","Chenqing Melon Ice Cream 8boxes*3bags*90ml","Frozen & Chilled Foods","Ice Cream","Chenqing","01-22-2026/0.0","0.0","2026-01-22","0.0","0.0","4*8=32","Case","49.37","","540","62.5","Crestline Chicago Inc"
"L280201763","","H48284","XIANFU BBQ Pickled Products 20bags*1000g","Dried Vegetables","Pickled Products","XIANFU","02-05-2028/0.0","0.0","2028-02-05","0.0","0.0","18*9=162","Case","44.201","","540","51.0","Crestline Chicago Inc"
"L290701764","","E25184","Lusong Pickled Vegetable Brown Sugar 10bags*70g","Honey & Jam","Brown Sugar","Lusong","07-14-2029/0.0","7.0","2029-07-14","13.0","13.0","5*9=45","Case","36.443","","1080","44.5","Crestline Chicago Inc"
"L261001765","","E25184","Lusong Pickled Vegetable Brown Sugar 10bags*70g","Honey & Jam","Brown Sugar","Lusong","10-18-2026/0.0","6.0","2026-10-18","13.0","13.0","5*9=45","Case","36.443","Alert Date Reached","1080","44.5","Crestline Chicago Inc"
"L280601766","","E66102","Lusong Garlic Brown Sugar 20bags*100g","Honey & Jam","Brown Sugar","Lusong","06-18-2028/0.0","15.0","2028-06-18","29.0","29.0","14*10=140","Case","18.768","","1080","21.5","Crestline Chicago Inc"
"L280901767","","E66102","Lusong Garlic Brown Sugar 20bags*100g","Honey & Jam","Brown Sugar","Lusong","09-03-2028/0.0","14.0","2028-09-03","29.0","29.0","14*10=140","Case","18.768","","1080","21.5","Crestline Chicago Inc"
"2026-06-14","","E66102","Lusong Garlic Brown Sugar 20bags*100g","Honey & Jam","Brown Sugar","Lusong","06-14-2026/0.0","0.0","2026-06-14","29.0","29.0","14*10=140","Case","18.768","","1080","21.5","Crestline Chicago Inc"
"L280801769","","E17155","Lusong Seafood Brown Sugar 8bags*400g","Honey & Jam","Brown Sugar","Lusong","08-10-2028/0.0","53.0","2028-08-10","105.0","105.0","9*13=117","Case","16.934","","1080","21.0","Crestline Chicago Inc"
"L281001770","","E17155","Lusong Seafood Brown Sugar 8bags*400g","Honey & Jam","Brown Sugar","Lusong","10-09-2028/0.0","52.0","2028-10-09","105.0","105.0","9*13=117","Case","16.934","","1080","21.0","Crestline Chicago Inc"
"2025-10-01","","E17155","Lusong Seafood Brown Sugar 8bags*400g","Honey & Jam","Brown Sugar","Lusong","10-01-2025/0.0","0.0","2025-10-01","105.0","105.0","9*13=117","Case","16.934","","1080","21.0","Crestline Chicago Inc"
"L260801772","","E17155","Lusong Seafood Brown Sugar 8bags*400g","Honey & Jam","Brown Sugar","Lusong","08-06-2026/0.0","0.0","2026-08-06","105.0","105.0","9*13=117","Case","16.934","","1080","21.0","Crestline Chicago Inc"
"L261001773","","B46334","SHANBAO Jujube Puffed Snacks 12bags*200g","Candy & Snacks","Puffed Snacks","SHANBAO","10-14-2026/0.0","23.0","2026-10-14","46.0","60.0","6*11=66","Case","16.868","Alert Date Reached","270","21.5","Crestline Chicago Inc"
"L261201774","","B46334","SHANBAO Jujube Puffed Snacks 12bags*200g","Candy & Snacks","Puffed Snacks","SHANBAO","12-30-2026/0.0","23.0","2026-12-30","46.0","60.0","6*11=66","Case","16.868","","270","21.5","Crestline Chicago Inc"
"L251001775","","B46334","SHANBAO Jujube Puffed Snacks 12bags*200g","Candy & Snacks","Puffed Snacks","SHANBAO","10-22-2025/0.0","0.0","2025-10-22","46.0","60.0","6*11=66","Case","16.868","","270","21.5","Crestline Chicago Inc"
"2025-09-29","","B46334","SHANBAO Jujube Puffed Snacks 12bags*200g","Candy & Snacks","Puffed Snacks","SHANBAO","09-29-2025/0.0","0.0","2025-09-29","46.0","60.0","6*11=66","Case","16.868","","270","21.5","Crestline Chicago Inc"
"L270701777","","B41191","SHANBAO Five Spice Rice Crackers&Popcorn 10bags*500g","Candy & Snacks","Rice Crackers&Popcorn","SHANBAO","07-18-2027/0.0","52.0","2027-07-18","156.0","156.0","11*14=154","Case","29.189","","360","999.0","Crestline Chicago Inc"
"L270801778","","B41191","SHANBAO Five Spice Rice Crackers&Popcorn 10bags*500g","Candy & Snacks","Rice Crackers&Popcorn","SHANBAO","08-27-2027/0.0","52.0","2027-08-27","156.0","156.0","11*14=154","Case","29.189","","360","37.5","Crestline Chicago Inc"
"L270801779","","B41191","SHANBAO Five Spice Rice Crackers&Popcorn 10bags*500g","Candy & Snacks","Rice Crackers&Popcorn","SHANBAO","08-05-2027/0.0","52.0","2027-08-05","156.0","156.0","11*14=154","Case","29.189","","360","37.5","Crestline Chicago Inc"
"L260401780","","B41191","SHANBAO Five Spice Rice Crackers&Popcorn 10bags*500g","Candy & Snacks","Rice Crackers&Popcorn","SHANBAO","04-13-2026/0.0","0.0","2026-04-13","156.0","156.0","11*14=154","Case","29.189","","360","37.5","Crestline Chicago Inc"
"2026-02-22","","B41191","SHANBAO Five Spice Rice Crackers&Popcorn 10bags*500g","Candy & Snacks","Rice Crackers&Popcorn","SHANBAO","02-22-2026/0.0","0.0","2026-02-22","156.0","156.0","11*14=154","Case","29.189","","360","37.5","Crestline Chicago Inc"
"L280101782","","VHB42229","Chengfeng Jujube Bath & Body Care 150ml","Beauty & Health & Home","Bath & Body Care","Chengfeng","01-05-2028/0.0","71.0","2028-01-05","142.0","142.0","7*7=49","each","12.262","","1095","17.0","Crestline Chicago Inc"
"L280201783","","VHB42229","Chengfeng Jujube Bath & Body Care 150ml","Beauty & Health & Home","Bath & Body Care","Chengfeng","02-26-2028/0.0","71.0","2028-02-26","142.0","142.0","7*7=49","each","12.262","","1095","17.0","Crestline Chicago Inc"
"2026-03-31","","VHB42229","Chengfeng Jujube Bath & Body Care 150ml","Beauty & Health & Home","Bath & Body Care","Chengfeng","03-31-2026/0.0","0.0","2026-03-31","142.0","142.0","7*7=49","each","12.262","","1095","17.0","Crestline Chicago Inc"
"L251001785","","VHB42229","Chengfeng Jujube Bath & Body Care 150ml","Beauty & Health & Home","Bath & Body Care","Chengfeng","10-31-2025/0.0","0.0","2025-10-31","142.0","142.0","7*7=49","each","12.262","","1095","17.0","Crestline Chicago Inc"
"L270201786","","B66373","Fuxi Pineapple Puffed/Flour Snacks 30bags*70g","Candy & Snacks","Puffed/Flour Snacks","Fuxi","02-25-2027/0.0","19.0","2027-02-25","38.0","38.0","16*12=192","Case","32.596","","270","40.0","Crestline Chicago Inc"
"L270401787","","B66373","Fuxi Pineapple Puffed/Flour Snacks 30bags*70g","Candy & Snacks","Puffed/Flour Snacks","Fuxi","04-02-2027/0.0","19.0","2027-04-02","38.0","38.0","16*12=192","Case","32.596","","270","40.0","Crestline Chicago Inc"
"2025-12-09","","B66373","Fuxi Pineapple Puffed/Flour Snacks 30bags*70g","Candy & Snacks","Puffed/Flour Snacks","Fuxi","12-09-2025/0.0","0.0","2025-12-09","38.0","38.0","16*12=192","Case","32.596","","270","999.0","Crestline Chicago Inc"
"2026-08-21","","B66373","Fuxi Pineapple Puffed/Flour Snacks 30bags*70g","Candy & Snacks","Puffed/Flour Snacks","Fuxi","08-21-2026/0.0","0.0","2026-08-21","38.0","38.0","16*12=192","Case","32.596","","270","40.0","Crestline Chicago Inc"
"L270101790","","B23232","Fuxi Green Tea Puffed Snacks 8bags*70g","Candy & Snacks","Puffed Snacks","Fuxi","01-07-2027/0.0","0.0","2027-01-07","0.0","29.0","10*11=110","Case","41.194","","270","47.5","Crestline Chicago Inc"
"L270401791","","B78210","Fuxi Brown Sugar Egg Snacks 20bags*1000g","Candy & Snacks","Egg Snacks","Fuxi","04-30-2027/0.0","38.0","2027-04-30","38.0","38.0","4*6=24","Case","20.223","","360","29.5","Crestline Chicago Inc"
"L270501792","","FA97196","Runliang Jujube Glutinous Rice Balls 8bags*200g","Frozen & Chilled Foods","Glutinous Rice Balls","Runliang","05-24-2027/0.0","41.0","2027-05-24","41.0","159.0","12*14=168","Case","35.945","","540","43.5","Crestline Chicago Inc"
"L270601793","","G53180","Zhouyou Taro Sauces 10bags*400g","Seasonings","Sauces","Zhouyou","06-22-2027/0.0","2.0","2027-06-22","2.0","8.0","","Case","14.819","","540","18.0","Crestline Chicago Inc"
"L271001794","","G53180","Zhouyou Taro Sauces 10bags*400g","Seasonings","Sauces","Zhouyou","10-10-2027/0.0","0.0","2027-10-10","2.0","8.0","","Case","14.819","","540","18.0","Crestline Chicago Inc"
"L270401795","","G53180","Zhouyou Taro Sauces 10bags*400g","Seasonings","Sauces","Zhouyou","04-24-2027/0.0","0.0","2027-04-24","2.0","8.0","","Case","14.819","","540","18.0","Crestline Chicago Inc"
"L261101796","","E46232","Zhouyou Taro Garlic 1bag*5lb","Seasonings","Garlic","Zhouyou","11-11-2026/0.0","22.0","2026-11-11","43.0","43.0","","Bag","23.926","Alert Date Reached","1080","35.5","Crestline Chicago Inc"
"L281201797","","E46232","Zhouyou Taro Garlic 1bag*5lb","Seasonings","Garlic","Zhouyou","12-31-2028/0.0","21.0","2028-12-31","43.0","43.0","","Bag","23.926","","1080","35.5","Crestline Chicago Inc"
"2026-01-28","","E46232","Zhouyou Taro Garlic 1bag*5lb","Seasonings","Garlic","Zhouyou","01-28-2026/0.0","0.0","2026-01-28","43.0","43.0","","Bag","23.926","","1080","35.5","Crestline Chicago Inc"
"L270901799","","E56203","Zhouyou Taro Chili Seasonings 8bags*1000g","Seasonings","Chili Seasonings","Zhouyou","09-02-2027/0.0","96.0","2027-09-02","191.0","191.0","11*12=132","Case","39.216","","1080","51.5","Crestline Chicago Inc"
"L280401800","","E56203","Zhouyou Taro Chili Seasonings 8bags*1000g","Seasonings","Chili Seasonings","Zhouyou","04-13-2028/0.0","95.0","2028-04-13","191.0","191.0","11*12=132","Case","39.216","","1080","51.5","Crestline Chicago Inc"
"2026-03-10","","E56203","Zhouyou Taro Chili Seasonings 8bags*1000g","Seasonings","Chili Seasonings","Zhouyou","03-10-2026/0.0","0.0","2026-03-10","191.0","191.0","11*12=132","Case","39.216","","1080","51.5","Crestline Chicago Inc"
"2026-05-12","","E56203","Zhouyou Taro Chili Seasonings 8bags*1000g","Seasonings","Chili Seasonings","Zhouyou","05-12-2026/0.0","0.0","2026-05-12","191.0","191.0","11*12=132","Case","39.216","","1080","51.5","Crestline Chicago Inc"
"L270401803","","A40326","XIANYOU Melon Milk 24btls*500ml","Beverages","Milk","XIANYOU","04-14-2027/0.0","12.0","2027-04-14","12.0","21.0","17*8=136","Case","24.047","","360","999.0","Crestline Chicago Inc"
"2026-05-20","","A40326","XIANYOU Melon Milk 24btls*500ml","Beverages","Milk","XIANYOU","05-20-2026/0.0","0.0","2026-05-20","12.0","21.0","17*8=136","Case","24.047","","360","29.0","Crestline Chicago Inc"
"L260401805","","A40326","XIANYOU Melon Milk 24btls*500ml","Beverages","Milk","XIANYOU","04-20-2026/0.0","0.0","2026-04-20","12.0","21.0","17*8=136","Case","24.047","","360","29.0","Crestline Chicago Inc"
"L260401806","","A55116","XIANYOU Milk Coconut Milk 12btls*330ml","Beverages","Coconut Milk","XIANYOU","04-26-2026/0.0","35.0","2026-04-26","70.0","81.0","13*11=143","Case","12.225","Alert Date Reached","1080","16.0","Crestline Chicago Inc"
"L270801807","","A55116","XIANYOU Milk Coconut Milk 12btls*330ml","Beverages","Coconut Milk","XIANYOU","08-19-2027/0.0","35.0","2027-08-19","70.0","81.0","13*11=143","Case","12.225","","1080","16.0","Crestline Chicago Inc"
"L270401808","","B68372","Jiaqing Peach Seasoned Vegetarian Snacks 12bags*200g","Candy & Snacks","Seasoned Vegetarian Snacks","Jiaqing","04-24-2027/0.0","4.0","2027-04-24","4.0","36.0","","Case","24.46","","240","28.5","Crestline Chicago Inc"
"L270601809","","B96137","Jiaqing Milk Rice Crackers&Popcorn 20bags*1000g","Candy & Snacks","Rice Crackers&Popcorn","Jiaqing","06-20-2027/0.0","5.0","2027-06-20","5.0","31.0","","Case","22.778","","360","25.5","Crestline Chicago Inc"
"L260801810","","VSC33186","Luxi Milk Skin Care 250ml","Beauty & Health & Home","Skin Care","Luxi","08-11-2026/0.0","270.0","2026-08-11","806.0","1067.0","","each","6.748","Alert Date Reached","1095","9.0","Crestline Chicago Inc"
"L290401811","","VSC33186","Luxi Milk Skin Care 250ml","Beauty & Health & Home","Skin Care","Luxi","04-16-2029/0.0","268.0","2029-04-16","806.0","1067.0","","each","6.748","","1095","9.0","Crestline Chicago Inc"
"L261101812","","VSC33186","Luxi Milk Skin Care 250ml","Beauty & Health & Home","Skin Care","Luxi","11-06-2026/0.0","268.0","2026-11-06","806.0","1067.0","","each","6.748","Alert Date Reached","1095","9.0","Crestline Chicago Inc"
"L251201813","","VSC33186","Luxi Milk Skin Care 250ml","Beauty & Health & Home","Skin Care","Luxi","12-22-2025/0.0","0.0","2025-12-22","806.0","1067.0","","each","6.748","","1095","9.0","Crestline Chicago Inc"
"2025-10-20","","VSC33186","Luxi Milk Skin Care 250ml","Beauty & Health & Home","Skin Care","Luxi","10-20-2025/0.0","0.0","2025-10-20","806.0","1067.0","","each","6.748","","1095","9.0","Crestline Chicago Inc"
"L261101815","","VSC89340","Luxi Grape Skin Care 200ml","Beauty & Health & Home","Skin Care","Luxi","11-12-2026/0.0","14.0","2026-11-12","42.0","55.0","","each","10.362","Alert Date Reached","1095","15.5","Crestline Chicago Inc"
"L281001816","","VSC89340","Luxi Grape Skin Care 200ml","Beauty & Health & Home","Skin Care","Luxi","10-15-2028/0.0","14.0","2028-10-15","42.0","55.0","","each","10.362","","1095","15.5","Crestline Chicago Inc"
"L270601817","","VSC89340","Luxi Grape Skin Care 200ml","Beauty & Health & Home","Skin Care","Luxi","06-13-2027/0.0","14.0","2027-06-13","42.0","55.0","","each","10.362","","1095","15.5","Crestline Chicago Inc"
"L260401818","","VSC89340","Luxi Grape Skin Care 200ml","Beauty & Health & Home","Skin Care","Luxi","04-24-2026/0.0","0.0","2026-04-24","42.0","55.0","","each","10.362","","1095","15.5","Crestline Chicago Inc"
"L260701819","","VSC89340","Luxi Grape Skin Care 200ml","Beauty & Health & Home","Skin Care","Luxi","07-13-2026/0.0","0.0","2026-07-13","42.0","55.0","","each","10.362","","1095","15.5","Crestline Chicago Inc"
"L270101820","","B37123","Yuanyue Peach Puffed/Flour Snacks 8bags*500g","Candy & Snacks","Puffed/Flour Snacks","Yuanyue","01-16-2027/0.0","68.0","2027-01-16","68.0","68.0","7*6=42","Case","14.182","","270","20.0","Crestline Chicago Inc"
"L280201821","","B64128","Yuanyue Milk Candy 20bags*500g","Candy & Snacks","Candy","Yuanyue","02-16-2028/0.0","8.0","2028-02-16","8.0","8.0","","Case","26.453","","540","33.5","Crestline Chicago Inc"
"L251001822","","B64128","Yuanyue Milk Candy 20bags*500g","Candy & Snacks","Candy","Yuanyue","10-24-2025/0.0","0.0","2025-10-24","8.0","8.0","","Case","26.453","","540","33.5","Crestline Chicago Inc"
"2026-03-12","","B64128","Yuanyue Milk Candy 20bags*500g","Candy & Snacks","Candy","Yuanyue","03-12-2026/0.0","0.0","2026-03-12","8.0","8.0","","Case","26.453","","540","33.5","Crestline Chicago Inc"
"L261001824","","B97167","Yuanyue Milk Cheese Snacks 12bags*70g","Candy & Snacks","Cheese Snacks","Yuanyue","10-31-2026/0.0","0.0","2026-10-31","0.0","34.0","11*13=143","Case","12.54","","270","18.5","Crestline Chicago Inc"
"L260801825","","B97167","Yuanyue Milk Cheese Snacks 12bags*70g","Candy & Snacks","Cheese Snacks","Yuanyue","08-10-2026/0.0","0.0","2026-08-10","0.0","34.0","11*13=143","Case","12.54","","270","18.5","Crestline Chicago Inc"
"L261201826","","B97167","Yuanyue Milk Cheese Snacks 12bags*70g","Candy & Snacks","Cheese Snacks","Yuanyue","12-14-2026/0.0","0.0","2026-12-14","0.0","34.0","11*13=143","Case","12.54","","270","18.5","Crestline Chicago Inc"
"2025-10-09","","B97167","Yuanyue Milk Cheese Snacks 12bags*70g","Candy & Snacks","Cheese Snacks","Yuanyue","10-09-2025/0.0","0.0","2025-10-09","0.0","34.0","11*13=143","Case","12.54","","270","18.5","Crestline Chicago Inc"
"L271001828","","CJ44363","YOUFENG Peach BBQ Sauce 24bags*200g","Seasonings","BBQ Sauce","YOUFENG","10-18-2027/0.0","7.0","2027-10-18","14.0","14.0","18*8=144","Case","35.303","","540","43.0","Crestline Chicago Inc"
"L271001829","","CJ44363","YOUFENG Peach BBQ Sauce 24bags*200g","Seasonings","BBQ Sauce","YOUFENG","10-22-2027/0.0","7.0","2027-10-22","14.0","14.0","18*8=144","Case","35.303","","540","43.0","Crestline Chicago Inc"
"L260401830","","CJ44363","YOUFENG Peach BBQ Sauce 24bags*200g","Seasonings","BBQ Sauce","YOUFENG","04-25-2026/0.0","0.0","2026-04-25","14.0","14.0","18*8=144","Case","35.303","","540","43.0","Crestline Chicago Inc"
"L260501831","","CJ44363","YOUFENG Peach BBQ Sauce 24bags*200g","Seasonings","BBQ Sauce","YOUFENG","05-03-2026/0.0","0.0","2026-05-03","14.0","14.0","18*8=144","Case","35.303","","540","43.0","Crestline Chicago Inc"
"L261201832","","E32256","YOUFENG Spicy Chili Seasonings 24bags*150g","Seasonings","Chili Seasonings","YOUFENG","12-06-2026/0.0","10.0","2026-12-06","10.0","11.0","","Case","18.763","","1080","25.0","Crestline Chicago Inc"
"L270501833","","G44190","YOUFENG Coconut Oyster Sauce 10bags*500g","Seasonings","Oyster Sauce","YOUFENG","05-24-2027/0.0","0.0","2027-05-24","0.0","2.0","","Case","34.395","","540","38.5","Crestline Chicago Inc"
"L270101834","","G44190","YOUFENG Coconut Oyster Sauce 10bags*500g","Seasonings","Oyster Sauce","YOUFENG","01-20-2027/0.0","0.0","2027-01-20","0.0","2.0","","Case","34.395","","540","38.5","Crestline Chicago Inc"
"L271001835","","G44190","YOUFENG Coconut Oyster Sauce 10bags*500g","Seasonings","Oyster Sauce","YOUFENG","10-05-2027/0.0","0.0","2027-10-05","0.0","2.0","","Case","34.395","","540","38.5","Crestline Chicago Inc"
"L280601836","","F50241","Xiangxi BBQ Rice 30bags*150g","Grains","Rice","Xiangxi","06-10-2028/0.0","21.0","2028-06-10","42.0","42.0","","Case","23.673","","720","35.0","Crestline Chicago Inc"
"L271201837","","F50241","Xiangxi BBQ Rice 30bags*150g","Grains","Rice","Xiangxi","12-09-2027/0.0","21.0","2027-12-09","42.0","42.0","","Case","23.673","","720","35.0","Crestline Chicago Inc"
"L250901838","","F50241","Xiangxi BBQ Rice 30bags*150g","Grains","Rice","Xiangxi","09-22-2025/0.0","0.0","2025-09-22","42.0","42.0","","Case","23.673","","720","35.0","Crestline Chicago Inc"
"2026-07-06","","F50241","Xiangxi BBQ Rice 30bags*150g","Grains","Rice","Xiangxi","07-06-2026/0.0","0.0","2026-07-06","42.0","42.0","","Case","23.673","","720","35.0","Crestline Chicago Inc"
"L261001840","","F38261","Xiangxi Seafood Peanuts 10bags*200g","Grains","Peanuts","Xiangxi","10-07-2026/0.0","4.0","2026-10-07","4.0","4.0","14*8=112","Case","36.788","Alert Date Reached","1080","48.5","Crestline Chicago Inc"
"L261001841","","A80201","FENGFU Vanilla Probiotic Drinks 15btls*330ml","Beverages","Probiotic Drinks","FENGFU","10-30-2026/0.0","1.0","2026-10-30","1.0","2.0","","Case","14.718","Alert Date Reached","360","22.0","Crestline Chicago Inc"
"L280301842","","C79258","FENGFU Lemon Coffee 24btls*500ml","Beverages","Coffee","FENGFU","03-02-2028/0.0","1.0","2028-03-02","1.0","1.0","12*6=72","Case","20.174","","720","24.5","Crestline Chicago Inc"
"L270301843","","C79258","FENGFU Lemon Coffee 24btls*500ml","Beverages","Coffee","FENGFU","03-24-2027/0.0","0.0","2027-03-24","1.0","1.0","12*6=72","Case","20.174","","720","24.5","Crestline Chicago Inc"
"L280601844","","C79258","FENGFU Lemon Coffee 24btls*500ml","Beverages","Coffee","FENGFU","06-15-2028/0.0","0.0","2028-06-15","1.0","1.0","12*6=72","Case","20.174","","720","24.5","Crestline Chicago Inc"
"L261201845","","A89374","FENGFU Taro Beverages 20btls*1500ml","Beverages","Beverages","FENGFU","12-06-2026/0.0","110.0","2026-12-06","110.0","110.0","","Case","13.669","","360","18.0","Crestline Chicago Inc"
"L270601846","","A51343","FENGFU Spicy Probiotic Drinks 12btls*330ml","Beverages","Probiotic Drinks","FENGFU","06-03-2027/0.0","430.0","2027-06-03","860.0","860.0","6*12=72","Case","12.832","","360","16.5","Crestline Chicago Inc"
"L270701847","","A51343","FENGFU Spicy Probiotic Drinks 12btls*330ml","Beverages","Probiotic Drinks","FENGFU","07-03-2027/0.0","430.0","2027-07-03","860.0","860.0","6*12=72","Case","12.832","","360","16.5","Crestline Chicago Inc"
"L270701848","","A45365","LIANGYUE Lychee Sparkling Water 12btls*330ml","Beverages","Sparkling Water","LIANGYUE","07-14-2027/0.0","580.0","2027-07-14","1159.0","1318.0","16*8=128","Case","15.395","","360","20.0","Crestline Chicago Inc"
"L270301849","","A45365","LIANGYUE Lychee Sparkling Water 12btls*330ml","Beverages","Sparkling Water","LIANGYUE","03-17-2027/0.0","579.0","2027-03-17","1159.0","1318.0","16*8=128","Case","15.395","","360","20.0","Crestline Chicago Inc"
"L260301850","","A45365","LIANGYUE Lychee Sparkling Water 12btls*330ml","Beverages","Sparkling Water","LIANGYUE","03-18-2026/0.0","0.0","2026-03-18","1159.0","1318.0","16*8=128","Case","15.395","","360","20.0","Crestline Chicago Inc"
"L260101851","","A45365","LIANGYUE Lychee Sparkling Water 12btls*330ml","Beverages","Sparkling Water","LIANGYUE","01-15-2026/0.0","0.0","2026-01-15","1159.0","1318.0","16*8=128","Case","15.395","","360","20.0","Crestline Chicago Inc"
"L270801852","","A09275","LIANGYUE Pineapple Coconut Milk 15btls*480ml","Beverages","Coconut Milk","LIANGYUE","08-10-2027/0.0","164.0","2027-08-10","164.0","164.0","","Case","11.895","","1080","18.0","Crestline Chicago Inc"
"L260601853","","A09275","LIANGYUE Pineapple Coconut Milk 15btls*480ml","Beverages","Coconut Milk","LIANGYUE","06-03-2026/0.0","0.0","2026-06-03","164.0","164.0","","Case","11.895","","1080","18.0","Crestline Chicago Inc"
"2026-06-09","","A09275","LIANGYUE Pineapple Coconut Milk 15btls*480ml","Beverages","Coconut Milk","LIANGYUE","06-09-2026/0.0","0.0","2026-06-09","164.0","164.0","","Case","11.895","","1080","18.0","Crestline Chicago Inc"
"L270801855","","A71349","LIANGYUE Pineapple Juice 12btls*280ml","Beverages","Juice","LIANGYUE","08-15-2027/0.0","26.0","2027-08-15","51.0","51.0","17*5=85","Case","20.114","","360","28.5","Crestline Chicago Inc"
"L270201856","","A71349","LIANGYUE Pineapple Juice 12btls*280ml","Beverages","Juice","LIANGYUE","02-04-2027/0.0","25.0","2027-02-04","51.0","51.0","17*5=85","Case","20.114","","360","28.5","Crestline Chicago Inc"
"2026-05-26","","A71349","LIANGYUE Pineapple Juice 12btls*280ml","Beverages","Juice","LIANGYUE","05-26-2026/0.0","0.0","2026-05-26","51.0","51.0","17*5=85","Case","20.114","","360","28.5","Crestline Chicago Inc"
"L251001858","","A71349","LIANGYUE Pineapple Juice 12btls*280ml","Beverages","Juice","LIANGYUE","10-28-2025/0.0","0.0","2025-10-28","51.0","51.0","17*5=85","Case","20.114","","360","28.5","Crestline Chicago Inc"
"L270301859","","A09231","LIANGYUE Jujube Coconut Water 12btls*280ml","Beverages","Coconut Water","LIANGYUE","03-26-2027/0.0","20.0","2027-03-26","20.0","36.0","","Case","15.255","","360","20.0","Crestline Chicago Inc"
"2025-12-11","","A09231","LIANGYUE Jujube Coconut Water 12btls*280ml","Beverages","Coconut Water","LIANGYUE","12-11-2025/0.0","0.0","2025-12-11","20.0","36.0","","Case","15.255","","360","20.0","Crestline Chicago Inc"
"L260101861","","A09231","LIANGYUE Jujube Coconut Water 12btls*280ml","Beverages","Coconut Water","LIANGYUE","01-30-2026/0.0","0.0","2026-01-30","20.0","36.0","","Case","15.255","","360","20.0","Crestline Chicago Inc"
"L270601862","","A19258","LIANGYUE Melon Milk 12btls*480ml","Beverages","Milk","LIANGYUE","06-06-2027/0.0","49.0","2027-06-06","143.0","143.0","17*6=102","Case","20.542","","360","31.0","Crestline Chicago Inc"
"L270101863","","A19258","LIANGYUE Melon Milk 12btls*480ml","Beverages","Milk","LIANGYUE","01-23-2027/0.0","47.0","2027-01-23","143.0","143.0","17*6=102","Case","20.542","","360","31.0","Crestline Chicago Inc"
"L270601864","","A19258","LIANGYUE Melon Milk 12btls*480ml","Beverages","Milk","LIANGYUE","06-24-2027/0.0","47.0","2027-06-24","143.0","143.0","17*6=102","Case","20.542","","360","31.0","Crestline Chicago Inc"
"L250801865","","A19258","LIANGYUE Melon Milk 12btls*480ml","Beverages","Milk","LIANGYUE","08-20-2025/0.0","0.0","2025-08-20","143.0","143.0","17*6=102","Case","20.542","","360","31.0","Crestline Chicago Inc"
"L260901866","","L79397","QINGXIAN Peach Jujube 20bags*1000g","Dried Vegetables","Jujube","QINGXIAN","09-27-2026/0.0","0.0","2026-09-27","0.0","1.0","","Case","61.506","","360","83.5","Crestline Chicago Inc"
"L270501867","","L79397","QINGXIAN Peach Jujube 20bags*1000g","Dried Vegetables","Jujube","QINGXIAN","05-06-2027/0.0","0.0","2027-05-06","0.0","1.0","","Case","61.506","","360","83.5","Crestline Chicago Inc"
"L270501868","","L79397","QINGXIAN Peach Jujube 20bags*1000g","Dried Vegetables","Jujube","QINGXIAN","05-08-2027/0.0","0.0","2027-05-08","0.0","1.0","","Case","61.506","","360","83.5","Crestline Chicago Inc"
"L271001869","","C82176","Zhouxi Strawberry Drink Powder/Blocks 12bags*400g","Instant Drinks","Drink Powder/Blocks","Zhouxi","10-21-2027/0.0","123.0","2027-10-21","246.0","246.0","16*14=224","Case","24.404","","720","31.5","Crestline Chicago Inc"
"L261101870","","C82176","Zhouxi Strawberry Drink Powder/Blocks 12bags*400g","Instant Drinks","Drink Powder/Blocks","Zhouxi","11-04-2026/0.0","123.0","2026-11-04","246.0","246.0","16*14=224","Case","24.404","Alert Date Reached","720","31.5","Crestline Chicago Inc"
"2025-12-19","","C82176","Zhouxi Strawberry Drink Powder/Blocks 12bags*400g","Instant Drinks","Drink Powder/Blocks","Zhouxi","12-19-2025/0.0","0.0","2025-12-19","246.0","246.0","16*14=224","Case","24.404","","720","31.5","Crestline Chicago Inc"
"L280201872","","FA40178","MEITIAN BBQ Frozen Vegetarian 24bags*150g","Frozen & Chilled Foods","Frozen Vegetarian","MEITIAN","02-02-2028/0.0","108.0","2028-02-02","215.0","215.0","12*14=168","Case","47.587","","540","54.0","Crestline Chicago Inc"
"L260801873","","FA40178","MEITIAN BBQ Frozen Vegetarian 24bags*150g","Frozen & Chilled Foods","Frozen Vegetarian","MEITIAN","08-15-2026/0.0","107.0","2026-08-15","215.0","215.0","12*14=168","Case","47.587","Alert Date Reached","540","54.0","Crestline Chicago Inc"
"L271201874","","FB04264","MEITIAN Honey Frozen Seafood 20bags*70g","Frozen & Chilled Foods","Frozen Seafood","MEITIAN","12-03-2027/0.0","4.0","2027-12-03","4.0","6.0","6*5=30","Case","28.69","","540","39.0","Crestline Chicago Inc"
"L260701875","","B64351","Chenrui BBQ Sunflower Seeds 6bags*150g","Candy & Snacks","Sunflower Seeds","Chenrui","07-04-2026/0.0","1.0","2026-07-04","1.0","1.0","17*11=187","Case","34.721","Alert Date Reached","450","43.5","Crestline Chicago Inc"
"L270401876","","B72369","Chenrui Five Spice Puffed/Flour Snacks 30bags*150g","Candy & Snacks","Puffed/Flour Snacks","Chenrui","04-20-2027/0.0","173.0","2027-04-20","173.0","173.0","14*5=70","Case","21.241","","270","24.0","Crestline Chicago Inc"
"L270801877","","B56339","Chenrui Peach Rice Crackers&Popcorn 24bags*500g","Candy & Snacks","Rice Crackers&Popcorn","Chenrui","08-30-2027/0.0","4.0","2027-08-30","8.0","8.0","5*10=50","Case","37.777","","360","44.5","Crestline Chicago Inc"
"L270201878","","B56339","Chenrui Peach Rice Crackers&Popcorn 24bags*500g","Candy & Snacks","Rice Crackers&Popcorn","Chenrui","02-03-2027/0.0","4.0","2027-02-03","8.0","8.0","5*10=50","Case","37.777","","360","44.5","Crestline Chicago Inc"
"L260801879","","B16283","Chenrui Mala Puffed/Flour Snacks 12bags*100g","Candy & Snacks","Puffed/Flour Snacks","Chenrui","08-23-2026/0.0","2.0","2026-08-23","2.0","28.0","5*8=40","Case","34.036","Alert Date Reached","270","44.0","Crestline Chicago Inc"
"L251201880","","B16283","Chenrui Mala Puffed/Flour Snacks 12bags*100g","Candy & Snacks","Puffed/Flour Snacks","Chenrui","12-19-2025/0.0","0.0","2025-12-19","2.0","28.0","5*8=40","Case","34.036","","270","44.0","Crestline Chicago Inc"
"L270601881","","B28336","Chenrui Tomato Candy 12bags*100g","Candy & Snacks","Candy","Chenrui","06-29-2027/0.0","1.0","2027-06-29","1.0","1.0","7*7=49","Case","27.254","","540","37.5","Crestline Chicago Inc"
"L270601882","","B28336","Chenrui Tomato Candy 12bags*100g","Candy & Snacks","Candy","Chenrui","06-26-2027/0.0","0.0","2027-06-26","1.0","1.0","7*7=49","Case","27.254","","540","37.5","Crestline Chicago Inc"
"L270301883","","B83168","Chenrui Mala Puffed/Flour Snacks 24bags*400g","Candy & Snacks","Puffed/Flour Snacks","Chenrui","03-16-2027/0.0","0.0","2027-03-16","0.0","0.0","10*10=100","Case","22.446","","270","32.0","Crestline Chicago Inc"
"L261201884","","B83168","Chenrui Mala Puffed/Flour Snacks 24bags*400g","Candy & Snacks","Puffed/Flour Snacks","Chenrui","12-15-2026/0.0","0.0","2026-12-15","0.0","0.0","10*10=100","Case","22.446","","270","32.0","Crestline Chicago Inc"
"L261201885","","A29259","Baoan Beef Milk Drinks 15btls*280ml","Beverages","Milk Drinks","Baoan","12-15-2026/0.0","3.0","2026-12-15","5.0","10.0","","Case","14.972","","240","21.0","Crestline Chicago Inc"
"L270301886","","A29259","Baoan Beef Milk Drinks 15btls*280ml","Beverages","Milk Drinks","Baoan","03-23-2027/0.0","2.0","2027-03-23","5.0","10.0","","Case","14.972","","240","21.0","Crestline Chicago Inc"
"L261201887","","A38147","Baoan Chocolate Juice 12btls*480ml","Beverages","Juice","Baoan","12-13-2026/0.0","7.0","2026-12-13","19.0","31.0","4*5=20","Case","24.156","","360","29.0","Crestline Chicago Inc"
"L270501888","","A38147","Baoan Chocolate Juice 12btls*480ml","Beverages","Juice","Baoan","05-06-2027/0.0","6.0","2027-05-06","19.0","31.0","4*5=20","Case","24.156","","360","29.0","Crestline Chicago Inc"
"L260701889","","A38147","Baoan Chocolate Juice 12btls*480ml","Beverages","Juice","Baoan","07-14-2026/0.0","6.0","2026-07-14","19.0","31.0","4*5=20","Case","24.156","Alert Date Reached","360","29.0","Crestline Chicago Inc"
"2026-06-08","","A38147","Baoan Chocolate Juice 12btls*480ml","Beverages","Juice","Baoan","06-08-2026/0.0","0.0","2026-06-08","19.0","31.0","4*5=20","Case","24.156","","360","999.0","Crestline Chicago Inc"
"L270601891","","A17227","Baoan Grape Coconut Water 20btls*280ml","Beverages","Coconut Water","Baoan","06-13-2027/0.0","123.0","2027-06-13","123.0","191.0","16*11=176","Case","20.415","","360","26.0","Crestline Chicago Inc"
"L270201892","","A87246","Baoan Garlic Beverages 15btls*480ml","Beverages","Beverages","Baoan","02-06-2027/0.0","230.0","2027-02-06","230.0","230.0","14*14=196","Case","17.759","","360","24.5","Crestline Chicago Inc"
"2026-02-04","","A87246","Baoan Garlic Beverages 15btls*480ml","Beverages","Beverages","Baoan","02-04-2026/0.0","0.0","2026-02-04","230.0","230.0","14*14=196","Case","17.759","","360","24.5","Crestline Chicago Inc"
"2026-05-23","","A87246","Baoan Garlic Beverages 15btls*480ml","Beverages","Beverages","Baoan","05-23-2026/0.0","0.0","2026-05-23","230.0","230.0","14*14=196","Case","17.759","","360","24.5","Crestline Chicago Inc"
"L270301895","","A89371","WANSHUN Mala Sparkling Water 20btls*1500ml","Beverages","Sparkling Water","WANSHUN","03-07-2027/0.0","1.0","2027-03-07","3.0","9.0","18*8=144","Case","24.4","","360","31.5","Crestline Chicago Inc"
"L261001896","","A89371","WANSHUN Mala Sparkling Water 20btls*1500ml","Beverages","Sparkling Water","WANSHUN","10-21-2026/0.0","1.0","2026-10-21","3.0","9.0","18*8=144","Case","24.4","Alert Date Reached","360","31.5","Crestline Chicago Inc"
"L270701897","","A89371","WANSHUN Mala Sparkling Water 20btls*1500ml","Beverages","Sparkling Water","WANSHUN","07-21-2027/0.0","1.0","2027-07-21","3.0","9.0","18*8=144","Case","24.4","","360","31.5","Crestline Chicago Inc"
"L270801898","","A31283","WANSHUN Pineapple Sparkling Water 24btls*280ml","Beverages","Sparkling Water","WANSHUN","08-26-2027/0.0","46.0","2027-08-26","92.0","92.0","","Case","22.001","","360","30.0","Crestline Chicago Inc"
"L270701899","","A31283","WANSHUN Pineapple Sparkling Water 24btls*280ml","Beverages","Sparkling Water","WANSHUN","07-01-2027/0.0","46.0","2027-07-01","92.0","92.0","","Case","22.001","","360","30.0","Crestline Chicago Inc"
"L251001900","","A31283","WANSHUN Pineapple Sparkling Water 24btls*280ml","Beverages","Sparkling Water","WANSHUN","10-06-2025/0.0","0.0","2025-10-06","92.0","92.0","","Case","22.001","","360","30.0","Crestline Chicago Inc"
"L251001901","","A31283","WANSHUN Pineapple Sparkling Water 24btls*280ml","Beverages","Sparkling Water","WANSHUN","10-15-2025/0.0","0.0","2025-10-15","92.0","92.0","","Case","22.001","","360","30.0","Crestline Chicago Inc"
"L260601902","","D23226","JINSONG Peach Rice Noodles 12bags*200g","Dry Noodles","Rice Noodles","JINSONG","06-28-2026/0.0","6.0","2026-06-28","16.0","18.0","16*12=192","Case","16.243","Alert Date Reached","720","18.5","Crestline Chicago Inc"
"L270501903","","D23226","JINSONG Peach Rice Noodles 12bags*200g","Dry Noodles","Rice Noodles","JINSONG","05-14-2027/0.0","5.0","2027-05-14","16.0","18.0","16*12=192","Case","16.243","","720","18.5","Crestline Chicago Inc"
"L270201904","","D23226","JINSONG Peach Rice Noodles 12bags*200g","Dry Noodles","Rice Noodles","JINSONG","02-03-2027/0.0","5.0","2027-02-03","16.0","18.0","16*12=192","Case","16.243","","720","18.5","Crestline Chicago Inc"
"L270501905","","D20331","JINSONG Lemon Instant Noodles 12bags*200g","Dry Noodles","Instant Noodles","JINSONG","05-08-2027/0.0","0.0","2027-05-08","0.0","0.0","10*10=100","Case","14.094","","360","17.0","Crestline Chicago Inc"
"L260701906","","D20331","JINSONG Lemon Instant Noodles 12bags*200g","Dry Noodles","Instant Noodles","JINSONG","07-04-2026/0.0","0.0","2026-07-04","0.0","0.0","10*10=100","Case","14.094","","360","17.0","Crestline Chicago Inc"
"L270401907","","A71147","FENGFENG Brown Sugar Coconut Water 15btls*480ml","Beverages","Coconut Water","FENGFENG","04-09-2027/0.0","4.0","2027-04-09","8.0","8.0","4*10=40","Case","16.615","","360","23.5","Crestline Chicago Inc"
"L270801908","","A71147","FENGFENG Brown Sugar Coconut Water 15btls*480ml","Beverages","Coconut Water","FENGFENG","08-05-2027/0.0","4.0","2027-08-05","8.0","8.0","4*10=40","Case","16.615","","360","23.5","Crestline Chicago Inc"
"L270801909","","A53303","FENGFENG Milk Ready-to-Drink Tea 24btls*480ml","Beverages","Ready-to-Drink Tea","FENGFENG","08-09-2027/0.0","46.0","2027-08-09","136.0","136.0","4*6=24","Case","14.796","","360","16.5","Crestline Chicago Inc"
"L270201910","","A53303","FENGFENG Milk Ready-to-Drink Tea 24btls*480ml","Beverages","Ready-to-Drink Tea","FENGFENG","02-24-2027/0.0","45.0","2027-02-24","136.0","136.0","4*6=24","Case","14.796","","360","16.5","Crestline Chicago Inc"
"L270701911","","A53303","FENGFENG Milk Ready-to-Drink Tea 24btls*480ml","Beverages","Ready-to-Drink Tea","FENGFENG","07-30-2027/0.0","45.0","2027-07-30","136.0","136.0","4*6=24","Case","14.796","","360","16.5","Crestline Chicago Inc"
"L270301912","","A16378","FENGFENG Green Tea Sparkling Water 12btls*500ml","Beverages","Sparkling Water","FENGFENG","03-07-2027/0.0","251.0","2027-03-07","501.0","621.0","","Case","11.697","","360","13.0","Crestline Chicago Inc"
"L261001913","","A16378","FENGFENG Green Tea Sparkling Water 12btls*500ml","Beverages","Sparkling Water","FENGFENG","10-31-2026/0.0","250.0","2026-10-31","501.0","621.0","","Case","11.697","Alert Date Reached","360","13.0","Crestline Chicago Inc"
"2026-02-06","","A16378","FENGFENG Green Tea Sparkling Water 12btls*500ml","Beverages","Sparkling Water","FENGFENG","02-06-2026/0.0","0.0","2026-02-06","501.0","621.0","","Case","11.697","","360","13.0","Crestline Chicago Inc"
"L270401915","","F96174","FENGGU Chocolate Rice 20bags*70g","Grains","Rice","FENGGU","04-02-2027/0.0","3.0","2027-04-02","6.0","12.0","13*13=169","Case","37.232","","720","52.0","Crestline Chicago Inc"
"L271001916","","F96174","FENGGU Chocolate Rice 20bags*70g","Grains","Rice","FENGGU","10-15-2027/0.0","3.0","2027-10-15","6.0","12.0","13*13=169","Case","37.232","","720","52.0","Crestline Chicago Inc"
"2026-05-20","","F96174","FENGGU Chocolate Rice 20bags*70g","Grains","Rice","FENGGU","05-20-2026/0.0","0.0","2026-05-20","6.0","12.0","13*13=169","Case","37.232","","720","52.0","Crestline Chicago Inc"
"2026-05-12","","F96174","FENGGU Chocolate Rice 20bags*70g","Grains","Rice","FENGGU","05-12-2026/0.0","0.0","2026-05-12","6.0","12.0","13*13=169","Case","37.232","","720","52.0","Crestline Chicago Inc"
"L280701919","","F17210","CHENGQING Jujube Peanuts 12bags*70g","Grains","Peanuts","CHENGQING","07-05-2028/0.0","6.0","2028-07-05","16.0","16.0","5*11=55","Case","23.599","","1080","35.5","Crestline Chicago Inc"
"L281101920","","F17210","CHENGQING Jujube Peanuts 12bags*70g","Grains","Peanuts","CHENGQING","11-01-2028/0.0","5.0","2028-11-01","16.0","16.0","5*11=55","Case","23.599","","1080","35.5","Crestline Chicago Inc"
"L290401921","","F17210","CHENGQING Jujube Peanuts 12bags*70g","Grains","Peanuts","CHENGQING","04-25-2029/0.0","5.0","2029-04-25","16.0","16.0","5*11=55","Case","23.599","","1080","35.5","Crestline Chicago Inc"
"L280701922","","F63252","CHENGQING Osmanthus Flour 20bags*150g","Grains","Flour","CHENGQING","07-13-2028/0.0","1.0","2028-07-13","1.0","5.0","","Case","17.116","","720","24.0","Crestline Chicago Inc"
"L270701923","","F63252","CHENGQING Osmanthus Flour 20bags*150g","Grains","Flour","CHENGQING","07-11-2027/0.0","0.0","2027-07-11","1.0","5.0","","Case","17.116","","720","24.0","Crestline Chicago Inc"
"L280701924","","F63252","CHENGQING Osmanthus Flour 20bags*150g","Grains","Flour","CHENGQING","07-01-2028/0.0","0.0","2028-07-01","1.0","5.0","","Case","17.116","","720","24.0","Crestline Chicago Inc"
"2026-03-10","","F63252","CHENGQING Osmanthus Flour 20bags*150g","Grains","Flour","CHENGQING","03-10-2026/0.0","0.0","2026-03-10","1.0","5.0","","Case","17.116","","720","24.0","Crestline Chicago Inc"
"2025-10-16","","F63252","CHENGQING Osmanthus Flour 20bags*150g","Grains","Flour","CHENGQING","10-16-2025/0.0","0.0","2025-10-16","1.0","5.0","","Case","17.116","","720","24.0","Crestline Chicago Inc"
"L261201927","","F47162","CHENGQING Garlic Flour 6bags*70g","Grains","Flour","CHENGQING","12-03-2026/0.0","51.0","2026-12-03","149.0","149.0","10*12=120","Case","21.273","","720","24.0","Crestline Chicago Inc"
"L270701928","","F47162","CHENGQING Garlic Flour 6bags*70g","Grains","Flour","CHENGQING","07-12-2027/0.0","49.0","2027-07-12","149.0","149.0","10*12=120","Case","21.273","","720","24.0","Crestline Chicago Inc"
"L261201929","","F47162","CHENGQING Garlic Flour 6bags*70g","Grains","Flour","CHENGQING","12-27-2026/0.0","49.0","2026-12-27","149.0","149.0","10*12=120","Case","21.273","","720","24.0","Crestline Chicago Inc"
"L281001930","","VBB72309","CHENWAN Pineapple Baby Products 150ml","Beauty & Health & Home","Baby Products","CHENWAN","10-19-2028/0.0","31.0","2028-10-19","62.0","400.0","","each","10.362","","1095","15.5","Crestline Chicago Inc"
"L280201931","","VBB72309","CHENWAN Pineapple Baby Products 150ml","Beauty & Health & Home","Baby Products","CHENWAN","02-24-2028/0.0","31.0","2028-02-24","62.0","400.0","","each","10.362","","1095","15.5","Crestline Chicago Inc"
"L270601932","","VSC10122","CHENWAN Lychee Skin Care 150ml","Beauty & Health & Home","Skin Care","CHENWAN","06-21-2027/0.0","81.0","2027-06-21","81.0","81.0","16*14=224","each","6.174","","1095","9.0","Crestline Chicago Inc"
"L320101933","","VCA14282","CHENWAN Spicy Fashion Jewelry 100ml","Beauty & Health & Home","Fashion Jewelry","CHENWAN","01-19-2032/0.0","200.0","2032-01-19","399.0","431.0","14*5=70","each","4.623","","3650","7.0","Crestline Chicago Inc"
"L290801934","","VCA14282","CHENWAN Spicy Fashion Jewelry 100ml","Beauty & Health & Home","Fashion Jewelry","CHENWAN","08-15-2029/0.0","199.0","2029-08-15","399.0","431.0","14*5=70","each","4.623","","3650","7.0","Crestline Chicago Inc"
"L260501935","","VCA14282","CHENWAN Spicy Fashion Jewelry 100ml","Beauty & Health & Home","Fashion Jewelry","CHENWAN","05-09-2026/0.0","0.0","2026-05-09","399.0","431.0","14*5=70","each","4.623","","3650","7.0","Crestline Chicago Inc"
"L261101936","","VSC77229","CHENWAN Grape Skin Care 60ml","Beauty & Health & Home","Skin Care","CHENWAN","11-11-2026/0.0","164.0","2026-11-11","488.0","672.0","4*8=32","each","8.315","Alert Date Reached","1095","9.5","Crestline Chicago Inc"
"L280801937","","VSC77229","CHENWAN Grape Skin Care 60ml","Beauty & Health & Home","Skin Care","CHENWAN","08-06-2028/0.0","162.0","2028-08-06","488.0","672.0","4*8=32","each","8.315","","1095","9.5","Crestline Chicago Inc"
"L290101938","","VSC77229","CHENWAN Grape Skin Care 60ml","Beauty & Health & Home","Skin Care","CHENWAN","01-14-2029/0.0","162.0","2029-01-14","488.0","672.0","4*8=32","each","8.315","","1095","9.5","Crestline Chicago Inc"
"L261001939","","VHB18210","CHENWAN Sea Salt Hair 10bags*70g","Beauty & Health & Home","Hair","CHENWAN","10-04-2026/0.0","14.0","2026-10-04","27.0","209.0","9*13=117","Case","13.866","Alert Date Reached","1095","16.0","Crestline Chicago Inc"
"L281101940","","VHB18210","CHENWAN Sea Salt Hair 10bags*70g","Beauty & Health & Home","Hair","CHENWAN","11-28-2028/0.0","13.0","2028-11-28","27.0","209.0","9*13=117","Case","13.866","","1095","16.0","Crestline Chicago Inc"
"L270801941","","VHK94159","CHENWAN Strawberry Household Goods 500ml","Beauty & Health & Home","Household Goods","CHENWAN","08-15-2027/0.0","400.0","2027-08-15","800.0","874.0","17*8=136","each","6.815","","1095","8.0","Crestline Chicago Inc"
"L290701942","","VHK94159","CHENWAN Strawberry Household Goods 500ml","Beauty & Health & Home","Household Goods","CHENWAN","07-15-2029/0.0","400.0","2029-07-15","800.0","874.0","17*8=136","each","6.815","","1095","8.0","Crestline Chicago Inc"
"2026-01-02","","VHK94159","CHENWAN Strawberry Household Goods 500ml","Beauty & Health & Home","Household Goods","CHENWAN","01-02-2026/0.0","0.0","2026-01-02","800.0","874.0","17*8=136","each","6.815","","1095","8.0","Crestline Chicago Inc"
"L270101944","","VHB47257","CHENWAN Chocolate Hair 12bags*200g","Beauty & Health & Home","Hair","CHENWAN","01-24-2027/0.0","2.0","2027-01-24","3.0","12.0","10*6=60","Case","3.325","","1095","4.0","Crestline Chicago Inc"
"L270501945","","VHB47257","CHENWAN Chocolate Hair 12bags*200g","Beauty & Health & Home","Hair","CHENWAN","05-09-2027/0.0","1.0","2027-05-09","3.0","12.0","10*6=60","Case","3.325","","1095","4.0","Crestline Chicago Inc"
"L251001946","","VHB47257","CHENWAN Chocolate Hair 12bags*200g","Beauty & Health & Home","Hair","CHENWAN","10-01-2025/0.0","0.0","2025-10-01","3.0","12.0","10*6=60","Case","3.325","","1095","4.0","Crestline Chicago Inc"
"L270401947","","G44319","Baochen Osmanthus Sauces 10bags*200g","Seasonings","Sauces","Baochen","04-11-2027/0.0","34.0","2027-04-11","102.0","102.0","","Case","11.008","","540","14.5","Crestline Chicago Inc"
"L271201948","","G44319","Baochen Osmanthus Sauces 10bags*200g","Seasonings","Sauces","Baochen","12-11-2027/0.0","34.0","2027-12-11","102.0","102.0","","Case","11.008","","540","14.5","Crestline Chicago Inc"
"L270501949","","G44319","Baochen Osmanthus Sauces 10bags*200g","Seasonings","Sauces","Baochen","05-09-2027/0.0","34.0","2027-05-09","102.0","102.0","","Case","11.008","","540","14.5","Crestline Chicago Inc"
"2026-07-06","","G44319","Baochen Osmanthus Sauces 10bags*200g","Seasonings","Sauces","Baochen","07-06-2026/0.0","0.0","2026-07-06","102.0","102.0","","Case","11.008","","540","14.5","Crestline Chicago Inc"
"L270801951","","G78186","Baochen Sea Salt MSG&Seasoning Powder 20bags*200g","Seasonings","MSG&Seasoning Powder","Baochen","08-10-2027/0.0","1.0","2027-08-10","3.0","5.0","15*6=90","Case","48.772","","720","56.5","Crestline Chicago Inc"
"L280501952","","G78186","Baochen Sea Salt MSG&Seasoning Powder 20bags*200g","Seasonings","MSG&Seasoning Powder","Baochen","05-23-2028/0.0","1.0","2028-05-23","3.0","5.0","15*6=90","Case","48.772","","720","56.5","Crestline Chicago Inc"
"L270201953","","G78186","Baochen Sea Salt MSG&Seasoning Powder 20bags*200g","Seasonings","MSG&Seasoning Powder","Baochen","02-11-2027/0.0","1.0","2027-02-11","3.0","5.0","15*6=90","Case","48.772","","720","56.5","Crestline Chicago Inc"
"L270801954","","G40123","YUANQING Osmanthus Jam 10bags*150g","Honey & Jam","Jam","YUANQING","08-08-2027/0.0","42.0","2027-08-08","42.0","42.0","17*6=102","Case","22.761","","360","26.5","Crestline Chicago Inc"
"L260201955","","G40123","YUANQING Osmanthus Jam 10bags*150g","Honey & Jam","Jam","YUANQING","02-16-2026/0.0","0.0","2026-02-16","42.0","42.0","17*6=102","Case","22.761","","360","26.5","Crestline Chicago Inc"
"L260601956","","E32394","YUANQING Mango White Sugar 12bags*400g","Honey & Jam","White Sugar","YUANQING","06-17-2026/0.0","43.0","2026-06-17","125.0","125.0","15*6=90","Case","24.144","Alert Date Reached","1080","36.0","Crestline Chicago Inc"
"L281001957","","E32394","YUANQING Mango White Sugar 12bags*400g","Honey & Jam","White Sugar","YUANQING","10-17-2028/0.0","41.0","2028-10-17","125.0","125.0","15*6=90","Case","24.144","","1080","36.0","Crestline Chicago Inc"
"L270601958","","E32394","YUANQING Mango White Sugar 12bags*400g","Honey & Jam","White Sugar","YUANQING","06-26-2027/0.0","41.0","2027-06-26","125.0","125.0","15*6=90","Case","24.144","","1080","36.0","Crestline Chicago Inc"
"L250801959","","E32394","YUANQING Mango White Sugar 12bags*400g","Honey & Jam","White Sugar","YUANQING","08-31-2025/0.0","0.0","2025-08-31","125.0","125.0","15*6=90","Case","24.144","","1080","36.0","Crestline Chicago Inc"
"L270501960","","E40196","YUANQING Melon Brown Sugar 20bags*100g","Honey & Jam","Brown Sugar","YUANQING","05-28-2027/0.0","124.0","2027-05-28","368.0","368.0","8*13=104","Case","42.789","","1080","54.5","Crestline Chicago Inc"
"L261101961","","E40196","YUANQING Melon Brown Sugar 20bags*100g","Honey & Jam","Brown Sugar","YUANQING","11-15-2026/0.0","122.0","2026-11-15","368.0","368.0","8*13=104","Case","42.789","Alert Date Reached","1080","54.5","Crestline Chicago Inc"
"L270501962","","E40196","YUANQING Melon Brown Sugar 20bags*100g","Honey & Jam","Brown Sugar","YUANQING","05-08-2027/0.0","122.0","2027-05-08","368.0","368.0","8*13=104","Case","42.789","","1080","54.5","Crestline Chicago Inc"
"L290701963","","E36237","YUANQING Mango White Sugar 24bags*200g","Honey & Jam","White Sugar","YUANQING","07-04-2029/0.0","2.0","2029-07-04","3.0","3.0","16*12=192","Case","38.032","","1080","44.5","Crestline Chicago Inc"
"L270301964","","E36237","YUANQING Mango White Sugar 24bags*200g","Honey & Jam","White Sugar","YUANQING","03-21-2027/0.0","1.0","2027-03-21","3.0","3.0","16*12=192","Case","38.032","","1080","44.5","Crestline Chicago Inc"
"L290101965","","E09373","Guwan Osmanthus White Sugar 12bags*100g","Honey & Jam","White Sugar","Guwan","01-06-2029/0.0","0.0","2029-01-06","0.0","71.0","9*10=90","Case","35.108","","1080","40.5","Crestline Chicago Inc"
"L280601966","","E09373","Guwan Osmanthus White Sugar 12bags*100g","Honey & Jam","White Sugar","Guwan","06-17-2028/0.0","0.0","2028-06-17","0.0","71.0","9*10=90","Case","35.108","","1080","40.5","Crestline Chicago Inc"
"L280301967","","E09373","Guwan Osmanthus White Sugar 12bags*100g","Honey & Jam","White Sugar","Guwan","03-31-2028/0.0","0.0","2028-03-31","0.0","71.0","9*10=90","Case","35.108","","1080","40.5","Crestline Chicago Inc"
"L260701968","","E09373","Guwan Osmanthus White Sugar 12bags*100g","Honey & Jam","White Sugar","Guwan","07-13-2026/0.0","0.0","2026-07-13","0.0","71.0","9*10=90","Case","35.108","","1080","40.5","Crestline Chicago Inc"
"L290201969","","E86166","Guwan Corn White Sugar 6bags*150g","Honey & Jam","White Sugar","Guwan","02-27-2029/0.0","4.0","2029-02-27","4.0","5.0","","Case","36.291","","1080","41.5","Crestline Chicago Inc"
"L271201970","","E28252","Guwan Taro Brown Sugar 8bags*200g","Honey & Jam","Brown Sugar","Guwan","12-19-2027/0.0","42.0","2027-12-19","122.0","122.0","17*9=153","Case","15.72","","1080","19.0","Crestline Chicago Inc"
"L271201971","","E28252","Guwan Taro Brown Sugar 8bags*200g","Honey & Jam","Brown Sugar","Guwan","12-05-2027/0.0","40.0","2027-12-05","122.0","122.0","17*9=153","Case","15.72","","1080","19.0","Crestline Chicago Inc"
"L290101972","","E28252","Guwan Taro Brown Sugar 8bags*200g","Honey & Jam","Brown Sugar","Guwan","01-05-2029/0.0","40.0","2029-01-05","122.0","122.0","17*9=153","Case","15.72","","1080","19.0","Crestline Chicago Inc"
"L260901973","","G71202","CHUANRUI Green Tea MSG&Seasoning Powder 12bags*70g","Seasonings","MSG&Seasoning Powder","CHUANRUI","09-09-2026/0.0","20.0","2026-09-09","20.0","20.0","","Case","21.419","Alert Date Reached","720","999.0","Crestline Chicago Inc"
"L301001974","","CJ44247","CHUANRUI Strawberry Salt 6bags*70g","Seasonings","Salt","CHUANRUI","10-13-2030/0.0","4.0","2030-10-13","4.0","4.0","","Case","36.054","","1800","40.5","Crestline Chicago Inc"
"2025-11-03","","CJ44247","CHUANRUI Strawberry Salt 6bags*70g","Seasonings","Salt","CHUANRUI","11-03-2025/0.0","0.0","2025-11-03","4.0","4.0","","Case","36.054","","1800","40.5","Crestline Chicago Inc"
"L250901976","","CJ44247","CHUANRUI Strawberry Salt 6bags*70g","Seasonings","Salt","CHUANRUI","09-03-2025/0.0","0.0","2025-09-03","4.0","4.0","","Case","36.054","","1800","40.5","Crestline Chicago Inc"
"L271201977","","VPC10254","Chenmai Mango Eye Care 150ml","Beauty & Health & Home","Eye Care","Chenmai","12-02-2027/0.0","68.0","2027-12-02","200.0","200.0","6*5=30","each","12.201","","1095","16.5","Crestline Chicago Inc"
"L280201978","","VPC10254","Chenmai Mango Eye Care 150ml","Beauty & Health & Home","Eye Care","Chenmai","02-09-2028/0.0","66.0","2028-02-09","200.0","200.0","6*5=30","each","12.201","","1095","16.5","Crestline Chicago Inc"
"L270301979","","VPC10254","Chenmai Mango Eye Care 150ml","Beauty & Health & Home","Eye Care","Chenmai","03-24-2027/0.0","66.0","2027-03-24","200.0","200.0","6*5=30","each","12.201","","1095","16.5","Crestline Chicago Inc"
"L270501980","","VHS97328","Chenmai BBQ Health & Nutrition Drinks 100ml","Beauty & Health & Home","Health & Nutrition Drinks","Chenmai","05-29-2027/0.0","80.0","2027-05-29","238.0","238.0","","each","14.67","","1095","18.0","Crestline Chicago Inc"
"L261101981","","VHS97328","Chenmai BBQ Health & Nutrition Drinks 100ml","Beauty & Health & Home","Health & Nutrition Drinks","Chenmai","11-05-2026/0.0","79.0","2026-11-05","238.0","238.0","","each","14.67","Alert Date Reached","1095","18.0","Crestline Chicago Inc"
"L261201982","","VHS97328","Chenmai BBQ Health & Nutrition Drinks 100ml","Beauty & Health & Home","Health & Nutrition Drinks","Chenmai","12-02-2026/0.0","79.0","2026-12-02","238.0","238.0","","each","14.67","","1095","18.0","Crestline Chicago Inc"
"L280701983","","VPC79142","Maibao Seafood Eye Care 400ml","Beauty & Health & Home","Eye Care","Maibao","07-04-2028/0.0","304.0","2028-07-04","304.0","342.0","11*10=110","each","5.423","","1095","8.0","Crestline Chicago Inc"
"L261201984","","VPC50200","Maibao Spicy Personal Care 200ml","Beauty & Health & Home","Personal Care","Maibao","12-28-2026/0.0","83.0","2026-12-28","245.0","245.0","11*12=132","each","7.299","","1095","9.5","Crestline Chicago Inc"
"L290501985","","VPC50200","Maibao Spicy Personal Care 200ml","Beauty & Health & Home","Personal Care","Maibao","05-13-2029/0.0","81.0","2029-05-13","245.0","245.0","11*12=132","each","7.299","","1095","9.5","Crestline Chicago Inc"
"L261101986","","VPC50200","Maibao Spicy Personal Care 200ml","Beauty & Health & Home","Personal Care","Maibao","11-29-2026/0.0","81.0","2026-11-29","245.0","245.0","11*12=132","each","7.299","","1095","9.5","Crestline Chicago Inc"
"L251001987","","VPC50200","Maibao Spicy Personal Care 200ml","Beauty & Health & Home","Personal Care","Maibao","10-12-2025/0.0","0.0","2025-10-12","245.0","245.0","11*12=132","each","7.299","","1095","9.5","Crestline Chicago Inc"
"L260501988","","VPC50200","Maibao Spicy Personal Care 200ml","Beauty & Health & Home","Personal Care","Maibao","05-12-2026/0.0","0.0","2026-05-12","245.0","245.0","11*12=132","each","7.299","","1095","9.5","Crestline Chicago Inc"
"L261201989","","VHK30154","Maibao Melon Home Cleaning 250ml","Beauty & Health & Home","Home Cleaning","Maibao","12-08-2026/0.0","565.0","2026-12-08","1129.0","1129.0","12*11=132","each","13.328","","3650","17.5","Crestline Chicago Inc"
"L261101990","","VHK30154","Maibao Melon Home Cleaning 250ml","Beauty & Health & Home","Home Cleaning","Maibao","11-17-2026/0.0","564.0","2026-11-17","1129.0","1129.0","12*11=132","each","13.328","Alert Date Reached","3650","17.5","Crestline Chicago Inc"
"2025-09-27","","VHK30154","Maibao Melon Home Cleaning 250ml","Beauty & Health & Home","Home Cleaning","Maibao","09-27-2025/0.0","0.0","2025-09-27","1129.0","1129.0","12*11=132","each","13.328","","3650","17.5","Crestline Chicago Inc"
"2026-03-21","","VHK30154","Maibao Melon Home Cleaning 250ml","Beauty & Health & Home","Home Cleaning","Maibao","03-21-2026/0.0","0.0","2026-03-21","1129.0","1129.0","12*11=132","each","13.328","","3650","17.5","Crestline Chicago Inc"
"L280101993","","VHS64175","Maibao Jujube Health & Nutrition Drinks 200ml","Beauty & Health & Home","Health & Nutrition Drinks","Maibao","01-31-2028/0.0","318.0","2028-01-31","635.0","656.0","10*6=60","each","8.933","","1095","13.0","Crestline Chicago Inc"
"L270201994","","VHS64175","Maibao Jujube Health & Nutrition Drinks 200ml","Beauty & Health & Home","Health & Nutrition Drinks","Maibao","02-02-2027/0.0","317.0","2027-02-02","635.0","656.0","10*6=60","each","8.933","","1095","13.0","Crestline Chicago Inc"
"2026-05-14","","VHS64175","Maibao Jujube Health & Nutrition Drinks 200ml","Beauty & Health & Home","Health & Nutrition Drinks","Maibao","05-14-2026/0.0","0.0","2026-05-14","635.0","656.0","10*6=60","each","8.933","","1095","13.0","Crestline Chicago Inc"
"L260401996","","VHS64175","Maibao Jujube Health & Nutrition Drinks 200ml","Beauty & Health & Home","Health & Nutrition Drinks","Maibao","04-14-2026/0.0","0.0","2026-04-14","635.0","656.0","10*6=60","each","8.933","","1095","13.0","Crestline Chicago Inc"
"L281201997","","E79328","BAOSHUN Milk Chili Seasonings 24bags*150g","Seasonings","Chili Seasonings","BAOSHUN","12-30-2028/0.0","0.0","2028-12-30","0.0","3.0","8*10=80","Case","42.449","","1080","55.0","Crestline Chicago Inc"
"L271001998","","E79328","BAOSHUN Milk Chili Seasonings 24bags*150g","Seasonings","Chili Seasonings","BAOSHUN","10-01-2027/0.0","0.0","2027-10-01","0.0","3.0","8*10=80","Case","42.449","","1080","55.0","Crestline Chicago Inc"
"2025-10-28","","E79328","BAOSHUN Milk Chili Seasonings 24bags*150g","Seasonings","Chili Seasonings","BAOSHUN","10-28-2025/0.0","0.0","2025-10-28","0.0","3.0","8*10=80","Case","42.449","","1080","55.0","Crestline Chicago Inc"
"2026-03-20","","E79328","BAOSHUN Milk Chili Seasonings 24bags*150g","Seasonings","Chili Seasonings","BAOSHUN","03-20-2026/0.0","0.0","2026-03-20","0.0","3.0","8*10=80","Case","42.449","","1080","55.0","Crestline Chicago Inc"
"L260402001","","CJ74307","BAOSHUN Oolong BBQ Sauce 20bags*400g","Seasonings","BBQ Sauce","BAOSHUN","04-30-2026/0.0","11.0","2026-04-30","11.0","15.0","18*7=126","Case","26.312","Alert Date Reached","540","36.5","Crestline Chicago Inc"
"L251202002","","CJ74307","BAOSHUN Oolong BBQ Sauce 20bags*400g","Seasonings","BBQ Sauce","BAOSHUN","12-20-2025/0.0","0.0","2025-12-20","11.0","15.0","18*7=126","Case","26.312","","540","36.5","Crestline Chicago Inc"
"L261102003","","B09351","Anchuan Coconut Rice Crackers&Popcorn 10bags*1000g","Candy & Snacks","Rice Crackers&Popcorn","Anchuan","11-24-2026/0.0","119.0","2026-11-24","238.0","238.0","12*13=156","Case","21.181","","360","27.0","Crestline Chicago Inc"
"L270502004","","B09351","Anchuan Coconut Rice Crackers&Popcorn 10bags*1000g","Candy & Snacks","Rice Crackers&Popcorn","Anchuan","05-09-2027/0.0","119.0","2027-05-09","238.0","238.0","12*13=156","Case","21.181","","360","27.0","Crestline Chicago Inc"
"L260702005","","B09351","Anchuan Coconut Rice Crackers&Popcorn 10bags*1000g","Candy & Snacks","Rice Crackers&Popcorn","Anchuan","07-18-2026/0.0","0.0","2026-07-18","238.0","238.0","12*13=156","Case","21.181","","360","27.0","Crestline Chicago Inc"
"2026-01-02","","B09351","Anchuan Coconut Rice Crackers&Popcorn 10bags*1000g","Candy & Snacks","Rice Crackers&Popcorn","Anchuan","01-02-2026/0.0","0.0","2026-01-02","238.0","238.0","12*13=156","Case","21.181","","360","27.0","Crestline Chicago Inc"
"L280102007","","G04157","Yuanxi Five Spice Chili Sauce 24bags*150g","Seasonings","Chili Sauce","Yuanxi","01-05-2028/0.0","8.0","2028-01-05","15.0","63.0","","Case","24.025","","720","30.0","Crestline Chicago Inc"
"L270602008","","G04157","Yuanxi Five Spice Chili Sauce 24bags*150g","Seasonings","Chili Sauce","Yuanxi","06-02-2027/0.0","7.0","2027-06-02","15.0","63.0","","Case","24.025","","720","30.0","Crestline Chicago Inc"
"2025-11-03","","G04157","Yuanxi Five Spice Chili Sauce 24bags*150g","Seasonings","Chili Sauce","Yuanxi","11-03-2025/0.0","0.0","2025-11-03","15.0","63.0","","Case","24.025","","720","30.0","Crestline Chicago Inc"
"L271102010","","CJ18215","Yuanxi Seafood BBQ Sauce 12bags*70g","Seasonings","BBQ Sauce","Yuanxi","11-23-2027/0.0","81.0","2027-11-23","241.0","241.0","16*7=112","Case","21.621","","540","28.0","Crestline Chicago Inc"
"L270302011","","CJ18215","Yuanxi Seafood BBQ Sauce 12bags*70g","Seasonings","BBQ Sauce","Yuanxi","03-17-2027/0.0","80.0","2027-03-17","241.0","241.0","16*7=112","Case","21.621","","540","28.0","Crestline Chicago Inc"
"L270802012","","CJ18215","Yuanxi Seafood BBQ Sauce 12bags*70g","Seasonings","BBQ Sauce","Yuanxi","08-10-2027/0.0","80.0","2027-08-10","241.0","241.0","16*7=112","Case","21.621","","540","28.0","Crestline Chicago Inc"
"L270202013","","FA27163","TIANJIN Pineapple Dumplings 10bags*100g","Frozen & Chilled Foods","Dumplings","TIANJIN","02-04-2027/0.0","18.0","2027-02-04","18.0","34.0","16*6=96","Case","40.748","","450","55.5","Crestline Chicago Inc"
"2025-12-07","","FA27163","TIANJIN Pineapple Dumplings 10bags*100g","Frozen & Chilled Foods","Dumplings","TIANJIN","12-07-2025/0.0","0.0","2025-12-07","18.0","34.0","16*6=96","Case","40.748","","450","55.5","Crestline Chicago Inc"
"L261102015","","FA98206","TIANJIN Honey Steamed Buns 10bags*400g","Frozen & Chilled Foods","Steamed Buns","TIANJIN","11-20-2026/0.0","17.0","2026-11-20","17.0","17.0","","Case","34.841","Alert Date Reached","540","41.0","Crestline Chicago Inc"
"2025-11-17","","FA98206","TIANJIN Honey Steamed Buns 10bags*400g","Frozen & Chilled Foods","Steamed Buns","TIANJIN","11-17-2025/0.0","0.0","2025-11-17","17.0","17.0","","Case","34.841","","540","41.0","Crestline Chicago Inc"
"2026-02-03","","FA98206","TIANJIN Honey Steamed Buns 10bags*400g","Frozen & Chilled Foods","Steamed Buns","TIANJIN","02-03-2026/0.0","0.0","2026-02-03","17.0","17.0","","Case","34.841","","540","41.0","Crestline Chicago Inc"
"L270802018","","A33118","Chenwei BBQ Milk 12btls*330ml","Beverages","Milk","Chenwei","08-25-2027/0.0","97.0","2027-08-25","97.0","101.0","","Case","12.484","","360","15.0","Crestline Chicago Inc"
"L280102019","","VHK29316","Fengmai Beef Home Cleaning 150ml","Beauty & Health & Home","Home Cleaning","Fengmai","01-27-2028/0.0","24.0","2028-01-27","68.0","68.0","","each","4.75","","1095","6.5","Crestline Chicago Inc"
"L280102020","","VHK29316","Fengmai Beef Home Cleaning 150ml","Beauty & Health & Home","Home Cleaning","Fengmai","01-18-2028/0.0","22.0","2028-01-18","68.0","68.0","","each","4.75","","1095","6.5","Crestline Chicago Inc"
"L290502021","","VHK29316","Fengmai Beef Home Cleaning 150ml","Beauty & Health & Home","Home Cleaning","Fengmai","05-22-2029/0.0","22.0","2029-05-22","68.0","68.0","","each","4.75","","1095","6.5","Crestline Chicago Inc"
"L270302022","","VSC46179","Fengmai Five Spice Skin Care 200ml","Beauty & Health & Home","Skin Care","Fengmai","03-05-2027/0.0","233.0","2027-03-05","465.0","951.0","12*10=120","each","10.053","","1095","12.0","Crestline Chicago Inc"
"L281002023","","VSC46179","Fengmai Five Spice Skin Care 200ml","Beauty & Health & Home","Skin Care","Fengmai","10-09-2028/0.0","232.0","2028-10-09","465.0","951.0","12*10=120","each","10.053","","1095","12.0","Crestline Chicago Inc"
"L270802024","","A75161","LINGGU Vanilla Plant-Based Drinks 24btls*1500ml","Beverages","Plant-Based Drinks","LINGGU","08-06-2027/0.0","168.0","2027-08-06","168.0","168.0","7*6=42","Case","12.979","","360","17.0","Crestline Chicago Inc"
"L280102025","","VFM12196","Tianyue Chocolate Derma Care 100ml","Beauty & Health & Home","Derma Care","Tianyue","01-13-2028/0.0","10.0","2028-01-13","30.0","30.0","12*13=156","each","9.69","","1095","12.5","Crestline Chicago Inc"
"L290402026","","VFM12196","Tianyue Chocolate Derma Care 100ml","Beauty & Health & Home","Derma Care","Tianyue","04-21-2029/0.0","10.0","2029-04-21","30.0","30.0","12*13=156","each","9.69","","1095","12.5","Crestline Chicago Inc"
"L280802027","","VFM12196","Tianyue Chocolate Derma Care 100ml","Beauty & Health & Home","Derma Care","Tianyue","08-12-2028/0.0","10.0","2028-08-12","30.0","30.0","12*13=156","each","9.69","","1095","12.5","Crestline Chicago Inc"
"L280902028","","VHK07144","Tianyue Corn Household Goods 100ml","Beauty & Health & Home","Household Goods","Tianyue","09-21-2028/0.0","14.0","2028-09-21","27.0","27.0","","each","17.213","","1095","20.0","Crestline Chicago Inc"
"L281102029","","VHK07144","Tianyue Corn Household Goods 100ml","Beauty & Health & Home","Household Goods","Tianyue","11-20-2028/0.0","13.0","2028-11-20","27.0","27.0","","each","17.213","","1095","20.0","Crestline Chicago Inc"
"L260202030","","VHK07144","Tianyue Corn Household Goods 100ml","Beauty & Health & Home","Household Goods","Tianyue","02-04-2026/0.0","0.0","2026-02-04","27.0","27.0","","each","17.213","","1095","20.0","Crestline Chicago Inc"
"2026-01-22","","VHK07144","Tianyue Corn Household Goods 100ml","Beauty & Health & Home","Household Goods","Tianyue","01-22-2026/0.0","0.0","2026-01-22","27.0","27.0","","each","17.213","","1095","999.0","Crestline Chicago Inc"
"L270302032","","VHS13391","Tianyue Honey Health & Nutrition Drinks 60ml","Beauty & Health & Home","Health & Nutrition Drinks","Tianyue","03-20-2027/0.0","78.0","2027-03-20","232.0","232.0","6*5=30","each","10.284","","1095","13.0","Crestline Chicago Inc"
"L280402033","","VHS13391","Tianyue Honey Health & Nutrition Drinks 60ml","Beauty & Health & Home","Health & Nutrition Drinks","Tianyue","04-10-2028/0.0","77.0","2028-04-10","232.0","232.0","6*5=30","each","10.284","","1095","13.0","Crestline Chicago Inc"
"L271202034","","VHS13391","Tianyue Honey Health & Nutrition Drinks 60ml","Beauty & Health & Home","Health & Nutrition Drinks","Tianyue","12-18-2027/0.0","77.0","2027-12-18","232.0","232.0","6*5=30","each","10.284","","1095","13.0","Crestline Chicago Inc"
"2026-08-12","","VHS13391","Tianyue Honey Health & Nutrition Drinks 60ml","Beauty & Health & Home","Health & Nutrition Drinks","Tianyue","08-12-2026/0.0","0.0","2026-08-12","232.0","232.0","6*5=30","each","10.284","","1095","13.0","Crestline Chicago Inc"
"2025-08-31","","VHS13391","Tianyue Honey Health & Nutrition Drinks 60ml","Beauty & Health & Home","Health & Nutrition Drinks","Tianyue","08-31-2025/0.0","0.0","2025-08-31","232.0","232.0","6*5=30","each","10.284","","1095","13.0","Crestline Chicago Inc"
"L280902037","","VPC39284","Tianyue Chocolate Oral Care 10bags*400g","Beauty & Health & Home","Oral Care","Tianyue","09-11-2028/0.0","2.0","2028-09-11","3.0","10.0","16*12=192","Case","8.034","","1095","11.5","Crestline Chicago Inc"
"L270902038","","VPC39284","Tianyue Chocolate Oral Care 10bags*400g","Beauty & Health & Home","Oral Care","Tianyue","09-09-2027/0.0","1.0","2027-09-09","3.0","10.0","16*12=192","Case","8.034","","1095","11.5","Crestline Chicago Inc"
"L261202039","","VCA78277","Yuantian Spicy Apparel & Accessories 200ml","Beauty & Health & Home","Apparel & Accessories","Yuantian","12-22-2026/0.0","1245.0","2026-12-22","1245.0","1903.0","15*9=135","each","15.018","","3650","999.0","Crestline Chicago Inc"
"L270102040","","VHK06249","Yuantian Sea Salt Household Goods 150ml","Beauty & Health & Home","Household Goods","Yuantian","01-17-2027/0.0","64.0","2027-01-17","64.0","64.0","10*14=140","each","4.415","","1095","5.5","Crestline Chicago Inc"
"L290702041","","VBB85169","Yuantian Corn Mother & Bady 24bags*1000g","Beauty & Health & Home","Mother & Bady","Yuantian","07-25-2029/0.0","34.0","2029-07-25","100.0","197.0","5*7=35","Case","12.462","","1095","16.5","Crestline Chicago Inc"
"L270202042","","VBB85169","Yuantian Corn Mother & Bady 24bags*1000g","Beauty & Health & Home","Mother & Bady","Yuantian","02-04-2027/0.0","33.0","2027-02-04","100.0","197.0","5*7=35","Case","12.462","","1095","16.5","Crestline Chicago Inc"
"L290702043","","VBB85169","Yuantian Corn Mother & Bady 24bags*1000g","Beauty & Health & Home","Mother & Bady","Yuantian","07-18-2029/0.0","33.0","2029-07-18","100.0","197.0","5*7=35","Case","12.462","","1095","16.5","Crestline Chicago Inc"
"L261002044","","VCA83276","Yuantian Pickled Vegetable Fashion Jewelry 400ml","Beauty & Health & Home","Fashion Jewelry","Yuantian","10-22-2026/0.0","553.0","2026-10-22","553.0","971.0","15*14=210","each","7.265","Alert Date Reached","3650","10.5","Crestline Chicago Inc"
"L260202045","","VCA83276","Yuantian Pickled Vegetable Fashion Jewelry 400ml","Beauty & Health & Home","Fashion Jewelry","Yuantian","02-14-2026/0.0","0.0","2026-02-14","553.0","971.0","15*14=210","each","7.265","","3650","10.5","Crestline Chicago Inc"
"L290502046","","VFM27131","XIANZHU Honey Derma Care 100ml","Beauty & Health & Home","Derma Care","XIANZHU","05-27-2029/0.0","146.0","2029-05-27","292.0","292.0","","each","3.101","","1095","3.5","Crestline Chicago Inc"
"L281002047","","VFM27131","XIANZHU Honey Derma Care 100ml","Beauty & Health & Home","Derma Care","XIANZHU","10-19-2028/0.0","146.0","2028-10-19","292.0","292.0","","each","3.101","","1095","3.5","Crestline Chicago Inc"
"L260702048","","H05147","YOULING Honey Pickled Products 8bags*200g","Dried Vegetables","Pickled Products","YOULING","07-15-2026/0.0","0.0","2026-07-15","0.0","13.0","15*12=180","Case","54.512","","540","63.0","Crestline Chicago Inc"
"L270502049","","L19106","YOULING Mango Jujube 24bags*200g","Dried Vegetables","Jujube","YOULING","05-18-2027/0.0","0.0","2027-05-18","0.0","1.0","9*14=126","Case","46.911","","360","61.5","Crestline Chicago Inc"
"L261102050","","L19106","YOULING Mango Jujube 24bags*200g","Dried Vegetables","Jujube","YOULING","11-22-2026/0.0","0.0","2026-11-22","0.0","1.0","9*14=126","Case","46.911","","360","61.5","Crestline Chicago Inc"
"L261002051","","L19106","YOULING Mango Jujube 24bags*200g","Dried Vegetables","Jujube","YOULING","10-23-2026/0.0","0.0","2026-10-23","0.0","1.0","9*14=126","Case","46.911","","360","61.5","Crestline Chicago Inc"
"L270202052","","R07146","Yuncheng Lemon Fruit 10bags*1000g","Fruit & Vegetables","Fruit","Yuncheng","02-02-2027/0.0","59.0","2027-02-02","117.0","117.0","15*5=75","Case","13.142","","360","16.0","Crestline Chicago Inc"
"L270802053","","R07146","Yuncheng Lemon Fruit 10bags*1000g","Fruit & Vegetables","Fruit","Yuncheng","08-19-2027/0.0","58.0","2027-08-19","117.0","117.0","15*5=75","Case","13.142","","360","16.0","Crestline Chicago Inc"
"L271202054","","G79195","Yuewei Lychee Oyster Sauce 6bags*70g","Seasonings","Oyster Sauce","Yuewei","12-02-2027/0.0","387.0","2027-12-02","774.0","1209.0","8*8=64","Case","16.073","","540","22.0","Crestline Chicago Inc"
"L270102055","","G79195","Yuewei Lychee Oyster Sauce 6bags*70g","Seasonings","Oyster Sauce","Yuewei","01-15-2027/0.0","387.0","2027-01-15","774.0","1209.0","8*8=64","Case","16.073","","540","22.0","Crestline Chicago Inc"
"L270102056","","R15138","Maiqing Pineapple Vegetables 12bags*100g","Fruit & Vegetables","Vegetables","Maiqing","01-12-2027/0.0","133.0","2027-01-12","265.0","265.0","13*8=104","Case","14.47","","60","19.0","Crestline Chicago Inc"
"L270102057","","R15138","Maiqing Pineapple Vegetables 12bags*100g","Fruit & Vegetables","Vegetables","Maiqing","01-20-2027/0.0","132.0","2027-01-20","265.0","265.0","13*8=104","Case","14.47","","60","19.0","Crestline Chicago Inc"
"L270702058","","R80133","Maiqing Seafood Fruit 8bags*500g","Fruit & Vegetables","Fruit","Maiqing","07-30-2027/0.0","4.0","2027-07-30","8.0","8.0","10*7=70","Case","40.004","","360","54.5","Crestline Chicago Inc"
"L270202059","","R80133","Maiqing Seafood Fruit 8bags*500g","Fruit & Vegetables","Fruit","Maiqing","02-07-2027/0.0","2.0","2027-02-07","8.0","8.0","10*7=70","Case","40.004","","360","54.5","Crestline Chicago Inc"
"L270802060","","R80133","Maiqing Seafood Fruit 8bags*500g","Fruit & Vegetables","Fruit","Maiqing","08-07-2027/0.0","2.0","2027-08-07","8.0","8.0","10*7=70","Case","40.004","","360","54.5","Crestline Chicago Inc"
"L260302061","","R80133","Maiqing Seafood Fruit 8bags*500g","Fruit & Vegetables","Fruit","Maiqing","03-05-2026/0.0","0.0","2026-03-05","8.0","8.0","10*7=70","Case","40.004","","360","54.5","Crestline Chicago Inc"
"L260802062","","R80133","Maiqing Seafood Fruit 8bags*500g","Fruit & Vegetables","Fruit","Maiqing","08-20-2026/0.0","0.0","2026-08-20","8.0","8.0","10*7=70","Case","40.004","","360","54.5","Crestline Chicago Inc"
"L261202063","","R37133","Maiqing Lemon Vegetables 6bags*1000g","Fruit & Vegetables","Vegetables","Maiqing","12-30-2026/0.0","4.0","2026-12-30","10.0","43.0","6*5=30","Case","17.686","","60","26.5","Crestline Chicago Inc"
"L270102064","","R37133","Maiqing Lemon Vegetables 6bags*1000g","Fruit & Vegetables","Vegetables","Maiqing","01-15-2027/0.0","3.0","2027-01-15","10.0","43.0","6*5=30","Case","17.686","","60","26.5","Crestline Chicago Inc"
"L261202065","","R37133","Maiqing Lemon Vegetables 6bags*1000g","Fruit & Vegetables","Vegetables","Maiqing","12-29-2026/0.0","3.0","2026-12-29","10.0","43.0","6*5=30","Case","17.686","","60","26.5","Crestline Chicago Inc"
"L280202066","","VHK30297","BAOCHUAN Red Bean Home Cleaning 500ml","Beauty & Health & Home","Home Cleaning","BAOCHUAN","02-14-2028/0.0","4.0","2028-02-14","8.0","16.0","9*13=117","each","9.996","","1095","13.5","Crestline Chicago Inc"
"L270502067","","VHK30297","BAOCHUAN Red Bean Home Cleaning 500ml","Beauty & Health & Home","Home Cleaning","BAOCHUAN","05-04-2027/0.0","4.0","2027-05-04","8.0","16.0","9*13=117","each","9.996","","1095","13.5","Crestline Chicago Inc"
"L260602068","","VHK30297","BAOCHUAN Red Bean Home Cleaning 500ml","Beauty & Health & Home","Home Cleaning","BAOCHUAN","06-03-2026/0.0","0.0","2026-06-03","8.0","16.0","9*13=117","each","9.996","","1095","13.5","Crestline Chicago Inc"
"L261002069","","VHB71327","BAOCHUAN Mango Hair Care 60ml","Beauty & Health & Home","Hair Care","BAOCHUAN","10-12-2026/0.0","5.0","2026-10-12","5.0","8.0","17*5=85","each","3.757","Alert Date Reached","1095","5.5","Crestline Chicago Inc"
"L271102070","","VPC62164","BAOCHUAN Lychee Personal Care 60ml","Beauty & Health & Home","Personal Care","BAOCHUAN","11-14-2027/0.0","97.0","2027-11-14","193.0","212.0","16*11=176","each","3.459","","1095","5.0","Crestline Chicago Inc"
"L270802071","","VPC62164","BAOCHUAN Lychee Personal Care 60ml","Beauty & Health & Home","Personal Care","BAOCHUAN","08-20-2027/0.0","96.0","2027-08-20","193.0","212.0","16*11=176","each","3.459","","1095","5.0","Crestline Chicago Inc"
"L261202072","","A52240","Songzhu Grape Sparkling Water 20btls*330ml","Beverages","Sparkling Water","Songzhu","12-22-2026/0.0","48.0","2026-12-22","48.0","48.0","","Case","16.685","","360","22.5","Crestline Chicago Inc"
"L260402073","","A52240","Songzhu Grape Sparkling Water 20btls*330ml","Beverages","Sparkling Water","Songzhu","04-13-2026/0.0","0.0","2026-04-13","48.0","48.0","","Case","16.685","","360","22.5","Crestline Chicago Inc"
"L260202074","","A52240","Songzhu Grape Sparkling Water 20btls*330ml","Beverages","Sparkling Water","Songzhu","02-02-2026/0.0","0.0","2026-02-02","48.0","48.0","","Case","16.685","","360","22.5","Crestline Chicago Inc"
"L260602075","","VBB20311","Wanyuan Tomato Baby Products 150ml","Beauty & Health & Home","Baby Products","Wanyuan","06-03-2026/0.0","101.0","2026-06-03","202.0","344.0","","each","16.055","Alert Date Reached","1095","22.0","Crestline Chicago Inc"
"L281002076","","VBB20311","Wanyuan Tomato Baby Products 150ml","Beauty & Health & Home","Baby Products","Wanyuan","10-06-2028/0.0","101.0","2028-10-06","202.0","344.0","","each","16.055","","1095","22.0","Crestline Chicago Inc"
"2026-05-25","","VBB20311","Wanyuan Tomato Baby Products 150ml","Beauty & Health & Home","Baby Products","Wanyuan","05-25-2026/0.0","0.0","2026-05-25","202.0","344.0","","each","16.055","","1095","22.0","Crestline Chicago Inc"
"2026-05-12","","VBB20311","Wanyuan Tomato Baby Products 150ml","Beauty & Health & Home","Baby Products","Wanyuan","05-12-2026/0.0","0.0","2026-05-12","202.0","344.0","","each","16.055","","1095","22.0","Crestline Chicago Inc"
"L270502079","","E33313","MEIJIN Osmanthus Black Pepper 6bags*1000g","Seasonings","Black Pepper","MEIJIN","05-08-2027/0.0","8.0","2027-05-08","15.0","15.0","","Case","38.466","","1000","45.5","Crestline Chicago Inc"
"L281202080","","E33313","MEIJIN Osmanthus Black Pepper 6bags*1000g","Seasonings","Black Pepper","MEIJIN","12-24-2028/0.0","7.0","2028-12-24","15.0","15.0","","Case","38.466","","1000","45.5","Crestline Chicago Inc"
"2025-10-16","","E33313","MEIJIN Osmanthus Black Pepper 6bags*1000g","Seasonings","Black Pepper","MEIJIN","10-16-2025/0.0","0.0","2025-10-16","15.0","15.0","","Case","38.466","","1000","45.5","Crestline Chicago Inc"
"2025-12-08","","E33313","MEIJIN Osmanthus Black Pepper 6bags*1000g","Seasonings","Black Pepper","MEIJIN","12-08-2025/0.0","0.0","2025-12-08","15.0","15.0","","Case","38.466","","1000","45.5","Crestline Chicago Inc"
"L271002083","","VBB87171","Youle Milk Baby Products 500ml","Beauty & Health & Home","Baby Products","Youle","10-28-2027/0.0","10.0","2027-10-28","10.0","10.0","10*5=50","each","17.461","","1095","20.5","Crestline Chicago Inc"
"L280602084","","VHB80201","Youle Honey Bath & Body Care 250ml","Beauty & Health & Home","Bath & Body Care","Youle","06-07-2028/0.0","141.0","2028-06-07","419.0","419.0","","each","9.397","","1095","10.5","Crestline Chicago Inc"
"L280502085","","VHB80201","Youle Honey Bath & Body Care 250ml","Beauty & Health & Home","Bath & Body Care","Youle","05-03-2028/0.0","139.0","2028-05-03","419.0","419.0","","each","9.397","","1095","10.5","Crestline Chicago Inc"
"L271002086","","VHB80201","Youle Honey Bath & Body Care 250ml","Beauty & Health & Home","Bath & Body Care","Youle","10-31-2027/0.0","139.0","2027-10-31","419.0","419.0","","each","9.397","","1095","10.5","Crestline Chicago Inc"
"L260202087","","VHB80201","Youle Honey Bath & Body Care 250ml","Beauty & Health & Home","Bath & Body Care","Youle","02-22-2026/0.0","0.0","2026-02-22","419.0","419.0","","each","9.397","","1095","10.5","Crestline Chicago Inc"
"L280402088","","G71266","ZHUYUN Pineapple Syrup 8bags*70g","Honey & Jam","Syrup","ZHUYUN","04-05-2028/0.0","1.0","2028-04-05","1.0","4.0","13*5=65","Case","25.79","","720","29.5","Crestline Chicago Inc"
"L260202089","","G71266","ZHUYUN Pineapple Syrup 8bags*70g","Honey & Jam","Syrup","ZHUYUN","02-19-2026/0.0","0.0","2026-02-19","1.0","4.0","13*5=65","Case","25.79","","720","29.5","Crestline Chicago Inc"
"L270302090","","E72299","ZHUYUN Beef White Sugar 24bags*100g","Honey & Jam","White Sugar","ZHUYUN","03-23-2027/0.0","2.0","2027-03-23","2.0","5.0","18*10=180","Case","16.651","","1080","20.5","Crestline Chicago Inc"
"L260302091","","E72299","ZHUYUN Beef White Sugar 24bags*100g","Honey & Jam","White Sugar","ZHUYUN","03-12-2026/0.0","0.0","2026-03-12","2.0","5.0","18*10=180","Case","16.651","","1080","20.5","Crestline Chicago Inc"
"L270502092","","G73228","ZHUYUN Strawberry Jam 8bags*150g","Honey & Jam","Jam","ZHUYUN","05-26-2027/0.0","12.0","2027-05-26","24.0","56.0","11*12=132","Case","21.977","","360","24.5","Crestline Chicago Inc"
"L260502093","","G73228","ZHUYUN Strawberry Jam 8bags*150g","Honey & Jam","Jam","ZHUYUN","05-11-2026/0.0","12.0","2026-05-11","24.0","56.0","11*12=132","Case","21.977","Alert Date Reached","360","24.5","Crestline Chicago Inc"
"L271102094","","G97245","Yuanxiang Original Sauces 20bags*70g","Seasonings","Sauces","Yuanxiang","11-10-2027/0.0","4.0","2027-11-10","8.0","8.0","17*9=153","Case","21.032","","540","28.5","Crestline Chicago Inc"
"L271002095","","G97245","Yuanxiang Original Sauces 20bags*70g","Seasonings","Sauces","Yuanxiang","10-02-2027/0.0","4.0","2027-10-02","8.0","8.0","17*9=153","Case","21.032","","540","28.5","Crestline Chicago Inc"
"2025-12-09","","G97245","Yuanxiang Original Sauces 20bags*70g","Seasonings","Sauces","Yuanxiang","12-09-2025/0.0","0.0","2025-12-09","8.0","8.0","17*9=153","Case","21.032","","540","28.5","Crestline Chicago Inc"
"L251002097","","G97245","Yuanxiang Original Sauces 20bags*70g","Seasonings","Sauces","Yuanxiang","10-05-2025/0.0","0.0","2025-10-05","8.0","8.0","17*9=153","Case","21.032","","540","28.5","Crestline Chicago Inc"
"L271102098","","C99216","CHENBAO Oolong Drink Powder/Blocks 10bags*200g","Instant Drinks","Drink Powder/Blocks","CHENBAO","11-02-2027/0.0","48.0","2027-11-02","48.0","48.0","7*8=56","Case","27.866","","720","33.0","Crestline Chicago Inc"
"2025-12-11","","C99216","CHENBAO Oolong Drink Powder/Blocks 10bags*200g","Instant Drinks","Drink Powder/Blocks","CHENBAO","12-11-2025/0.0","0.0","2025-12-11","48.0","48.0","7*8=56","Case","27.866","","720","33.0","Crestline Chicago Inc"
"2025-09-15","","C99216","CHENBAO Oolong Drink Powder/Blocks 10bags*200g","Instant Drinks","Drink Powder/Blocks","CHENBAO","09-15-2025/0.0","0.0","2025-09-15","48.0","48.0","7*8=56","Case","27.866","","720","33.0","Crestline Chicago Inc"
"L270402101","","G69350","ANZHU Original Oyster Sauce 10bags*100g","Seasonings","Oyster Sauce","ANZHU","04-01-2027/0.0","304.0","2027-04-01","608.0","618.0","9*13=117","Case","32.985","","540","999.0","Crestline Chicago Inc"
"L270202102","","G69350","ANZHU Original Oyster Sauce 10bags*100g","Seasonings","Oyster Sauce","ANZHU","02-20-2027/0.0","304.0","2027-02-20","608.0","618.0","9*13=117","Case","32.985","","540","45.5","Crestline Chicago Inc"
"2025-09-19","","G69350","ANZHU Original Oyster Sauce 10bags*100g","Seasonings","Oyster Sauce","ANZHU","09-19-2025/0.0","0.0","2025-09-19","608.0","618.0","9*13=117","Case","32.985","","540","45.5","Crestline Chicago Inc"
"2025-11-01","","G69350","ANZHU Original Oyster Sauce 10bags*100g","Seasonings","Oyster Sauce","ANZHU","11-01-2025/0.0","0.0","2025-11-01","608.0","618.0","9*13=117","Case","32.985","","540","45.5","Crestline Chicago Inc"
"L270802105","","G44345","ANZHU Strawberry Dipping Sauce 24bags*70g","Seasonings","Dipping Sauce","ANZHU","08-19-2027/0.0","5.0","2027-08-19","11.0","12.0","","Case","13.718","","360","20.0","Crestline Chicago Inc"
"L270302106","","G44345","ANZHU Strawberry Dipping Sauce 24bags*70g","Seasonings","Dipping Sauce","ANZHU","03-03-2027/0.0","3.0","2027-03-03","11.0","12.0","","Case","13.718","","360","20.0","Crestline Chicago Inc"
"L270102107","","G44345","ANZHU Strawberry Dipping Sauce 24bags*70g","Seasonings","Dipping Sauce","ANZHU","01-08-2027/0.0","3.0","2027-01-08","11.0","12.0","","Case","13.718","","360","20.0","Crestline Chicago Inc"
"L260202108","","G44345","ANZHU Strawberry Dipping Sauce 24bags*70g","Seasonings","Dipping Sauce","ANZHU","02-02-2026/0.0","0.0","2026-02-02","11.0","12.0","","Case","13.718","","360","20.0","Crestline Chicago Inc"
"L280602109","","G65293","ANZHU Chocolate Chili Sauce 24bags*500g","Seasonings","Chili Sauce","ANZHU","06-20-2028/0.0","57.0","2028-06-20","57.0","63.0","17*14=238","Case","44.0","","720","999.0","Crestline Chicago Inc"
"L270702110","","E52272","ANZHU Jujube Chili Seasonings 10bags*200g","Seasonings","Chili Seasonings","ANZHU","07-11-2027/0.0","323.0","2027-07-11","969.0","969.0","11*14=154","Case","25.304","","1080","29.0","Crestline Chicago Inc"
"L270302111","","E52272","ANZHU Jujube Chili Seasonings 10bags*200g","Seasonings","Chili Seasonings","ANZHU","03-29-2027/0.0","323.0","2027-03-29","969.0","969.0","11*14=154","Case","25.304","","1080","29.0","Crestline Chicago Inc"
"L280802112","","E52272","ANZHU Jujube Chili Seasonings 10bags*200g","Seasonings","Chili Seasonings","ANZHU","08-24-2028/0.0","323.0","2028-08-24","969.0","969.0","11*14=154","Case","25.304","","1080","29.0","Crestline Chicago Inc"
"L260702113","","E52272","ANZHU Jujube Chili Seasonings 10bags*200g","Seasonings","Chili Seasonings","ANZHU","07-30-2026/0.0","0.0","2026-07-30","969.0","969.0","11*14=154","Case","25.304","","1080","29.0","Crestline Chicago Inc"
"L280202114","","E66311","Shunling Grape Chili Seasonings 30bags*1000g","Seasonings","Chili Seasonings","Shunling","02-28-2028/0.0","0.0","2028-02-28","0.0","3.0","","Case","23.087","","1080","26.0","Crestline Chicago Inc"
"L290602115","","E66311","Shunling Grape Chili Seasonings 30bags*1000g","Seasonings","Chili Seasonings","Shunling","06-02-2029/0.0","0.0","2029-06-02","0.0","3.0","","Case","23.087","","1080","26.0","Crestline Chicago Inc"
"L251102116","","E66311","Shunling Grape Chili Seasonings 30bags*1000g","Seasonings","Chili Seasonings","Shunling","11-14-2025/0.0","0.0","2025-11-14","0.0","3.0","","Case","23.087","","1080","26.0","Crestline Chicago Inc"
"2026-02-01","","E66311","Shunling Grape Chili Seasonings 30bags*1000g","Seasonings","Chili Seasonings","Shunling","02-01-2026/0.0","0.0","2026-02-01","0.0","3.0","","Case","23.087","","1080","26.0","Crestline Chicago Inc"
"L270502118","","G98339","Shunling Coconut Sesame Paste 10bags*1000g","Seasonings","Sesame Paste","Shunling","05-07-2027/0.0","1.0","2027-05-07","1.0","5.0","5*5=25","Case","35.116","","360","52.0","Crestline Chicago Inc"
"L251102119","","G98339","Shunling Coconut Sesame Paste 10bags*1000g","Seasonings","Sesame Paste","Shunling","11-28-2025/0.0","0.0","2025-11-28","1.0","5.0","5*5=25","Case","35.116","","360","52.0","Crestline Chicago Inc"
"L270502120","","I10356","Tianxian Matcha Peanut Oil 8bags*400g","Cooking Oil","Peanut Oil","Tianxian","05-13-2027/0.0","2.0","2027-05-13","4.0","4.0","6*8=48","Case","14.176","","540","20.0","Crestline Chicago Inc"
"L270402121","","I10356","Tianxian Matcha Peanut Oil 8bags*400g","Cooking Oil","Peanut Oil","Tianxian","04-04-2027/0.0","2.0","2027-04-04","4.0","4.0","6*8=48","Case","14.176","","540","20.0","Crestline Chicago Inc"
"2025-10-16","","I10356","Tianxian Matcha Peanut Oil 8bags*400g","Cooking Oil","Peanut Oil","Tianxian","10-16-2025/0.0","0.0","2025-10-16","4.0","4.0","6*8=48","Case","14.176","","540","999.0","Crestline Chicago Inc"
"L260302123","","I10356","Tianxian Matcha Peanut Oil 8bags*400g","Cooking Oil","Peanut Oil","Tianxian","03-03-2026/0.0","0.0","2026-03-03","4.0","4.0","6*8=48","Case","14.176","","540","20.0","Crestline Chicago Inc"
"L261102124","","VHS74316","Qiaohe Pickled Vegetable Health & Nutrition Drinks 500ml","Beauty & Health & Home","Health & Nutrition Drinks","Qiaohe","11-16-2026/0.0","82.0","2026-11-16","164.0","182.0","16*13=208","each","15.603","Alert Date Reached","1095","18.0","Crestline Chicago Inc"
"L271202125","","VHS74316","Qiaohe Pickled Vegetable Health & Nutrition Drinks 500ml","Beauty & Health & Home","Health & Nutrition Drinks","Qiaohe","12-13-2027/0.0","82.0","2027-12-13","164.0","182.0","16*13=208","each","15.603","","1095","999.0","Crestline Chicago Inc"
"L290402126","","VPC03266","Qiaohe Pickled Vegetable Personal Care 24bags*100g","Beauty & Health & Home","Personal Care","Qiaohe","04-08-2029/0.0","157.0","2029-04-08","157.0","165.0","18*7=126","Case","15.321","","1095","23.0","Crestline Chicago Inc"
"L270502127","","B36263","Lingyou Beef Biscuits & Pastries&Cakes 8bags*100g","Candy & Snacks","Biscuits & Pastries&Cakes","Lingyou","05-28-2027/0.0","97.0","2027-05-28","193.0","195.0","","Case","32.507","","360","999.0","Crestline Chicago Inc"
"L270602128","","B36263","Lingyou Beef Biscuits & Pastries&Cakes 8bags*100g","Candy & Snacks","Biscuits & Pastries&Cakes","Lingyou","06-24-2027/0.0","96.0","2027-06-24","193.0","195.0","","Case","32.507","","360","38.5","Crestline Chicago Inc"
"2026-02-11","","B36263","Lingyou Beef Biscuits & Pastries&Cakes 8bags*100g","Candy & Snacks","Biscuits & Pastries&Cakes","Lingyou","02-11-2026/0.0","0.0","2026-02-11","193.0","195.0","","Case","32.507","","360","38.5","Crestline Chicago Inc"
"2026-07-15","","B36263","Lingyou Beef Biscuits & Pastries&Cakes 8bags*100g","Candy & Snacks","Biscuits & Pastries&Cakes","Lingyou","07-15-2026/0.0","0.0","2026-07-15","193.0","195.0","","Case","32.507","","360","38.5","Crestline Chicago Inc"
"L270302131","","M95183","Lingyou Honey Mooncakes 24bags*400g","Candy & Snacks","Mooncakes","Lingyou","03-07-2027/0.0","5.0","2027-03-07","11.0","20.0","","Case","32.64","","180","999.0","Crestline Chicago Inc"
"L270202132","","M95183","Lingyou Honey Mooncakes 24bags*400g","Candy & Snacks","Mooncakes","Lingyou","02-21-2027/0.0","3.0","2027-02-21","11.0","20.0","","Case","32.64","","180","46.0","Crestline Chicago Inc"
"L261202133","","M95183","Lingyou Honey Mooncakes 24bags*400g","Candy & Snacks","Mooncakes","Lingyou","12-27-2026/0.0","3.0","2026-12-27","11.0","20.0","","Case","32.64","","180","46.0","Crestline Chicago Inc"
"2025-12-20","","M95183","Lingyou Honey Mooncakes 24bags*400g","Candy & Snacks","Mooncakes","Lingyou","12-20-2025/0.0","0.0","2025-12-20","11.0","20.0","","Case","32.64","","180","46.0","Crestline Chicago Inc"
"L280102135","","I42240","Xisong Honey Peanut Oil 10bags*400g","Cooking Oil","Peanut Oil","Xisong","01-07-2028/0.0","1.0","2028-01-07","1.0","1.0","5*12=60","Case","12.251","","540","15.5","Crestline Chicago Inc"
"L270902136","","I40137","Xisong Seafood Sichuan Pepper Oil 6bags*200g","Cooking Oil","Sichuan Pepper Oil","Xisong","09-02-2027/0.0","8.0","2027-09-02","20.0","20.0","17*9=153","Case","23.504","","540","27.5","Crestline Chicago Inc"
"L261202137","","I40137","Xisong Seafood Sichuan Pepper Oil 6bags*200g","Cooking Oil","Sichuan Pepper Oil","Xisong","12-07-2026/0.0","6.0","2026-12-07","20.0","20.0","17*9=153","Case","23.504","","540","27.5","Crestline Chicago Inc"
"L270302138","","I40137","Xisong Seafood Sichuan Pepper Oil 6bags*200g","Cooking Oil","Sichuan Pepper Oil","Xisong","03-07-2027/0.0","6.0","2027-03-07","20.0","20.0","17*9=153","Case","23.504","","540","27.5","Crestline Chicago Inc"
"L260702139","","I40137","Xisong Seafood Sichuan Pepper Oil 6bags*200g","Cooking Oil","Sichuan Pepper Oil","Xisong","07-27-2026/0.0","0.0","2026-07-27","20.0","20.0","17*9=153","Case","23.504","","540","27.5","Crestline Chicago Inc"
"L260202140","","I40137","Xisong Seafood Sichuan Pepper Oil 6bags*200g","Cooking Oil","Sichuan Pepper Oil","Xisong","02-16-2026/0.0","0.0","2026-02-16","20.0","20.0","17*9=153","Case","23.504","","540","27.5","Crestline Chicago Inc"
"L270602141","","I05237","Xisong Pineapple Sichuan Pepper Oil 30bags*70g","Cooking Oil","Sichuan Pepper Oil","Xisong","06-21-2027/0.0","7.0","2027-06-21","13.0","13.0","13*8=104","Case","26.953","","540","34.0","Crestline Chicago Inc"
"L271102142","","I05237","Xisong Pineapple Sichuan Pepper Oil 30bags*70g","Cooking Oil","Sichuan Pepper Oil","Xisong","11-14-2027/0.0","6.0","2027-11-14","13.0","13.0","13*8=104","Case","26.953","","540","34.0","Crestline Chicago Inc"
"L270502143","","VHB13133","CHUANBAO Spicy Hand & Body Care 100ml","Beauty & Health & Home","Hand & Body Care","CHUANBAO","05-14-2027/0.0","29.0","2027-05-14","57.0","57.0","9*9=81","each","3.563","","1095","5.0","Crestline Chicago Inc"
"L270202144","","VHB13133","CHUANBAO Spicy Hand & Body Care 100ml","Beauty & Health & Home","Hand & Body Care","CHUANBAO","02-22-2027/0.0","28.0","2027-02-22","57.0","57.0","9*9=81","each","3.563","","1095","5.0","Crestline Chicago Inc"
"2026-04-11","","VHB13133","CHUANBAO Spicy Hand & Body Care 100ml","Beauty & Health & Home","Hand & Body Care","CHUANBAO","04-11-2026/0.0","0.0","2026-04-11","57.0","57.0","9*9=81","each","3.563","","1095","5.0","Crestline Chicago Inc"
"2026-03-20","","VHB13133","CHUANBAO Spicy Hand & Body Care 100ml","Beauty & Health & Home","Hand & Body Care","CHUANBAO","03-20-2026/0.0","0.0","2026-03-20","57.0","57.0","9*9=81","each","3.563","","1095","5.0","Crestline Chicago Inc"
"L270902147","","VHK93396","CHUANBAO Pickled Vegetable Home Cleaning 250ml","Beauty & Health & Home","Home Cleaning","CHUANBAO","09-05-2027/0.0","27.0","2027-09-05","77.0","85.0","14*11=154","each","18.5","","1095","22.0","Crestline Chicago Inc"
"L271102148","","VHK93396","CHUANBAO Pickled Vegetable Home Cleaning 250ml","Beauty & Health & Home","Home Cleaning","CHUANBAO","11-20-2027/0.0","25.0","2027-11-20","77.0","85.0","14*11=154","each","18.5","","1095","22.0","Crestline Chicago Inc"
"L271102149","","VHK93396","CHUANBAO Pickled Vegetable Home Cleaning 250ml","Beauty & Health & Home","Home Cleaning","CHUANBAO","11-20-2027/0.0","25.0","2027-11-20","77.0","85.0","14*11=154","each","18.5","","1095","22.0","Crestline Chicago Inc"
"L261102150","","G50228","XIANGYOU Red Bean Cooking Wine 20bags*100g","Seasonings","Cooking Wine","XIANGYOU","11-05-2026/0.0","180.0","2026-11-05","180.0","191.0","18*13=234","Case","38.655","Alert Date Reached","540","44.0","Crestline Chicago Inc"
"L250902151","","G50228","XIANGYOU Red Bean Cooking Wine 20bags*100g","Seasonings","Cooking Wine","XIANGYOU","09-14-2025/0.0","0.0","2025-09-14","180.0","191.0","18*13=234","Case","38.655","","540","44.0","Crestline Chicago Inc"
"2026-04-24","","G50228","XIANGYOU Red Bean Cooking Wine 20bags*100g","Seasonings","Cooking Wine","XIANGYOU","04-24-2026/0.0","0.0","2026-04-24","180.0","191.0","18*13=234","Case","38.655","","540","44.0","Crestline Chicago Inc"
"L270202153","","Z61305","Shunfeng Seafood Detergent 30bags*400g","Kitchenware","Detergent","Shunfeng","02-24-2027/0.0","2.0","2027-02-24","3.0","6.0","14*10=140","Case","39.65","","360","46.0","Crestline Chicago Inc"
"L261102154","","Z61305","Shunfeng Seafood Detergent 30bags*400g","Kitchenware","Detergent","Shunfeng","11-15-2026/0.0","1.0","2026-11-15","3.0","6.0","14*10=140","Case","39.65","Alert Date Reached","360","46.0","Crestline Chicago Inc"
"L270102155","","Z85396","Shunfeng Tomato Detergent 10bags*100g","Kitchenware","Detergent","Shunfeng","01-18-2027/0.0","13.0","2027-01-18","26.0","26.0","8*12=96","Case","13.836","","360","16.0","Crestline Chicago Inc"
"L270702156","","Z85396","Shunfeng Tomato Detergent 10bags*100g","Kitchenware","Detergent","Shunfeng","07-21-2027/0.0","13.0","2027-07-21","26.0","26.0","8*12=96","Case","13.836","","360","16.0","Crestline Chicago Inc"
"2026-06-25","","Z85396","Shunfeng Tomato Detergent 10bags*100g","Kitchenware","Detergent","Shunfeng","06-25-2026/0.0","0.0","2026-06-25","26.0","26.0","8*12=96","Case","13.836","","360","16.0","Crestline Chicago Inc"
"L260102158","","Z85396","Shunfeng Tomato Detergent 10bags*100g","Kitchenware","Detergent","Shunfeng","01-18-2026/0.0","0.0","2026-01-18","26.0","26.0","8*12=96","Case","13.836","","360","16.0","Crestline Chicago Inc"
"L270802159","","VPC01203","JINXI Sea Salt Eye Care 200ml","Beauty & Health & Home","Eye Care","JINXI","08-28-2027/0.0","26.0","2027-08-28","78.0","78.0","6*5=30","each","17.874","","1095","25.5","Crestline Chicago Inc"
"L261102160","","VPC01203","JINXI Sea Salt Eye Care 200ml","Beauty & Health & Home","Eye Care","JINXI","11-06-2026/0.0","26.0","2026-11-06","78.0","78.0","6*5=30","each","17.874","Alert Date Reached","1095","25.5","Crestline Chicago Inc"
"L290102161","","VPC01203","JINXI Sea Salt Eye Care 200ml","Beauty & Health & Home","Eye Care","JINXI","01-05-2029/0.0","26.0","2029-01-05","78.0","78.0","6*5=30","each","17.874","","1095","25.5","Crestline Chicago Inc"
"L261102162","","A48176","Tianxi Garlic Ready-to-Drink Coffee 20btls*1500ml","Beverages","Ready-to-Drink Coffee","Tianxi","11-18-2026/0.0","3.0","2026-11-18","6.0","9.0","","Case","11.005","Alert Date Reached","540","14.5","Crestline Chicago Inc"
"L270202163","","A48176","Tianxi Garlic Ready-to-Drink Coffee 20btls*1500ml","Beverages","Ready-to-Drink Coffee","Tianxi","02-13-2027/0.0","3.0","2027-02-13","6.0","9.0","","Case","11.005","","540","14.5","Crestline Chicago Inc"
"L270102164","","A72257","Tianxi Coconut Juice 20btls*330ml","Beverages","Juice","Tianxi","01-10-2027/0.0","0.0","2027-01-10","0.0","0.0","","Case","20.332","","360","28.5","Crestline Chicago Inc"
"L270302165","","A72257","Tianxi Coconut Juice 20btls*330ml","Beverages","Juice","Tianxi","03-09-2027/0.0","0.0","2027-03-09","0.0","0.0","","Case","20.332","","360","28.5","Crestline Chicago Inc"
"2026-07-12","","A72257","Tianxi Coconut Juice 20btls*330ml","Beverages","Juice","Tianxi","07-12-2026/0.0","0.0","2026-07-12","0.0","0.0","","Case","20.332","","360","28.5","Crestline Chicago Inc"
"L270102167","","A51215","Tianxi Peach Milk 12btls*1500ml","Beverages","Milk","Tianxi","01-12-2027/0.0","1.0","2027-01-12","1.0","2.0","9*14=126","Case","28.116","","360","31.5","Crestline Chicago Inc"
"L261102168","","A51215","Tianxi Peach Milk 12btls*1500ml","Beverages","Milk","Tianxi","11-19-2026/0.0","0.0","2026-11-19","1.0","2.0","9*14=126","Case","28.116","","360","31.5","Crestline Chicago Inc"
"L270702169","","A79170","Tianxi Chocolate Electrolyte Drinks 15btls*330ml","Beverages","Electrolyte Drinks","Tianxi","07-27-2027/0.0","5.0","2027-07-27","9.0","17.0","10*6=60","Case","15.473","","360","21.0","Crestline Chicago Inc"
"L270202170","","A79170","Tianxi Chocolate Electrolyte Drinks 15btls*330ml","Beverages","Electrolyte Drinks","Tianxi","02-10-2027/0.0","4.0","2027-02-10","9.0","17.0","10*6=60","Case","15.473","","360","21.0","Crestline Chicago Inc"
"L260602171","","A79170","Tianxi Chocolate Electrolyte Drinks 15btls*330ml","Beverages","Electrolyte Drinks","Tianxi","06-29-2026/0.0","0.0","2026-06-29","9.0","17.0","10*6=60","Case","15.473","","360","21.0","Crestline Chicago Inc"
"L251102172","","A79170","Tianxi Chocolate Electrolyte Drinks 15btls*330ml","Beverages","Electrolyte Drinks","Tianxi","11-06-2025/0.0","0.0","2025-11-06","9.0","17.0","10*6=60","Case","15.473","","360","21.0","Crestline Chicago Inc"
"L270802173","","A43160","Tianxi BBQ Sparkling Water 15btls*480ml","Beverages","Sparkling Water","Tianxi","08-30-2027/0.0","33.0","2027-08-30","66.0","96.0","9*13=117","Case","18.191","","360","23.0","Crestline Chicago Inc"
"L260502174","","A43160","Tianxi BBQ Sparkling Water 15btls*480ml","Beverages","Sparkling Water","Tianxi","05-17-2026/0.0","33.0","2026-05-17","66.0","96.0","9*13=117","Case","18.191","Alert Date Reached","360","23.0","Crestline Chicago Inc"
"2026-01-17","","A43160","Tianxi BBQ Sparkling Water 15btls*480ml","Beverages","Sparkling Water","Tianxi","01-17-2026/0.0","0.0","2026-01-17","66.0","96.0","9*13=117","Case","18.191","","360","23.0","Crestline Chicago Inc"
"L270402176","","E55188","Maijia Red Bean Cumin 8bags*1000g","Seasonings","Cumin","Maijia","04-26-2027/0.0","9.0","2027-04-26","18.0","20.0","","Case","17.983","","1080","25.5","Crestline Chicago Inc"
"L280302177","","E55188","Maijia Red Bean Cumin 8bags*1000g","Seasonings","Cumin","Maijia","03-13-2028/0.0","9.0","2028-03-13","18.0","20.0","","Case","17.983","","1080","25.5","Crestline Chicago Inc"
"L250902178","","E55188","Maijia Red Bean Cumin 8bags*1000g","Seasonings","Cumin","Maijia","09-06-2025/0.0","0.0","2025-09-06","18.0","20.0","","Case","17.983","","1080","25.5","Crestline Chicago Inc"
"L260702179","","E55188","Maijia Red Bean Cumin 8bags*1000g","Seasonings","Cumin","Maijia","07-13-2026/0.0","0.0","2026-07-13","18.0","20.0","","Case","17.983","","1080","25.5","Crestline Chicago Inc"
"L270502180","","E62369","Maijia Red Bean Garlic 1bag*50lb","Seasonings","Garlic","Maijia","05-04-2027/0.0","4.0","2027-05-04","4.0","7.0","","Bag","42.008","","1080","57.0","Crestline Chicago Inc"
"2025-10-25","","E62369","Maijia Red Bean Garlic 1bag*50lb","Seasonings","Garlic","Maijia","10-25-2025/0.0","0.0","2025-10-25","4.0","7.0","","Bag","42.008","","1080","57.0","Crestline Chicago Inc"
"2025-12-05","","E62369","Maijia Red Bean Garlic 1bag*50lb","Seasonings","Garlic","Maijia","12-05-2025/0.0","0.0","2025-12-05","4.0","7.0","","Bag","42.008","","1080","57.0","Crestline Chicago Inc"
"L270902183","","VSC63124","TIANMEI Taro Skin Care 500ml","Beauty & Health & Home","Skin Care","TIANMEI","09-16-2027/0.0","29.0","2027-09-16","87.0","87.0","7*10=70","each","3.644","","1095","5.0","Crestline Chicago Inc"
"L280502184","","VSC63124","TIANMEI Taro Skin Care 500ml","Beauty & Health & Home","Skin Care","TIANMEI","05-12-2028/0.0","29.0","2028-05-12","87.0","87.0","7*10=70","each","3.644","","1095","5.0","Crestline Chicago Inc"
"L290602185","","VSC63124","TIANMEI Taro Skin Care 500ml","Beauty & Health & Home","Skin Care","TIANMEI","06-25-2029/0.0","29.0","2029-06-25","87.0","87.0","7*10=70","each","3.644","","1095","5.0","Crestline Chicago Inc"
"L280202186","","VSC30172","TIANMEI Pineapple Skin Care 500ml","Beauty & Health & Home","Skin Care","TIANMEI","02-17-2028/0.0","15.0","2028-02-17","30.0","30.0","6*11=66","each","14.981","","1095","20.5","Crestline Chicago Inc"
"L270502187","","VSC30172","TIANMEI Pineapple Skin Care 500ml","Beauty & Health & Home","Skin Care","TIANMEI","05-30-2027/0.0","15.0","2027-05-30","30.0","30.0","6*11=66","each","14.981","","1095","20.5","Crestline Chicago Inc"
"L251102188","","VSC30172","TIANMEI Pineapple Skin Care 500ml","Beauty & Health & Home","Skin Care","TIANMEI","11-29-2025/0.0","0.0","2025-11-29","30.0","30.0","6*11=66","each","14.981","","1095","20.5","Crestline Chicago Inc"
"L280102189","","F70262","Xianyue Corn Vegetarian Meat 20bags*1000g","Dried Vegetables","Vegetarian Meat","Xianyue","01-21-2028/0.0","1.0","2028-01-21","1.0","12.0","17*5=85","Case","52.805","","720","80.0","Crestline Chicago Inc"
"L280202190","","F70262","Xianyue Corn Vegetarian Meat 20bags*1000g","Dried Vegetables","Vegetarian Meat","Xianyue","02-12-2028/0.0","0.0","2028-02-12","1.0","12.0","17*5=85","Case","52.805","","720","80.0","Crestline Chicago Inc"
"L280502191","","F70262","Xianyue Corn Vegetarian Meat 20bags*1000g","Dried Vegetables","Vegetarian Meat","Xianyue","05-25-2028/0.0","0.0","2028-05-25","1.0","12.0","17*5=85","Case","52.805","","720","80.0","Crestline Chicago Inc"
"2026-04-17","","F70262","Xianyue Corn Vegetarian Meat 20bags*1000g","Dried Vegetables","Vegetarian Meat","Xianyue","04-17-2026/0.0","0.0","2026-04-17","1.0","12.0","17*5=85","Case","52.805","","720","80.0","Crestline Chicago Inc"
"L260202193","","F70262","Xianyue Corn Vegetarian Meat 20bags*1000g","Dried Vegetables","Vegetarian Meat","Xianyue","02-08-2026/0.0","0.0","2026-02-08","1.0","12.0","17*5=85","Case","52.805","","720","80.0","Crestline Chicago Inc"
"L270802194","","L28254","Xianyue Peach Jujube 8bags*100g","Dried Vegetables","Jujube","Xianyue","08-06-2027/0.0","12.0","2027-08-06","23.0","32.0","9*10=90","Case","70.315","","360","97.0","Crestline Chicago Inc"
"L261202195","","L28254","Xianyue Peach Jujube 8bags*100g","Dried Vegetables","Jujube","Xianyue","12-05-2026/0.0","11.0","2026-12-05","23.0","32.0","9*10=90","Case","70.315","","360","97.0","Crestline Chicago Inc"
"L280502196","","F37136","CHUANCHENG Corn Mixed Grains 10bags*70g","Grains","Mixed Grains","CHUANCHENG","05-10-2028/0.0","1.0","2028-05-10","2.0","4.0","","Case","15.18","","1080","19.0","Crestline Chicago Inc"
"L270502197","","F37136","CHUANCHENG Corn Mixed Grains 10bags*70g","Grains","Mixed Grains","CHUANCHENG","05-24-2027/0.0","1.0","2027-05-24","2.0","4.0","","Case","15.18","","1080","19.0","Crestline Chicago Inc"
"L271002198","","VHB70174","Ruizhou Melon Hand & Body Care 150ml","Beauty & Health & Home","Hand & Body Care","Ruizhou","10-08-2027/0.0","2.0","2027-10-08","4.0","4.0","10*12=120","each","13.348","","1095","15.5","Crestline Chicago Inc"
"L290502199","","VHB70174","Ruizhou Melon Hand & Body Care 150ml","Beauty & Health & Home","Hand & Body Care","Ruizhou","05-10-2029/0.0","2.0","2029-05-10","4.0","4.0","10*12=120","each","13.348","","1095","15.5","Crestline Chicago Inc"
"L330802200","","VCA68251","Ruizhou Vanilla Clothes & Apparel 8bags*500g","Beauty & Health & Home","Clothes & Apparel","Ruizhou","08-20-2033/0.0","51.0","2033-08-20","51.0","58.0","17*5=85","Case","12.636","","3650","17.0","Crestline Chicago Inc"
"L260602201","","VCA68251","Ruizhou Vanilla Clothes & Apparel 8bags*500g","Beauty & Health & Home","Clothes & Apparel","Ruizhou","06-17-2026/0.0","0.0","2026-06-17","51.0","58.0","17*5=85","Case","12.636","","3650","17.0","Crestline Chicago Inc"
"L260202202","","VCA68251","Ruizhou Vanilla Clothes & Apparel 8bags*500g","Beauty & Health & Home","Clothes & Apparel","Ruizhou","02-06-2026/0.0","0.0","2026-02-06","51.0","58.0","17*5=85","Case","12.636","","3650","17.0","Crestline Chicago Inc"
"L270702203","","H23351","Hechen Beef Pickled Products 24bags*400g","Dried Vegetables","Pickled Products","Hechen","07-14-2027/0.0","475.0","2027-07-14","475.0","506.0","17*10=170","Case","52.927","","540","61.0","Crestline Chicago Inc"
"L270502204","","L29176","Hechen Chocolate Jujube 20bags*150g","Dried Vegetables","Jujube","Hechen","05-17-2027/0.0","16.0","2027-05-17","16.0","16.0","","Case","77.181","","360","90.0","Crestline Chicago Inc"
"L270602205","","FA48131","WEIFENG Corn Frozen Pastries&Pancakes&Baked Pancakes 30bags*70g","Frozen & Chilled Foods","Frozen Pastries&Pancakes&Baked Pancakes","WEIFENG","06-21-2027/0.0","32.0","2027-06-21","32.0","41.0","7*11=77","Case","27.983","","360","40.5","Crestline Chicago Inc"
"2025-08-28","","FA48131","WEIFENG Corn Frozen Pastries&Pancakes&Baked Pancakes 30bags*70g","Frozen & Chilled Foods","Frozen Pastries&Pancakes&Baked Pancakes","WEIFENG","08-28-2025/0.0","0.0","2025-08-28","32.0","41.0","7*11=77","Case","27.983","","360","40.5","Crestline Chicago Inc"
"L270202207","","FA76205","WEIFENG Peach Dumplings 24bags*70g","Frozen & Chilled Foods","Dumplings","WEIFENG","02-21-2027/0.0","0.0","2027-02-21","0.0","1.0","18*14=252","Case","47.851","","450","62.0","Crestline Chicago Inc"
"L270202208","","F20249","Yunyuan Chocolate Rice 10bags*200g","Grains","Rice","Yunyuan","02-28-2027/0.0","0.0","2027-02-28","0.0","0.0","","Case","17.327","","720","23.0","Crestline Chicago Inc"
"L270902209","","F20249","Yunyuan Chocolate Rice 10bags*200g","Grains","Rice","Yunyuan","09-24-2027/0.0","0.0","2027-09-24","0.0","0.0","","Case","17.327","","720","23.0","Crestline Chicago Inc"
"L280502210","","F20249","Yunyuan Chocolate Rice 10bags*200g","Grains","Rice","Yunyuan","05-22-2028/0.0","0.0","2028-05-22","0.0","0.0","","Case","17.327","","720","23.0","Crestline Chicago Inc"
"L271002211","","F59323","Yunyuan Corn Rice 8bags*150g","Grains","Rice","Yunyuan","10-22-2027/0.0","80.0","2027-10-22","80.0","146.0","9*13=117","Case","32.687","","720","43.5","Crestline Chicago Inc"
"L280302212","","F31364","Yunyuan Mango Rice 10bags*100g","Grains","Rice","Yunyuan","03-08-2028/0.0","99.0","2028-03-08","198.0","199.0","8*11=88","Case","23.345","","720","31.0","Crestline Chicago Inc"
"L270202213","","F31364","Yunyuan Mango Rice 10bags*100g","Grains","Rice","Yunyuan","02-24-2027/0.0","99.0","2027-02-24","198.0","199.0","8*11=88","Case","23.345","","720","31.0","Crestline Chicago Inc"
"L270902214","","G24289","Jinrun Lychee Canned Seafood 12bags*200g","Canned & Dry Goods","Canned Seafood","Jinrun","09-24-2027/0.0","50.0","2027-09-24","100.0","100.0","17*14=238","Case","26.33","","1080","32.0","Crestline Chicago Inc"
"L261002215","","G24289","Jinrun Lychee Canned Seafood 12bags*200g","Canned & Dry Goods","Canned Seafood","Jinrun","10-28-2026/0.0","50.0","2026-10-28","100.0","100.0","17*14=238","Case","26.33","Alert Date Reached","1080","32.0","Crestline Chicago Inc"
"2026-08-17","","G24289","Jinrun Lychee Canned Seafood 12bags*200g","Canned & Dry Goods","Canned Seafood","Jinrun","08-17-2026/0.0","0.0","2026-08-17","100.0","100.0","17*14=238","Case","26.33","","1080","32.0","Crestline Chicago Inc"
"L261102217","","E30150","YOUSHUN Garlic Garlic 1bag*25lb","Seasonings","Garlic","YOUSHUN","11-23-2026/0.0","0.0","2026-11-23","0.0","80.0","7*14=98","Bag","27.386","","1080","36.5","Crestline Chicago Inc"
"L271102218","","E30150","YOUSHUN Garlic Garlic 1bag*25lb","Seasonings","Garlic","YOUSHUN","11-30-2027/0.0","0.0","2027-11-30","0.0","80.0","7*14=98","Bag","27.386","","1080","36.5","Crestline Chicago Inc"
"2026-03-29","","E30150","YOUSHUN Garlic Garlic 1bag*25lb","Seasonings","Garlic","YOUSHUN","03-29-2026/0.0","0.0","2026-03-29","0.0","80.0","7*14=98","Bag","27.386","","1080","36.5","Crestline Chicago Inc"
"L290202220","","G20234","YOUSHUN Jujube Hoisin Sauce 24bags*70g","Seasonings","Hoisin Sauce","YOUSHUN","02-10-2029/0.0","0.0","2029-02-10","0.0","2.0","13*13=169","Case","17.457","","1080","21.0","Crestline Chicago Inc"
"2026-04-15","","G20234","YOUSHUN Jujube Hoisin Sauce 24bags*70g","Seasonings","Hoisin Sauce","YOUSHUN","04-15-2026/0.0","0.0","2026-04-15","0.0","2.0","13*13=169","Case","17.457","","1080","21.0","Crestline Chicago Inc"
"2026-01-12","","G20234","YOUSHUN Jujube Hoisin Sauce 24bags*70g","Seasonings","Hoisin Sauce","YOUSHUN","01-12-2026/0.0","0.0","2026-01-12","0.0","2.0","13*13=169","Case","17.457","","1080","21.0","Crestline Chicago Inc"
"L260502223","","F32229","Guxi Pickled Vegetable Peanuts 8bags*70g","Grains","Peanuts","Guxi","05-15-2026/0.0","63.0","2026-05-15","185.0","185.0","","Case","22.085","Alert Date Reached","1080","33.0","Crestline Chicago Inc"
"L270702224","","F32229","Guxi Pickled Vegetable Peanuts 8bags*70g","Grains","Peanuts","Guxi","07-23-2027/0.0","61.0","2027-07-23","185.0","185.0","","Case","22.085","","1080","33.0","Crestline Chicago Inc"
"L280302225","","F32229","Guxi Pickled Vegetable Peanuts 8bags*70g","Grains","Peanuts","Guxi","03-10-2028/0.0","61.0","2028-03-10","185.0","185.0","","Case","22.085","","1080","33.0","Crestline Chicago Inc"
"L260602226","","F32229","Guxi Pickled Vegetable Peanuts 8bags*70g","Grains","Peanuts","Guxi","06-05-2026/0.0","0.0","2026-06-05","185.0","185.0","","Case","22.085","","1080","33.0","Crestline Chicago Inc"
"L260402227","","F32229","Guxi Pickled Vegetable Peanuts 8bags*70g","Grains","Peanuts","Guxi","04-20-2026/0.0","0.0","2026-04-20","185.0","185.0","","Case","22.085","","1080","33.0","Crestline Chicago Inc"
"L260602228","","F39196","Guxi Vanilla Peanuts 24bags*100g","Grains","Peanuts","Guxi","06-25-2026/0.0","31.0","2026-06-25","62.0","62.0","14*7=98","Case","39.418","Alert Date Reached","1080","53.0","Crestline Chicago Inc"
"L290102229","","F39196","Guxi Vanilla Peanuts 24bags*100g","Grains","Peanuts","Guxi","01-18-2029/0.0","31.0","2029-01-18","62.0","62.0","14*7=98","Case","39.418","","1080","53.0","Crestline Chicago Inc"
"L251002230","","F39196","Guxi Vanilla Peanuts 24bags*100g","Grains","Peanuts","Guxi","10-11-2025/0.0","0.0","2025-10-11","62.0","62.0","14*7=98","Case","39.418","","1080","53.0","Crestline Chicago Inc"
"L280302231","","F31168","Guxi Mala Rice 24bags*1000g","Grains","Rice","Guxi","03-28-2028/0.0","38.0","2028-03-28","76.0","76.0","17*5=85","Case","28.399","","720","40.0","Crestline Chicago Inc"
"L270902232","","F31168","Guxi Mala Rice 24bags*1000g","Grains","Rice","Guxi","09-10-2027/0.0","38.0","2027-09-10","76.0","76.0","17*5=85","Case","28.399","","720","40.0","Crestline Chicago Inc"
"L280802233","","VHK62378","BAOXI Pickled Vegetable Home Cleaning 500ml","Beauty & Health & Home","Home Cleaning","BAOXI","08-11-2028/0.0","543.0","2028-08-11","543.0","867.0","","each","2.731","","1095","999.0","Crestline Chicago Inc"
"L260502234","","VHK62378","BAOXI Pickled Vegetable Home Cleaning 500ml","Beauty & Health & Home","Home Cleaning","BAOXI","05-23-2026/0.0","0.0","2026-05-23","543.0","867.0","","each","2.731","","1095","4.0","Crestline Chicago Inc"
"L280202235","","VPC36126","BAOXI Spicy Oral Care 100ml","Beauty & Health & Home","Oral Care","BAOXI","02-15-2028/0.0","24.0","2028-02-15","72.0","89.0","10*10=100","each","17.694","","1095","22.0","Crestline Chicago Inc"
"L290202236","","VPC36126","BAOXI Spicy Oral Care 100ml","Beauty & Health & Home","Oral Care","BAOXI","02-11-2029/0.0","24.0","2029-02-11","72.0","89.0","10*10=100","each","17.694","","1095","22.0","Crestline Chicago Inc"
"L280902237","","VPC36126","BAOXI Spicy Oral Care 100ml","Beauty & Health & Home","Oral Care","BAOXI","09-16-2028/0.0","24.0","2028-09-16","72.0","89.0","10*10=100","each","17.694","","1095","22.0","Crestline Chicago Inc"
"2026-05-23","","VPC36126","BAOXI Spicy Oral Care 100ml","Beauty & Health & Home","Oral Care","BAOXI","05-23-2026/0.0","0.0","2026-05-23","72.0","89.0","10*10=100","each","17.694","","1095","22.0","Crestline Chicago Inc"
"L260702239","","VPC36126","BAOXI Spicy Oral Care 100ml","Beauty & Health & Home","Oral Care","BAOXI","07-27-2026/0.0","0.0","2026-07-27","72.0","89.0","10*10=100","each","17.694","","1095","22.0","Crestline Chicago Inc"
"L260802240","","VCA93361","BAOXI Coconut Fashion Jewelry 400ml","Beauty & Health & Home","Fashion Jewelry","BAOXI","08-24-2026/0.0","5.0","2026-08-24","9.0","11.0","13*9=117","each","20.07","Alert Date Reached","3650","24.0","Crestline Chicago Inc"
"L270502241","","VCA93361","BAOXI Coconut Fashion Jewelry 400ml","Beauty & Health & Home","Fashion Jewelry","BAOXI","05-02-2027/0.0","4.0","2027-05-02","9.0","11.0","13*9=117","each","20.07","","3650","24.0","Crestline Chicago Inc"
"L270702242","","VPC04136","BAOXI Melon Oral Care 12bags*200g","Beauty & Health & Home","Oral Care","BAOXI","07-13-2027/0.0","8.0","2027-07-13","8.0","12.0","15*9=135","Case","5.732","","1095","8.5","Crestline Chicago Inc"
"L251202243","","VPC04136","BAOXI Melon Oral Care 12bags*200g","Beauty & Health & Home","Oral Care","BAOXI","12-25-2025/0.0","0.0","2025-12-25","8.0","12.0","15*9=135","Case","5.732","","1095","8.5","Crestline Chicago Inc"
"2026-03-27","","VPC04136","BAOXI Melon Oral Care 12bags*200g","Beauty & Health & Home","Oral Care","BAOXI","03-27-2026/0.0","0.0","2026-03-27","8.0","12.0","15*9=135","Case","5.732","","1095","8.5","Crestline Chicago Inc"
"L281202245","","VHB43208","BAOXI Seafood Hair 30bags*500g","Beauty & Health & Home","Hair","BAOXI","12-31-2028/0.0","0.0","2028-12-31","0.0","0.0","7*12=84","Case","5.233","","1095","6.0","Crestline Chicago Inc"
"L270802246","","VHB43208","BAOXI Seafood Hair 30bags*500g","Beauty & Health & Home","Hair","BAOXI","08-12-2027/0.0","0.0","2027-08-12","0.0","0.0","7*12=84","Case","5.233","","1095","6.0","Crestline Chicago Inc"
"L280502247","","VHB43208","BAOXI Seafood Hair 30bags*500g","Beauty & Health & Home","Hair","BAOXI","05-17-2028/0.0","0.0","2028-05-17","0.0","0.0","7*12=84","Case","5.233","","1095","6.0","Crestline Chicago Inc"
"2025-11-13","","VHB43208","BAOXI Seafood Hair 30bags*500g","Beauty & Health & Home","Hair","BAOXI","11-13-2025/0.0","0.0","2025-11-13","0.0","0.0","7*12=84","Case","5.233","","1095","6.0","Crestline Chicago Inc"
"L260302249","","VHB43208","BAOXI Seafood Hair 30bags*500g","Beauty & Health & Home","Hair","BAOXI","03-29-2026/0.0","0.0","2026-03-29","0.0","0.0","7*12=84","Case","5.233","","1095","6.0","Crestline Chicago Inc"
"L261002250","","VHS61142","BAOXI Strawberry Health & Nutrition Drinks 250ml","Beauty & Health & Home","Health & Nutrition Drinks","BAOXI","10-11-2026/0.0","62.0","2026-10-11","123.0","177.0","14*6=84","each","21.29","Alert Date Reached","1095","24.5","Crestline Chicago Inc"
"L280202251","","VHS61142","BAOXI Strawberry Health & Nutrition Drinks 250ml","Beauty & Health & Home","Health & Nutrition Drinks","BAOXI","02-02-2028/0.0","61.0","2028-02-02","123.0","177.0","14*6=84","each","21.29","","1095","24.5","Crestline Chicago Inc"
"L270402252","","F79209","XIANZHOU Oolong Starch 12bags*1000g","Flour&Starches","Starch","XIANZHOU","04-02-2027/0.0","0.0","2027-04-02","0.0","7.0","9*7=63","Case","25.925","","540","999.0","Crestline Chicago Inc"
"L261102253","","F97118","XIANZHOU Matcha Starch 10bags*100g","Flour&Starches","Starch","XIANZHOU","11-27-2026/0.0","28.0","2026-11-27","56.0","56.0","14*12=168","Case","22.455","","540","33.5","Crestline Chicago Inc"
"L270502254","","F97118","XIANZHOU Matcha Starch 10bags*100g","Flour&Starches","Starch","XIANZHOU","05-25-2027/0.0","28.0","2027-05-25","56.0","56.0","14*12=168","Case","22.455","","540","33.5","Crestline Chicago Inc"
"L270202255","","F97157","XIANZHOU Pickled Vegetable Flour Mix & Frying Batter Mix 10bags*400g","Flour&Starches","Flour Mix & Frying Batter Mix","XIANZHOU","02-21-2027/0.0","28.0","2027-02-21","84.0","84.0","4*14=56","Case","38.472","","730","52.5","Crestline Chicago Inc"
"L280202256","","F97157","XIANZHOU Pickled Vegetable Flour Mix & Frying Batter Mix 10bags*400g","Flour&Starches","Flour Mix & Frying Batter Mix","XIANZHOU","02-11-2028/0.0","28.0","2028-02-11","84.0","84.0","4*14=56","Case","38.472","","730","52.5","Crestline Chicago Inc"
"L270902257","","F97157","XIANZHOU Pickled Vegetable Flour Mix & Frying Batter Mix 10bags*400g","Flour&Starches","Flour Mix & Frying Batter Mix","XIANZHOU","09-13-2027/0.0","28.0","2027-09-13","84.0","84.0","4*14=56","Case","38.472","","730","52.5","Crestline Chicago Inc"
"2026-02-11","","F97157","XIANZHOU Pickled Vegetable Flour Mix & Frying Batter Mix 10bags*400g","Flour&Starches","Flour Mix & Frying Batter Mix","XIANZHOU","02-11-2026/0.0","0.0","2026-02-11","84.0","84.0","4*14=56","Case","38.472","","730","52.5","Crestline Chicago Inc"
"2026-07-26","","F97157","XIANZHOU Pickled Vegetable Flour Mix & Frying Batter Mix 10bags*400g","Flour&Starches","Flour Mix & Frying Batter Mix","XIANZHOU","07-26-2026/0.0","0.0","2026-07-26","84.0","84.0","4*14=56","Case","38.472","","730","52.5","Crestline Chicago Inc"
"L270802260","","B23165","FENGJIA Sea Salt Seaweed Snacks & Dried Kelp 12bags*1000g","Candy & Snacks","Seaweed Snacks & Dried Kelp","FENGJIA","08-15-2027/0.0","4.0","2027-08-15","4.0","4.0","9*13=117","Case","21.528","","540","28.0","Crestline Chicago Inc"
"L260802261","","B23165","FENGJIA Sea Salt Seaweed Snacks & Dried Kelp 12bags*1000g","Candy & Snacks","Seaweed Snacks & Dried Kelp","FENGJIA","08-15-2026/0.0","0.0","2026-08-15","4.0","4.0","9*13=117","Case","21.528","","540","28.0","Crestline Chicago Inc"
"L261202262","","M05257","FENGJIA Tomato Bread 30bags*70g","Candy & Snacks","Bread","FENGJIA","12-29-2026/0.0","7.0","2026-12-29","13.0","13.0","13*13=169","Case","17.693","","180","21.5","Crestline Chicago Inc"
"L270102263","","M05257","FENGJIA Tomato Bread 30bags*70g","Candy & Snacks","Bread","FENGJIA","01-09-2027/0.0","6.0","2027-01-09","13.0","13.0","13*13=169","Case","17.693","","180","21.5","Crestline Chicago Inc"
"L270402264","","A38212","CHENGRUN Milk Plant-Based Drinks 24btls*330ml","Beverages","Plant-Based Drinks","CHENGRUN","04-25-2027/0.0","28.0","2027-04-25","84.0","160.0","4*14=56","Case","12.191","","360","14.0","Crestline Chicago Inc"
"L270802265","","A38212","CHENGRUN Milk Plant-Based Drinks 24btls*330ml","Beverages","Plant-Based Drinks","CHENGRUN","08-02-2027/0.0","28.0","2027-08-02","84.0","160.0","4*14=56","Case","12.191","","360","14.0","Crestline Chicago Inc"
"L270102266","","A38212","CHENGRUN Milk Plant-Based Drinks 24btls*330ml","Beverages","Plant-Based Drinks","CHENGRUN","01-09-2027/0.0","28.0","2027-01-09","84.0","160.0","4*14=56","Case","12.191","","360","14.0","Crestline Chicago Inc"
"L270302267","","A71127","CHENGRUN Grape Beverages 15btls*480ml","Beverages","Beverages","CHENGRUN","03-16-2027/0.0","230.0","2027-03-16","230.0","242.0","17*14=238","Case","19.172","","360","23.5","Crestline Chicago Inc"
"L260602268","","A71127","CHENGRUN Grape Beverages 15btls*480ml","Beverages","Beverages","CHENGRUN","06-02-2026/0.0","0.0","2026-06-02","230.0","242.0","17*14=238","Case","19.172","","360","23.5","Crestline Chicago Inc"
"L260802269","","E27158","Chuanlan Taro Scallion 12bags*70g","Seasonings","Scallion","Chuanlan","08-20-2026/0.0","47.0","2026-08-20","94.0","143.0","10*9=90","Case","14.261","Alert Date Reached","720","21.0","Crestline Chicago Inc"
"L280302270","","E27158","Chuanlan Taro Scallion 12bags*70g","Seasonings","Scallion","Chuanlan","03-16-2028/0.0","47.0","2028-03-16","94.0","143.0","10*9=90","Case","14.261","","720","21.0","Crestline Chicago Inc"
"L261002271","","H41239","JINAN Lemon Century Eggs 10bags*200g","Eggs","Century Eggs","JINAN","10-05-2026/0.0","411.0","2026-10-05","411.0","411.0","","Case","38.818","Alert Date Reached","360","999.0","Crestline Chicago Inc"
"L270302272","","H99211","JINAN Garlic Salted Eggs 10bags*200g","Eggs","Salted Eggs","JINAN","03-03-2027/0.0","3.0","2027-03-03","3.0","3.0","7*5=35","Case","35.932","","360","42.5","Crestline Chicago Inc"
"2026-08-07","","H99211","JINAN Garlic Salted Eggs 10bags*200g","Eggs","Salted Eggs","JINAN","08-07-2026/0.0","0.0","2026-08-07","3.0","3.0","7*5=35","Case","35.932","","360","42.5","Crestline Chicago Inc"
"L260602274","","H99211","JINAN Garlic Salted Eggs 10bags*200g","Eggs","Salted Eggs","JINAN","06-18-2026/0.0","0.0","2026-06-18","3.0","3.0","7*5=35","Case","35.932","","360","999.0","Crestline Chicago Inc"
"L270302275","","B27179","MAIWAN Five Spice Candy 10bags*70g","Candy & Snacks","Candy","MAIWAN","03-17-2027/0.0","2.0","2027-03-17","4.0","7.0","","Case","27.115","","540","32.0","Crestline Chicago Inc"
"L280102276","","B27179","MAIWAN Five Spice Candy 10bags*70g","Candy & Snacks","Candy","MAIWAN","01-31-2028/0.0","1.0","2028-01-31","4.0","7.0","","Case","27.115","","540","32.0","Crestline Chicago Inc"
"L270602277","","B27179","MAIWAN Five Spice Candy 10bags*70g","Candy & Snacks","Candy","MAIWAN","06-18-2027/0.0","1.0","2027-06-18","4.0","7.0","","Case","27.115","","540","32.0","Crestline Chicago Inc"
"L270102278","","B19354","MAIWAN Beef Seasoned Vegetarian Snacks 20bags*400g","Candy & Snacks","Seasoned Vegetarian Snacks","MAIWAN","01-04-2027/0.0","69.0","2027-01-04","69.0","110.0","17*13=221","Case","32.814","","240","37.0","Crestline Chicago Inc"
"L270502279","","H35347","Maicheng Jujube Pickled Products 12bags*70g","Dried Vegetables","Pickled Products","Maicheng","05-08-2027/0.0","12.0","2027-05-08","24.0","24.0","7*7=49","Case","83.658","","540","117.5","Crestline Chicago Inc"
"L271202280","","H35347","Maicheng Jujube Pickled Products 12bags*70g","Dried Vegetables","Pickled Products","Maicheng","12-29-2027/0.0","12.0","2027-12-29","24.0","24.0","7*7=49","Case","83.658","","540","117.5","Crestline Chicago Inc"
"L260402281","","H35347","Maicheng Jujube Pickled Products 12bags*70g","Dried Vegetables","Pickled Products","Maicheng","04-19-2026/0.0","0.0","2026-04-19","24.0","24.0","7*7=49","Case","83.658","","540","117.5","Crestline Chicago Inc"
"L270802282","","L14205","Maicheng Pineapple Tofu Skin 8bags*70g","Dried Vegetables","Tofu Skin","Maicheng","08-25-2027/0.0","16.0","2027-08-25","31.0","31.0","","Case","60.033","","720","84.0","Crestline Chicago Inc"
"L261102283","","L14205","Maicheng Pineapple Tofu Skin 8bags*70g","Dried Vegetables","Tofu Skin","Maicheng","11-13-2026/0.0","15.0","2026-11-13","31.0","31.0","","Case","60.033","Alert Date Reached","720","84.0","Crestline Chicago Inc"
"L270802284","","L07297","Maicheng Vanilla Jujube 10bags*150g","Dried Vegetables","Jujube","Maicheng","08-26-2027/0.0","5.0","2027-08-26","11.0","11.0","15*6=90","Case","68.827","","360","80.0","Crestline Chicago Inc"
"L270702285","","L07297","Maicheng Vanilla Jujube 10bags*150g","Dried Vegetables","Jujube","Maicheng","07-08-2027/0.0","3.0","2027-07-08","11.0","11.0","15*6=90","Case","68.827","","360","80.0","Crestline Chicago Inc"
"L270802286","","L07297","Maicheng Vanilla Jujube 10bags*150g","Dried Vegetables","Jujube","Maicheng","08-24-2027/0.0","3.0","2027-08-24","11.0","11.0","15*6=90","Case","68.827","","360","80.0","Crestline Chicago Inc"
"L250902287","","L07297","Maicheng Vanilla Jujube 10bags*150g","Dried Vegetables","Jujube","Maicheng","09-27-2025/0.0","0.0","2025-09-27","11.0","11.0","15*6=90","Case","68.827","","360","80.0","Crestline Chicago Inc"
"2026-07-05","","L07297","Maicheng Vanilla Jujube 10bags*150g","Dried Vegetables","Jujube","Maicheng","07-05-2026/0.0","0.0","2026-07-05","11.0","11.0","15*6=90","Case","68.827","","360","80.0","Crestline Chicago Inc"
"L260602289","","D40201","Lingchen Corn Instant Rice Noodles 8bags*1000g","Dry Noodles","Instant Rice Noodles","Lingchen","06-03-2026/0.0","0.0","2026-06-03","0.0","2.0","13*9=117","Case","14.753","","720","19.5","Crestline Chicago Inc"
"2025-09-08","","D40201","Lingchen Corn Instant Rice Noodles 8bags*1000g","Dry Noodles","Instant Rice Noodles","Lingchen","09-08-2025/0.0","0.0","2025-09-08","0.0","2.0","13*9=117","Case","14.753","","720","19.5","Crestline Chicago Inc"
"L270902291","","E62108","Qingyue Oolong Sichuan Pepper Seasonings 8bags*200g","Seasonings","Sichuan Pepper Seasonings","Qingyue","09-01-2027/0.0","3.0","2027-09-01","6.0","10.0","","Case","17.361","","1080","21.0","Crestline Chicago Inc"
"L290602292","","E62108","Qingyue Oolong Sichuan Pepper Seasonings 8bags*200g","Seasonings","Sichuan Pepper Seasonings","Qingyue","06-03-2029/0.0","3.0","2029-06-03","6.0","10.0","","Case","17.361","","1080","21.0","Crestline Chicago Inc"
"L271002293","","G72150","Qingyue Vanilla Oyster Sauce 8bags*400g","Seasonings","Oyster Sauce","Qingyue","10-23-2027/0.0","3.0","2027-10-23","5.0","5.0","4*11=44","Case","24.933","","540","32.0","Crestline Chicago Inc"
"L270802294","","G72150","Qingyue Vanilla Oyster Sauce 8bags*400g","Seasonings","Oyster Sauce","Qingyue","08-27-2027/0.0","2.0","2027-08-27","5.0","5.0","4*11=44","Case","24.933","","540","32.0","Crestline Chicago Inc"
"2026-07-02","","G72150","Qingyue Vanilla Oyster Sauce 8bags*400g","Seasonings","Oyster Sauce","Qingyue","07-02-2026/0.0","0.0","2026-07-02","5.0","5.0","4*11=44","Case","24.933","","540","32.0","Crestline Chicago Inc"
"L271102296","","G71227","Qingyue Seafood Oyster Sauce 20bags*500g","Seasonings","Oyster Sauce","Qingyue","11-14-2027/0.0","3.0","2027-11-14","5.0","5.0","9*11=99","Case","37.264","","540","42.0","Crestline Chicago Inc"
"L260502297","","G71227","Qingyue Seafood Oyster Sauce 20bags*500g","Seasonings","Oyster Sauce","Qingyue","05-12-2026/0.0","1.0","2026-05-12","5.0","5.0","9*11=99","Case","37.264","Alert Date Reached","540","42.0","Crestline Chicago Inc"
"L270702298","","G71227","Qingyue Seafood Oyster Sauce 20bags*500g","Seasonings","Oyster Sauce","Qingyue","07-02-2027/0.0","1.0","2027-07-02","5.0","5.0","9*11=99","Case","37.264","","540","42.0","Crestline Chicago Inc"
"L270202299","","G01390","Qingyue Pickled Vegetable Dipping Sauce 6bags*70g","Seasonings","Dipping Sauce","Qingyue","02-12-2027/0.0","4.0","2027-02-12","8.0","8.0","18*5=90","Case","39.951","","360","52.0","Crestline Chicago Inc"
"L270602300","","G01390","Qingyue Pickled Vegetable Dipping Sauce 6bags*70g","Seasonings","Dipping Sauce","Qingyue","06-06-2027/0.0","2.0","2027-06-06","8.0","8.0","18*5=90","Case","39.951","","360","52.0","Crestline Chicago Inc"
"L270702301","","G01390","Qingyue Pickled Vegetable Dipping Sauce 6bags*70g","Seasonings","Dipping Sauce","Qingyue","07-19-2027/0.0","2.0","2027-07-19","8.0","8.0","18*5=90","Case","39.951","","360","52.0","Crestline Chicago Inc"
"2026-05-24","","G01390","Qingyue Pickled Vegetable Dipping Sauce 6bags*70g","Seasonings","Dipping Sauce","Qingyue","05-24-2026/0.0","0.0","2026-05-24","8.0","8.0","18*5=90","Case","39.951","","360","52.0","Crestline Chicago Inc"
"L280202303","","G34175","Qingyue Garlic Soybean Paste 20bags*1000g","Seasonings","Soybean Paste","Qingyue","02-25-2028/0.0","38.0","2028-02-25","76.0","76.0","17*9=153","Case","16.256","","720","19.0","Crestline Chicago Inc"
"L270902304","","G34175","Qingyue Garlic Soybean Paste 20bags*1000g","Seasonings","Soybean Paste","Qingyue","09-23-2027/0.0","38.0","2027-09-23","76.0","76.0","17*9=153","Case","16.256","","720","19.0","Crestline Chicago Inc"
"L270802305","","A63261","QINGQUAN Grape Ready-to-Drink Tea 12btls*500ml","Beverages","Ready-to-Drink Tea","QINGQUAN","08-20-2027/0.0","106.0","2027-08-20","106.0","106.0","","Case","10.486","","360","12.0","Crestline Houston Inc"
"L250902306","","A63261","QINGQUAN Grape Ready-to-Drink Tea 12btls*500ml","Beverages","Ready-to-Drink Tea","QINGQUAN","09-17-2025/0.0","0.0","2025-09-17","106.0","106.0","","Case","10.486","","360","12.0","Crestline Houston Inc"
"2026-03-07","","A63261","QINGQUAN Grape Ready-to-Drink Tea 12btls*500ml","Beverages","Ready-to-Drink Tea","QINGQUAN","03-07-2026/0.0","0.0","2026-03-07","106.0","106.0","","Case","10.486","","360","12.0","Crestline Houston Inc"
"L270802308","","A49363","QINGQUAN Lemon Ready-to-Drink Tea 20btls*480ml","Beverages","Ready-to-Drink Tea","QINGQUAN","08-05-2027/0.0","0.0","2027-08-05","0.0","0.0","9*13=117","Case","27.816","","360","31.5","Crestline Houston Inc"
"L270702309","","A49363","QINGQUAN Lemon Ready-to-Drink Tea 20btls*480ml","Beverages","Ready-to-Drink Tea","QINGQUAN","07-09-2027/0.0","0.0","2027-07-09","0.0","0.0","9*13=117","Case","27.816","","360","31.5","Crestline Houston Inc"
"L270602310","","A49363","QINGQUAN Lemon Ready-to-Drink Tea 20btls*480ml","Beverages","Ready-to-Drink Tea","QINGQUAN","06-17-2027/0.0","0.0","2027-06-17","0.0","0.0","9*13=117","Case","27.816","","360","31.5","Crestline Houston Inc"
"2026-01-15","","A49363","QINGQUAN Lemon Ready-to-Drink Tea 20btls*480ml","Beverages","Ready-to-Drink Tea","QINGQUAN","01-15-2026/0.0","0.0","2026-01-15","0.0","0.0","9*13=117","Case","27.816","","360","31.5","Crestline Houston Inc"
"L260302312","","A49363","QINGQUAN Lemon Ready-to-Drink Tea 20btls*480ml","Beverages","Ready-to-Drink Tea","QINGQUAN","03-28-2026/0.0","0.0","2026-03-28","0.0","0.0","9*13=117","Case","27.816","","360","31.5","Crestline Houston Inc"
"L270602313","","A59173","QINGQUAN Matcha Ready-to-Drink Tea 20btls*280ml","Beverages","Ready-to-Drink Tea","QINGQUAN","06-22-2027/0.0","26.0","2027-06-22","26.0","26.0","10*12=120","Case","16.793","","360","23.0","Crestline Houston Inc"
"L261202314","","A77352","QINGQUAN Coconut Ready-to-Drink Tea 24btls*280ml","Beverages","Ready-to-Drink Tea","QINGQUAN","12-28-2026/0.0","0.0","2026-12-28","0.0","0.0","8*8=64","Case","17.479","","360","20.5","Crestline Houston Inc"
"L270102315","","A77352","QINGQUAN Coconut Ready-to-Drink Tea 24btls*280ml","Beverages","Ready-to-Drink Tea","QINGQUAN","01-12-2027/0.0","0.0","2027-01-12","0.0","0.0","8*8=64","Case","17.479","","360","999.0","Crestline Houston Inc"
"L270802316","","A66366","QINGQUAN Peach Plant-Based Drinks 20btls*500ml","Beverages","Plant-Based Drinks","QINGQUAN","08-04-2027/0.0","21.0","2027-08-04","41.0","41.0","","Case","21.05","","360","23.5","Crestline Houston Inc"
"L270102317","","A66366","QINGQUAN Peach Plant-Based Drinks 20btls*500ml","Beverages","Plant-Based Drinks","QINGQUAN","01-24-2027/0.0","20.0","2027-01-24","41.0","41.0","","Case","21.05","","360","23.5","Crestline Houston Inc"
"L270402318","","A67153","QINGQUAN Lychee Jasmine Plant-Based Drinks 15btls*330ml","Beverages","Plant-Based Drinks","QINGQUAN","04-30-2027/0.0","19.0","2027-04-30","53.0","53.0","16*6=96","Case","25.395","","360","28.5","Crestline Houston Inc"
"L270102319","","A67153","QINGQUAN Lychee Jasmine Plant-Based Drinks 15btls*330ml","Beverages","Plant-Based Drinks","QINGQUAN","01-02-2027/0.0","17.0","2027-01-02","53.0","53.0","16*6=96","Case","25.395","","360","28.5","Crestline Houston Inc"
"L270202320","","A67153","QINGQUAN Lychee Jasmine Plant-Based Drinks 15btls*330ml","Beverages","Plant-Based Drinks","QINGQUAN","02-24-2027/0.0","17.0","2027-02-24","53.0","53.0","16*6=96","Case","25.395","","360","28.5","Crestline Houston Inc"
"L270802321","","A71357","QINGQUAN Lemon Plant-Based Drinks 20btls*1500ml","Beverages","Plant-Based Drinks","QINGQUAN","08-03-2027/0.0","29.0","2027-08-03","85.0","85.0","","Case","17.991","","360","20.0","Crestline Houston Inc"
"L270202322","","A71357","QINGQUAN Lemon Plant-Based Drinks 20btls*1500ml","Beverages","Plant-Based Drinks","QINGQUAN","02-22-2027/0.0","28.0","2027-02-22","85.0","85.0","","Case","17.991","","360","20.0","Crestline Houston Inc"
"L270502323","","A71357","QINGQUAN Lemon Plant-Based Drinks 20btls*1500ml","Beverages","Plant-Based Drinks","QINGQUAN","05-14-2027/0.0","28.0","2027-05-14","85.0","85.0","","Case","17.991","","360","20.0","Crestline Houston Inc"
"2026-03-05","","A71357","QINGQUAN Lemon Plant-Based Drinks 20btls*1500ml","Beverages","Plant-Based Drinks","QINGQUAN","03-05-2026/0.0","0.0","2026-03-05","85.0","85.0","","Case","17.991","","360","20.0","Crestline Houston Inc"
"L251202325","","A71357","QINGQUAN Lemon Plant-Based Drinks 20btls*1500ml","Beverages","Plant-Based Drinks","QINGQUAN","12-08-2025/0.0","0.0","2025-12-08","85.0","85.0","","Case","17.991","","360","20.0","Crestline Houston Inc"
"L270302326","","A02117","QINGQUAN Matcha Plant-Based Drinks 24btls*500ml","Beverages","Plant-Based Drinks","QINGQUAN","03-15-2027/0.0","0.0","2027-03-15","0.0","0.0","7*8=56","Case","13.754","","360","16.0","Crestline Houston Inc"
"L270602327","","A02117","QINGQUAN Matcha Plant-Based Drinks 24btls*500ml","Beverages","Plant-Based Drinks","QINGQUAN","06-16-2027/0.0","0.0","2027-06-16","0.0","0.0","7*8=56","Case","13.754","","360","16.0","Crestline Houston Inc"
"L270702328","","A02117","QINGQUAN Matcha Plant-Based Drinks 24btls*500ml","Beverages","Plant-Based Drinks","QINGQUAN","07-03-2027/0.0","0.0","2027-07-03","0.0","0.0","7*8=56","Case","13.754","","360","16.0","Crestline Houston Inc"
"L260302329","","A02117","QINGQUAN Matcha Plant-Based Drinks 24btls*500ml","Beverages","Plant-Based Drinks","QINGQUAN","03-12-2026/0.0","0.0","2026-03-12","0.0","0.0","7*8=56","Case","13.754","","360","16.0","Crestline Houston Inc"
"L270202330","","A26234","QINGQUAN Milk Plant-Based Drinks 24btls*1500ml","Beverages","Plant-Based Drinks","QINGQUAN","02-16-2027/0.0","1.0","2027-02-16","1.0","1.0","10*8=80","Case","22.765","","360","30.5","Crestline Houston Inc"
"L270102331","","A26234","QINGQUAN Milk Plant-Based Drinks 24btls*1500ml","Beverages","Plant-Based Drinks","QINGQUAN","01-23-2027/0.0","0.0","2027-01-23","1.0","1.0","10*8=80","Case","22.765","","360","30.5","Crestline Houston Inc"
"L270702332","","A56386","QINGQUAN Coconut Plant-Based Drinks 24btls*1500ml","Beverages","Plant-Based Drinks","QINGQUAN","07-08-2027/0.0","16.0","2027-07-08","32.0","32.0","4*13=52","Case","21.431","","360","27.5","Crestline Houston Inc"
"L270702333","","A56386","QINGQUAN Coconut Plant-Based Drinks 24btls*1500ml","Beverages","Plant-Based Drinks","QINGQUAN","07-23-2027/0.0","16.0","2027-07-23","32.0","32.0","4*13=52","Case","21.431","","360","27.5","Crestline Houston Inc"
"L270702334","","FE53175","YUANCHUAN Red Bean Ice Cream 8boxes*4bags*88ml","Frozen & Chilled Foods","Ice Cream","YUANCHUAN","07-23-2027/0.0","60.0","2027-07-23","60.0","60.0","13*14=182","Case","35.688","","540","50.5","Crestline Houston Inc"
"L270102335","","FE82283","YUANCHUAN Coconut Ice Cream 24boxes*3bags*90ml","Frozen & Chilled Foods","Ice Cream","YUANCHUAN","01-27-2027/0.0","109.0","2027-01-27","109.0","109.0","10*5=50","Case","57.841","","540","70.5","Crestline Houston Inc"
"L270402336","","FE29343","YUANCHUAN Milk Ice Cream 6boxes*4bags*90ml","Frozen & Chilled Foods","Ice Cream","YUANCHUAN","04-07-2027/0.0","9.0","2027-04-07","9.0","10.0","","Case","43.273","","540","62.5","Crestline Houston Inc"
"2026-05-14","","FE29343","YUANCHUAN Milk Ice Cream 6boxes*4bags*90ml","Frozen & Chilled Foods","Ice Cream","YUANCHUAN","05-14-2026/0.0","0.0","2026-05-14","9.0","10.0","","Case","43.273","","540","62.5","Crestline Houston Inc"
"L270702338","","FE18257","YUANCHUAN Peach Ice Cream 24boxes*4bags*72ml","Frozen & Chilled Foods","Ice Cream","YUANCHUAN","07-07-2027/0.0","3.0","2027-07-07","7.0","7.0","11*9=99","Case","36.318","","540","52.0","Crestline Houston Inc"
"L270502339","","FE18257","YUANCHUAN Peach Ice Cream 24boxes*4bags*72ml","Frozen & Chilled Foods","Ice Cream","YUANCHUAN","05-18-2027/0.0","2.0","2027-05-18","7.0","7.0","11*9=99","Case","36.318","","540","52.0","Crestline Houston Inc"
"L280202340","","FE18257","YUANCHUAN Peach Ice Cream 24boxes*4bags*72ml","Frozen & Chilled Foods","Ice Cream","YUANCHUAN","02-03-2028/0.0","2.0","2028-02-03","7.0","7.0","11*9=99","Case","36.318","","540","52.0","Crestline Houston Inc"
"2026-07-28","","FE18257","YUANCHUAN Peach Ice Cream 24boxes*4bags*72ml","Frozen & Chilled Foods","Ice Cream","YUANCHUAN","07-28-2026/0.0","0.0","2026-07-28","7.0","7.0","11*9=99","Case","36.318","","540","52.0","Crestline Houston Inc"
"L260302342","","FE18257","YUANCHUAN Peach Ice Cream 24boxes*4bags*72ml","Frozen & Chilled Foods","Ice Cream","YUANCHUAN","03-10-2026/0.0","0.0","2026-03-10","7.0","7.0","11*9=99","Case","36.318","","540","52.0","Crestline Houston Inc"
"L271002343","","FE14300","YUANCHUAN Matcha Ice Cream 6boxes*3bags*90ml","Frozen & Chilled Foods","Ice Cream","YUANCHUAN","10-12-2027/0.0","69.0","2027-10-12","203.0","203.0","7*5=35","Case","49.141","","540","65.5","Crestline Houston Inc"
"L261002344","","FE14300","YUANCHUAN Matcha Ice Cream 6boxes*3bags*90ml","Frozen & Chilled Foods","Ice Cream","YUANCHUAN","10-07-2026/0.0","67.0","2026-10-07","203.0","203.0","7*5=35","Case","49.141","Alert Date Reached","540","65.5","Crestline Houston Inc"
"L270802345","","FE14300","YUANCHUAN Matcha Ice Cream 6boxes*3bags*90ml","Frozen & Chilled Foods","Ice Cream","YUANCHUAN","08-24-2027/0.0","67.0","2027-08-24","203.0","203.0","7*5=35","Case","49.141","","540","999.0","Crestline Houston Inc"
"L260502346","","FE14300","YUANCHUAN Matcha Ice Cream 6boxes*3bags*90ml","Frozen & Chilled Foods","Ice Cream","YUANCHUAN","05-10-2026/0.0","0.0","2026-05-10","203.0","203.0","7*5=35","Case","49.141","","540","65.5","Crestline Houston Inc"
"L260302347","","FE14300","YUANCHUAN Matcha Ice Cream 6boxes*3bags*90ml","Frozen & Chilled Foods","Ice Cream","YUANCHUAN","03-03-2026/0.0","0.0","2026-03-03","203.0","203.0","7*5=35","Case","49.141","","540","65.5","Crestline Houston Inc"
"L280202348","","FE04114","YUANCHUAN Melon Ice Cream 8boxes*4bags*90ml","Frozen & Chilled Foods","Ice Cream","YUANCHUAN","02-01-2028/0.0","5.0","2028-02-01","9.0","10.0","","Case","42.234","","540","50.0","Crestline Houston Inc"
"L261102349","","FE04114","YUANCHUAN Melon Ice Cream 8boxes*4bags*90ml","Frozen & Chilled Foods","Ice Cream","YUANCHUAN","11-23-2026/0.0","4.0","2026-11-23","9.0","10.0","","Case","42.234","","540","50.0","Crestline Houston Inc"
"2026-04-18","","FE04114","YUANCHUAN Melon Ice Cream 8boxes*4bags*90ml","Frozen & Chilled Foods","Ice Cream","YUANCHUAN","04-18-2026/0.0","0.0","2026-04-18","9.0","10.0","","Case","42.234","","540","50.0","Crestline Houston Inc"
"L260302351","","FE04114","YUANCHUAN Melon Ice Cream 8boxes*4bags*90ml","Frozen & Chilled Foods","Ice Cream","YUANCHUAN","03-30-2026/0.0","0.0","2026-03-30","9.0","10.0","","Case","42.234","","540","50.0","Crestline Houston Inc"
"L270102352","","FE60393","YUANCHUAN Brown Sugar Ice Cream 6boxes*4bags*88ml","Frozen & Chilled Foods","Ice Cream","YUANCHUAN","01-04-2027/0.0","11.0","2027-01-04","11.0","11.0","","Case","33.767","","540","49.0","Crestline Houston Inc"
"2026-02-14","","FE60393","YUANCHUAN Brown Sugar Ice Cream 6boxes*4bags*88ml","Frozen & Chilled Foods","Ice Cream","YUANCHUAN","02-14-2026/0.0","0.0","2026-02-14","11.0","11.0","","Case","33.767","","540","49.0","Crestline Houston Inc"
"L270902354","","FE83379","Chenle Chocolate Ice Cream 6boxes*3bags*72ml","Frozen & Chilled Foods","Ice Cream","Chenle","09-13-2027/0.0","54.0","2027-09-13","162.0","214.0","18*5=90","Case","42.096","","540","60.0","Crestline Houston Inc"
"L270302355","","FE83379","Chenle Chocolate Ice Cream 6boxes*3bags*72ml","Frozen & Chilled Foods","Ice Cream","Chenle","03-10-2027/0.0","54.0","2027-03-10","162.0","214.0","18*5=90","Case","42.096","","540","60.0","Crestline Houston Inc"
"L270802356","","FE83379","Chenle Chocolate Ice Cream 6boxes*3bags*72ml","Frozen & Chilled Foods","Ice Cream","Chenle","08-23-2027/0.0","54.0","2027-08-23","162.0","214.0","18*5=90","Case","42.096","","540","60.0","Crestline Houston Inc"
"L270602357","","FE03167","Chenle Pineapple Ice Cream 8boxes*4bags*90ml","Frozen & Chilled Foods","Ice Cream","Chenle","06-05-2027/0.0","30.0","2027-06-05","30.0","49.0","13*7=91","Case","36.963","","540","44.5","Crestline Houston Inc"
"2026-01-08","","FE03167","Chenle Pineapple Ice Cream 8boxes*4bags*90ml","Frozen & Chilled Foods","Ice Cream","Chenle","01-08-2026/0.0","0.0","2026-01-08","30.0","49.0","13*7=91","Case","36.963","","540","44.5","Crestline Houston Inc"
"L270302359","","FE35318","Chenle Red Bean Ice Cream 8boxes*3bags*72ml","Frozen & Chilled Foods","Ice Cream","Chenle","03-23-2027/0.0","19.0","2027-03-23","53.0","79.0","4*8=32","Case","42.631","","540","60.5","Crestline Houston Inc"
"L270802360","","FE35318","Chenle Red Bean Ice Cream 8boxes*3bags*72ml","Frozen & Chilled Foods","Ice Cream","Chenle","08-21-2027/0.0","17.0","2027-08-21","53.0","79.0","4*8=32","Case","42.631","","540","60.5","Crestline Houston Inc"
"L270602361","","FE35318","Chenle Red Bean Ice Cream 8boxes*3bags*72ml","Frozen & Chilled Foods","Ice Cream","Chenle","06-26-2027/0.0","17.0","2027-06-26","53.0","79.0","4*8=32","Case","42.631","","540","60.5","Crestline Houston Inc"
"L260302362","","FE35318","Chenle Red Bean Ice Cream 8boxes*3bags*72ml","Frozen & Chilled Foods","Ice Cream","Chenle","03-29-2026/0.0","0.0","2026-03-29","53.0","79.0","4*8=32","Case","42.631","","540","60.5","Crestline Houston Inc"
"L270902363","","FE60355","Chenle Osmanthus Ice Cream 8boxes*4bags*88ml","Frozen & Chilled Foods","Ice Cream","Chenle","09-11-2027/0.0","415.0","2027-09-11","1243.0","2474.0","16*13=208","Case","31.236","","540","44.5","Crestline Houston Inc"
"L270802364","","FE60355","Chenle Osmanthus Ice Cream 8boxes*4bags*88ml","Frozen & Chilled Foods","Ice Cream","Chenle","08-10-2027/0.0","414.0","2027-08-10","1243.0","2474.0","16*13=208","Case","31.236","","540","44.5","Crestline Houston Inc"
"L260502365","","FE60355","Chenle Osmanthus Ice Cream 8boxes*4bags*88ml","Frozen & Chilled Foods","Ice Cream","Chenle","05-11-2026/0.0","414.0","2026-05-11","1243.0","2474.0","16*13=208","Case","31.236","Alert Date Reached","540","44.5","Crestline Houston Inc"
"L271002366","","FE57162","Chenle Lychee Ice Cream 6boxes*4bags*88ml","Frozen & Chilled Foods","Ice Cream","Chenle","10-17-2027/0.0","1.0","2027-10-17","1.0","1.0","13*8=104","Case","34.524","","540","44.0","Crestline Houston Inc"
"L261102367","","FE12333","Chenle Taro Ice Cream 24boxes*4bags*72ml","Frozen & Chilled Foods","Ice Cream","Chenle","11-25-2026/0.0","161.0","2026-11-25","321.0","390.0","","Case","47.94","","540","67.0","Crestline Houston Inc"
"L271002368","","FE12333","Chenle Taro Ice Cream 24boxes*4bags*72ml","Frozen & Chilled Foods","Ice Cream","Chenle","10-02-2027/0.0","160.0","2027-10-02","321.0","390.0","","Case","47.94","","540","67.0","Crestline Houston Inc"
"L270602369","","FE72394","Chenle Melon Ice Cream 6boxes*3bags*72ml","Frozen & Chilled Foods","Ice Cream","Chenle","06-21-2027/0.0","149.0","2027-06-21","298.0","313.0","8*9=72","Case","34.881","","540","50.0","Crestline Houston Inc"
"L270902370","","FE72394","Chenle Melon Ice Cream 6boxes*3bags*72ml","Frozen & Chilled Foods","Ice Cream","Chenle","09-23-2027/0.0","149.0","2027-09-23","298.0","313.0","8*9=72","Case","34.881","","540","50.0","Crestline Houston Inc"
"L260702371","","FE72394","Chenle Melon Ice Cream 6boxes*3bags*72ml","Frozen & Chilled Foods","Ice Cream","Chenle","07-08-2026/0.0","0.0","2026-07-08","298.0","313.0","8*9=72","Case","34.881","","540","50.0","Crestline Houston Inc"
"2025-10-31","","FE72394","Chenle Melon Ice Cream 6boxes*3bags*72ml","Frozen & Chilled Foods","Ice Cream","Chenle","10-31-2025/0.0","0.0","2025-10-31","298.0","313.0","8*9=72","Case","34.881","","540","50.0","Crestline Houston Inc"
"L261002373","","FE73210","Chenle Strawberry Ice Cream 8boxes*3bags*90ml","Frozen & Chilled Foods","Ice Cream","Chenle","10-29-2026/0.0","141.0","2026-10-29","281.0","282.0","","Case","49.587","Alert Date Reached","540","62.5","Crestline Houston Inc"
"L271102374","","FE73210","Chenle Strawberry Ice Cream 8boxes*3bags*90ml","Frozen & Chilled Foods","Ice Cream","Chenle","11-08-2027/0.0","140.0","2027-11-08","281.0","282.0","","Case","49.587","","540","62.5","Crestline Houston Inc"
"L251202375","","FE73210","Chenle Strawberry Ice Cream 8boxes*3bags*90ml","Frozen & Chilled Foods","Ice Cream","Chenle","12-24-2025/0.0","0.0","2025-12-24","281.0","282.0","","Case","49.587","","540","62.5","Crestline Houston Inc"
"L270602376","","FE34150","Chenle Coconut Ice Cream 24boxes*4bags*90ml","Frozen & Chilled Foods","Ice Cream","Chenle","06-28-2027/0.0","799.0","2027-06-28","2395.0","2539.0","14*13=182","Case","39.008","","540","57.0","Crestline Houston Inc"
"L270302377","","FE34150","Chenle Coconut Ice Cream 24boxes*4bags*90ml","Frozen & Chilled Foods","Ice Cream","Chenle","03-11-2027/0.0","798.0","2027-03-11","2395.0","2539.0","14*13=182","Case","39.008","","540","57.0","Crestline Houston Inc"
"L270202378","","FE34150","Chenle Coconut Ice Cream 24boxes*4bags*90ml","Frozen & Chilled Foods","Ice Cream","Chenle","02-01-2027/0.0","798.0","2027-02-01","2395.0","2539.0","14*13=182","Case","39.008","","540","57.0","Crestline Houston Inc"
"2025-11-29","","FE34150","Chenle Coconut Ice Cream 24boxes*4bags*90ml","Frozen & Chilled Foods","Ice Cream","Chenle","11-29-2025/0.0","0.0","2025-11-29","2395.0","2539.0","14*13=182","Case","39.008","","540","57.0","Crestline Houston Inc"
"L270102380","","FE33313","Chenqing Lemon Ice Cream 6boxes*3bags*72ml","Frozen & Chilled Foods","Ice Cream","Chenqing","01-07-2027/0.0","397.0","2027-01-07","793.0","793.0","12*9=108","Case","45.528","","540","52.0","Crestline Houston Inc"
"L271202381","","FE33313","Chenqing Lemon Ice Cream 6boxes*3bags*72ml","Frozen & Chilled Foods","Ice Cream","Chenqing","12-21-2027/0.0","396.0","2027-12-21","793.0","793.0","12*9=108","Case","45.528","","540","52.0","Crestline Houston Inc"
"2026-05-08","","FE33313","Chenqing Lemon Ice Cream 6boxes*3bags*72ml","Frozen & Chilled Foods","Ice Cream","Chenqing","05-08-2026/0.0","0.0","2026-05-08","793.0","793.0","12*9=108","Case","45.528","","540","52.0","Crestline Houston Inc"
"2026-03-01","","FE33313","Chenqing Lemon Ice Cream 6boxes*3bags*72ml","Frozen & Chilled Foods","Ice Cream","Chenqing","03-01-2026/0.0","0.0","2026-03-01","793.0","793.0","12*9=108","Case","45.528","","540","52.0","Crestline Houston Inc"
"L270602384","","FE79120","Chenqing Pineapple Ice Cream 6boxes*4bags*88ml","Frozen & Chilled Foods","Ice Cream","Chenqing","06-07-2027/0.0","69.0","2027-06-07","207.0","207.0","16*8=128","Case","47.802","","540","58.5","Crestline Houston Inc"
"L270102385","","FE79120","Chenqing Pineapple Ice Cream 6boxes*4bags*88ml","Frozen & Chilled Foods","Ice Cream","Chenqing","01-21-2027/0.0","69.0","2027-01-21","207.0","207.0","16*8=128","Case","47.802","","540","58.5","Crestline Houston Inc"
"L261102386","","FE79120","Chenqing Pineapple Ice Cream 6boxes*4bags*88ml","Frozen & Chilled Foods","Ice Cream","Chenqing","11-30-2026/0.0","69.0","2026-11-30","207.0","207.0","16*8=128","Case","47.802","","540","58.5","Crestline Houston Inc"
"L270602387","","FE16292","Chenqing Grape Ice Cream 6boxes*3bags*90ml","Frozen & Chilled Foods","Ice Cream","Chenqing","06-21-2027/0.0","23.0","2027-06-21","46.0","73.0","6*8=48","Case","47.882","","540","53.5","Crestline Houston Inc"
"L270502388","","FE16292","Chenqing Grape Ice Cream 6boxes*3bags*90ml","Frozen & Chilled Foods","Ice Cream","Chenqing","05-02-2027/0.0","23.0","2027-05-02","46.0","73.0","6*8=48","Case","47.882","","540","53.5","Crestline Houston Inc"
"L270402389","","FE08324","Chenqing Osmanthus Ice Cream 24boxes*4bags*88ml","Frozen & Chilled Foods","Ice Cream","Chenqing","04-11-2027/0.0","18.0","2027-04-11","36.0","36.0","","Case","41.09","","540","48.0","Crestline Houston Inc"
"L270402390","","FE08324","Chenqing Osmanthus Ice Cream 24boxes*4bags*88ml","Frozen & Chilled Foods","Ice Cream","Chenqing","04-04-2027/0.0","18.0","2027-04-04","36.0","36.0","","Case","41.09","","540","48.0","Crestline Houston Inc"
"L270102391","","FE16253","Chenqing Strawberry Ice Cream 6boxes*4bags*88ml","Frozen & Chilled Foods","Ice Cream","Chenqing","01-06-2027/0.0","16.0","2027-01-06","48.0","48.0","4*7=28","Case","52.787","","540","62.5","Crestline Houston Inc"
"L270802392","","FE16253","Chenqing Strawberry Ice Cream 6boxes*4bags*88ml","Frozen & Chilled Foods","Ice Cream","Chenqing","08-05-2027/0.0","16.0","2027-08-05","48.0","48.0","4*7=28","Case","52.787","","540","62.5","Crestline Houston Inc"
"L280102393","","FE16253","Chenqing Strawberry Ice Cream 6boxes*4bags*88ml","Frozen & Chilled Foods","Ice Cream","Chenqing","01-24-2028/0.0","16.0","2028-01-24","48.0","48.0","4*7=28","Case","52.787","","540","62.5","Crestline Houston Inc"
"L271102394","","FE08158","Chenqing Red Bean Ice Cream 6boxes*3bags*90ml","Frozen & Chilled Foods","Ice Cream","Chenqing","11-03-2027/0.0","221.0","2027-11-03","221.0","221.0","","Case","49.871","","540","70.5","Crestline Houston Inc"
"L270202395","","FE83255","Chenqing Brown Sugar Ice Cream 8boxes*3bags*72ml","Frozen & Chilled Foods","Ice Cream","Chenqing","02-21-2027/0.0","4.0","2027-02-21","7.0","15.0","11*7=77","Case","31.661","","540","42.5","Crestline Houston Inc"
"L270302396","","FE83255","Chenqing Brown Sugar Ice Cream 8boxes*3bags*72ml","Frozen & Chilled Foods","Ice Cream","Chenqing","03-23-2027/0.0","3.0","2027-03-23","7.0","15.0","11*7=77","Case","31.661","","540","42.5","Crestline Houston Inc"
"L250902397","","FE83255","Chenqing Brown Sugar Ice Cream 8boxes*3bags*72ml","Frozen & Chilled Foods","Ice Cream","Chenqing","09-03-2025/0.0","0.0","2025-09-03","7.0","15.0","11*7=77","Case","31.661","","540","999.0","Crestline Houston Inc"
"L261002398","","FE54213","Chenqing Peach Ice Cream 24boxes*3bags*88ml","Frozen & Chilled Foods","Ice Cream","Chenqing","10-19-2026/0.0","20.0","2026-10-19","40.0","40.0","6*6=36","Case","39.027","Alert Date Reached","540","52.0","Crestline Houston Inc"
"L270702399","","FE54213","Chenqing Peach Ice Cream 24boxes*3bags*88ml","Frozen & Chilled Foods","Ice Cream","Chenqing","07-13-2027/0.0","20.0","2027-07-13","40.0","40.0","6*6=36","Case","39.027","","540","52.0","Crestline Houston Inc"
"2025-09-24","","FE54213","Chenqing Peach Ice Cream 24boxes*3bags*88ml","Frozen & Chilled Foods","Ice Cream","Chenqing","09-24-2025/0.0","0.0","2025-09-24","40.0","40.0","6*6=36","Case","39.027","","540","52.0","Crestline Houston Inc"
"2025-11-23","","FE54213","Chenqing Peach Ice Cream 24boxes*3bags*88ml","Frozen & Chilled Foods","Ice Cream","Chenqing","11-23-2025/0.0","0.0","2025-11-23","40.0","40.0","6*6=36","Case","39.027","","540","52.0","Crestline Houston Inc"
"L270102402","","FE72304","Chenqing Melon Ice Cream 8boxes*3bags*90ml","Frozen & Chilled Foods","Ice Cream","Chenqing","01-28-2027/0.0","183.0","2027-01-28","183.0","183.0","4*8=32","Case","49.37","","540","62.5","Crestline Houston Inc"
"2025-12-12","","FE72304","Chenqing Melon Ice Cream 8boxes*3bags*90ml","Frozen & Chilled Foods","Ice Cream","Chenqing","12-12-2025/0.0","0.0","2025-12-12","183.0","183.0","4*8=32","Case","49.37","","540","62.5","Crestline Houston Inc"
"2026-05-12","","FE72304","Chenqing Melon Ice Cream 8boxes*3bags*90ml","Frozen & Chilled Foods","Ice Cream","Chenqing","05-12-2026/0.0","0.0","2026-05-12","183.0","183.0","4*8=32","Case","49.37","","540","62.5","Crestline Houston Inc"
"L270202405","","L20305","XIANFU Tomato Wood Ear Mushroom 12bags*70g","Dried Vegetables","Wood Ear Mushroom","XIANFU","02-28-2027/0.0","0.0","2027-02-28","0.0","0.0","","Case","96.29","","1080","117.0","Crestline Houston Inc"
"L251002406","","L20305","XIANFU Tomato Wood Ear Mushroom 12bags*70g","Dried Vegetables","Wood Ear Mushroom","XIANFU","10-12-2025/0.0","0.0","2025-10-12","0.0","0.0","","Case","96.29","","1080","117.0","Crestline Houston Inc"
"L270102407","","H48284","XIANFU BBQ Pickled Products 20bags*1000g","Dried Vegetables","Pickled Products","XIANFU","01-31-2027/0.0","23.0","2027-01-31","45.0","45.0","18*9=162","Case","44.201","","540","51.0","Crestline Houston Inc"
"L270602408","","H48284","XIANFU BBQ Pickled Products 20bags*1000g","Dried Vegetables","Pickled Products","XIANFU","06-16-2027/0.0","22.0","2027-06-16","45.0","45.0","18*9=162","Case","44.201","","540","51.0","Crestline Houston Inc"
"2026-08-16","","H48284","XIANFU BBQ Pickled Products 20bags*1000g","Dried Vegetables","Pickled Products","XIANFU","08-16-2026/0.0","0.0","2026-08-16","45.0","45.0","18*9=162","Case","44.201","","540","51.0","Crestline Houston Inc"
"L260902410","","E25184","Lusong Pickled Vegetable Brown Sugar 10bags*70g","Honey & Jam","Brown Sugar","Lusong","09-11-2026/0.0","0.0","2026-09-11","0.0","3.0","5*9=45","Case","36.443","","1080","44.5","Crestline Houston Inc"
"L280902411","","E25184","Lusong Pickled Vegetable Brown Sugar 10bags*70g","Honey & Jam","Brown Sugar","Lusong","09-12-2028/0.0","0.0","2028-09-12","0.0","3.0","5*9=45","Case","36.443","","1080","44.5","Crestline Houston Inc"
"L290102412","","E25184","Lusong Pickled Vegetable Brown Sugar 10bags*70g","Honey & Jam","Brown Sugar","Lusong","01-06-2029/0.0","0.0","2029-01-06","0.0","3.0","5*9=45","Case","36.443","","1080","44.5","Crestline Houston Inc"
"L280702413","","E17155","Lusong Seafood Brown Sugar 8bags*400g","Honey & Jam","Brown Sugar","Lusong","07-18-2028/0.0","18.0","2028-07-18","18.0","111.0","9*13=117","Case","16.934","","1080","21.0","Crestline Houston Inc"
"2025-11-24","","E17155","Lusong Seafood Brown Sugar 8bags*400g","Honey & Jam","Brown Sugar","Lusong","11-24-2025/0.0","0.0","2025-11-24","18.0","111.0","9*13=117","Case","16.934","","1080","21.0","Crestline Houston Inc"
"L261202415","","B46334","SHANBAO Jujube Puffed Snacks 12bags*200g","Candy & Snacks","Puffed Snacks","SHANBAO","12-24-2026/0.0","1.0","2026-12-24","1.0","3.0","6*11=66","Case","16.868","","270","21.5","Crestline Houston Inc"
"L270402416","","B46334","SHANBAO Jujube Puffed Snacks 12bags*200g","Candy & Snacks","Puffed Snacks","SHANBAO","04-28-2027/0.0","0.0","2027-04-28","1.0","3.0","6*11=66","Case","16.868","","270","21.5","Crestline Houston Inc"
"L270102417","","B46334","SHANBAO Jujube Puffed Snacks 12bags*200g","Candy & Snacks","Puffed Snacks","SHANBAO","01-31-2027/0.0","0.0","2027-01-31","1.0","3.0","6*11=66","Case","16.868","","270","21.5","Crestline Houston Inc"
"2026-02-09","","B46334","SHANBAO Jujube Puffed Snacks 12bags*200g","Candy & Snacks","Puffed Snacks","SHANBAO","02-09-2026/0.0","0.0","2026-02-09","1.0","3.0","6*11=66","Case","16.868","","270","999.0","Crestline Houston Inc"
"L270402419","","B76296","SHANBAO Jujube Seasoned Soy Snacks 30bags*1000g","Candy & Snacks","Seasoned Soy Snacks","SHANBAO","04-02-2027/0.0","78.0","2027-04-02","156.0","156.0","","Case","24.498","","300","28.5","Crestline Houston Inc"
"L270702420","","B76296","SHANBAO Jujube Seasoned Soy Snacks 30bags*1000g","Candy & Snacks","Seasoned Soy Snacks","SHANBAO","07-03-2027/0.0","78.0","2027-07-03","156.0","156.0","","Case","24.498","","300","28.5","Crestline Houston Inc"
"2026-05-07","","B76296","SHANBAO Jujube Seasoned Soy Snacks 30bags*1000g","Candy & Snacks","Seasoned Soy Snacks","SHANBAO","05-07-2026/0.0","0.0","2026-05-07","156.0","156.0","","Case","24.498","","300","28.5","Crestline Houston Inc"
"2025-10-18","","B76296","SHANBAO Jujube Seasoned Soy Snacks 30bags*1000g","Candy & Snacks","Seasoned Soy Snacks","SHANBAO","10-18-2025/0.0","0.0","2025-10-18","156.0","156.0","","Case","24.498","","300","28.5","Crestline Houston Inc"
"L270302423","","B72230","WANXIAN Five Spice Rice Crackers&Popcorn 6bags*200g","Candy & Snacks","Rice Crackers&Popcorn","WANXIAN","03-14-2027/0.0","60.0","2027-03-14","119.0","119.0","12*10=120","Case","26.17","","360","39.5","Crestline Houston Inc"
"L270102424","","B72230","WANXIAN Five Spice Rice Crackers&Popcorn 6bags*200g","Candy & Snacks","Rice Crackers&Popcorn","WANXIAN","01-29-2027/0.0","59.0","2027-01-29","119.0","119.0","12*10=120","Case","26.17","","360","39.5","Crestline Houston Inc"
"L270802425","","VEL60206","Chengfeng Original Electronics 60ml","Beauty & Health & Home","Electronics","Chengfeng","08-15-2027/0.0","0.0","2027-08-15","0.0","0.0","10*5=50","each","5.807","","1095","6.5","Crestline Houston Inc"
"L290502426","","VEL60206","Chengfeng Original Electronics 60ml","Beauty & Health & Home","Electronics","Chengfeng","05-26-2029/0.0","0.0","2029-05-26","0.0","0.0","10*5=50","each","5.807","","1095","6.5","Crestline Houston Inc"
"L251102427","","VEL60206","Chengfeng Original Electronics 60ml","Beauty & Health & Home","Electronics","Chengfeng","11-12-2025/0.0","0.0","2025-11-12","0.0","0.0","10*5=50","each","5.807","","1095","6.5","Crestline Houston Inc"
"L270302428","","B66373","Fuxi Pineapple Puffed/Flour Snacks 30bags*70g","Candy & Snacks","Puffed/Flour Snacks","Fuxi","03-13-2027/0.0","2.0","2027-03-13","2.0","4.0","16*12=192","Case","32.596","","270","40.0","Crestline Houston Inc"
"L260802429","","B77267","Fuxi Red Bean Candy 20bags*70g","Candy & Snacks","Candy","Fuxi","08-27-2026/0.0","25.0","2026-08-27","50.0","50.0","4*14=56","Case","38.883","Alert Date Reached","540","43.5","Crestline Houston Inc"
"L270402430","","B77267","Fuxi Red Bean Candy 20bags*70g","Candy & Snacks","Candy","Fuxi","04-26-2027/0.0","25.0","2027-04-26","50.0","50.0","4*14=56","Case","38.883","","540","43.5","Crestline Houston Inc"
"L270302431","","B23232","Fuxi Green Tea Puffed Snacks 8bags*70g","Candy & Snacks","Puffed Snacks","Fuxi","03-25-2027/0.0","7.0","2027-03-25","17.0","19.0","10*11=110","Case","41.194","","270","47.5","Crestline Houston Inc"
"L270302432","","B23232","Fuxi Green Tea Puffed Snacks 8bags*70g","Candy & Snacks","Puffed Snacks","Fuxi","03-22-2027/0.0","5.0","2027-03-22","17.0","19.0","10*11=110","Case","41.194","","270","47.5","Crestline Houston Inc"
"L270302433","","B23232","Fuxi Green Tea Puffed Snacks 8bags*70g","Candy & Snacks","Puffed Snacks","Fuxi","03-17-2027/0.0","5.0","2027-03-17","17.0","19.0","10*11=110","Case","41.194","","270","47.5","Crestline Houston Inc"
"L251002434","","B23232","Fuxi Green Tea Puffed Snacks 8bags*70g","Candy & Snacks","Puffed Snacks","Fuxi","10-18-2025/0.0","0.0","2025-10-18","17.0","19.0","10*11=110","Case","41.194","","270","47.5","Crestline Houston Inc"
"L261102435","","B78210","Fuxi Brown Sugar Egg Snacks 20bags*1000g","Candy & Snacks","Egg Snacks","Fuxi","11-05-2026/0.0","7.0","2026-11-05","13.0","21.0","4*6=24","Case","20.223","Alert Date Reached","360","29.5","Crestline Houston Inc"
"L261102436","","B78210","Fuxi Brown Sugar Egg Snacks 20bags*1000g","Candy & Snacks","Egg Snacks","Fuxi","11-01-2026/0.0","6.0","2026-11-01","13.0","21.0","4*6=24","Case","20.223","Alert Date Reached","360","29.5","Crestline Houston Inc"
"L251202437","","B78210","Fuxi Brown Sugar Egg Snacks 20bags*1000g","Candy & Snacks","Egg Snacks","Fuxi","12-16-2025/0.0","0.0","2025-12-16","13.0","21.0","4*6=24","Case","20.223","","360","29.5","Crestline Houston Inc"
"2026-05-27","","B78210","Fuxi Brown Sugar Egg Snacks 20bags*1000g","Candy & Snacks","Egg Snacks","Fuxi","05-27-2026/0.0","0.0","2026-05-27","13.0","21.0","4*6=24","Case","20.223","","360","29.5","Crestline Houston Inc"
"L270802439","","FA87267","Runliang Beef Frozen Pastries&Pancakes&Baked Pancakes 30bags*1000g","Frozen & Chilled Foods","Frozen Pastries&Pancakes&Baked Pancakes","Runliang","08-02-2027/0.0","27.0","2027-08-02","27.0","33.0","13*14=182","Case","43.301","","360","62.5","Crestline Houston Inc"
"L260902440","","G53180","Zhouyou Taro Sauces 10bags*400g","Seasonings","Sauces","Zhouyou","09-18-2026/0.0","1.0","2026-09-18","1.0","1.0","","Case","14.819","Alert Date Reached","540","18.0","Crestline Houston Inc"
"L271102441","","G53180","Zhouyou Taro Sauces 10bags*400g","Seasonings","Sauces","Zhouyou","11-08-2027/0.0","0.0","2027-11-08","1.0","1.0","","Case","14.819","","540","18.0","Crestline Houston Inc"
"L270202442","","G53180","Zhouyou Taro Sauces 10bags*400g","Seasonings","Sauces","Zhouyou","02-13-2027/0.0","0.0","2027-02-13","1.0","1.0","","Case","14.819","","540","18.0","Crestline Houston Inc"
"L280402443","","E46232","Zhouyou Taro Garlic 1bag*5lb","Seasonings","Garlic","Zhouyou","04-10-2028/0.0","0.0","2028-04-10","0.0","0.0","","Bag","23.926","","1080","35.5","Crestline Houston Inc"
"L270202444","","E46232","Zhouyou Taro Garlic 1bag*5lb","Seasonings","Garlic","Zhouyou","02-24-2027/0.0","0.0","2027-02-24","0.0","0.0","","Bag","23.926","","1080","35.5","Crestline Houston Inc"
"L270602445","","E46232","Zhouyou Taro Garlic 1bag*5lb","Seasonings","Garlic","Zhouyou","06-28-2027/0.0","0.0","2027-06-28","0.0","0.0","","Bag","23.926","","1080","35.5","Crestline Houston Inc"
"L270402446","","A40326","XIANYOU Melon Milk 24btls*500ml","Beverages","Milk","XIANYOU","04-19-2027/0.0","4.0","2027-04-19","8.0","11.0","17*8=136","Case","24.047","","360","29.0","Crestline Houston Inc"
"L270202447","","A40326","XIANYOU Melon Milk 24btls*500ml","Beverages","Milk","XIANYOU","02-10-2027/0.0","4.0","2027-02-10","8.0","11.0","17*8=136","Case","24.047","","360","29.0","Crestline Houston Inc"
"L260402448","","A40326","XIANYOU Melon Milk 24btls*500ml","Beverages","Milk","XIANYOU","04-29-2026/0.0","0.0","2026-04-29","8.0","11.0","17*8=136","Case","24.047","","360","29.0","Crestline Houston Inc"
"2026-08-24","","A40326","XIANYOU Melon Milk 24btls*500ml","Beverages","Milk","XIANYOU","08-24-2026/0.0","0.0","2026-08-24","8.0","11.0","17*8=136","Case","24.047","","360","29.0","Crestline Houston Inc"
"L270502450","","A11282","XIANYOU Red Bean Milk 12btls*330ml","Beverages","Milk","XIANYOU","05-04-2027/0.0","1.0","2027-05-04","1.0","3.0","","Case","18.571","","360","27.0","Crestline Houston Inc"
"L270302451","","A11282","XIANYOU Red Bean Milk 12btls*330ml","Beverages","Milk","XIANYOU","03-17-2027/0.0","0.0","2027-03-17","1.0","3.0","","Case","18.571","","360","27.0","Crestline Houston Inc"
"L261202452","","A11282","XIANYOU Red Bean Milk 12btls*330ml","Beverages","Milk","XIANYOU","12-22-2026/0.0","0.0","2026-12-22","1.0","3.0","","Case","18.571","","360","27.0","Crestline Houston Inc"
"L270102453","","B90387","Jiaqing Jujube Seasoned Vegetarian Snacks 12bags*200g","Candy & Snacks","Seasoned Vegetarian Snacks","Jiaqing","01-17-2027/0.0","57.0","2027-01-17","114.0","114.0","17*7=119","Case","29.285","","240","36.5","Crestline Houston Inc"
"L270202454","","B90387","Jiaqing Jujube Seasoned Vegetarian Snacks 12bags*200g","Candy & Snacks","Seasoned Vegetarian Snacks","Jiaqing","02-02-2027/0.0","57.0","2027-02-02","114.0","114.0","17*7=119","Case","29.285","","240","36.5","Crestline Houston Inc"
"L260602455","","B68372","Jiaqing Peach Seasoned Vegetarian Snacks 12bags*200g","Candy & Snacks","Seasoned Vegetarian Snacks","Jiaqing","06-25-2026/0.0","2.0","2026-06-25","2.0","2.0","","Case","24.46","Alert Date Reached","240","28.5","Crestline Houston Inc"
"L251202456","","B68372","Jiaqing Peach Seasoned Vegetarian Snacks 12bags*200g","Candy & Snacks","Seasoned Vegetarian Snacks","Jiaqing","12-14-2025/0.0","0.0","2025-12-14","2.0","2.0","","Case","24.46","","240","28.5","Crestline Houston Inc"
"L251102457","","B68372","Jiaqing Peach Seasoned Vegetarian Snacks 12bags*200g","Candy & Snacks","Seasoned Vegetarian Snacks","Jiaqing","11-17-2025/0.0","0.0","2025-11-17","2.0","2.0","","Case","24.46","","240","28.5","Crestline Houston Inc"
"L270302458","","B96137","Jiaqing Milk Rice Crackers&Popcorn 20bags*1000g","Candy & Snacks","Rice Crackers&Popcorn","Jiaqing","03-17-2027/0.0","1.0","2027-03-17","1.0","1.0","","Case","22.778","","360","25.5","Crestline Houston Inc"
"L261202459","","B96137","Jiaqing Milk Rice Crackers&Popcorn 20bags*1000g","Candy & Snacks","Rice Crackers&Popcorn","Jiaqing","12-29-2026/0.0","0.0","2026-12-29","1.0","1.0","","Case","22.778","","360","25.5","Crestline Houston Inc"
"L270402460","","B96137","Jiaqing Milk Rice Crackers&Popcorn 20bags*1000g","Candy & Snacks","Rice Crackers&Popcorn","Jiaqing","04-20-2027/0.0","0.0","2027-04-20","1.0","1.0","","Case","22.778","","360","25.5","Crestline Houston Inc"
"2026-05-28","","B96137","Jiaqing Milk Rice Crackers&Popcorn 20bags*1000g","Candy & Snacks","Rice Crackers&Popcorn","Jiaqing","05-28-2026/0.0","0.0","2026-05-28","1.0","1.0","","Case","22.778","","360","25.5","Crestline Houston Inc"
"2025-09-16","","B96137","Jiaqing Milk Rice Crackers&Popcorn 20bags*1000g","Candy & Snacks","Rice Crackers&Popcorn","Jiaqing","09-16-2025/0.0","0.0","2025-09-16","1.0","1.0","","Case","22.778","","360","25.5","Crestline Houston Inc"
"L280302463","","VMU76139","Luxi Brown Sugar Cosmetics 60ml","Beauty & Health & Home","Cosmetics","Luxi","03-16-2028/0.0","5.0","2028-03-16","13.0","70.0","","each","13.654","","1095","16.0","Crestline Houston Inc"
"L290102464","","VMU76139","Luxi Brown Sugar Cosmetics 60ml","Beauty & Health & Home","Cosmetics","Luxi","01-25-2029/0.0","4.0","2029-01-25","13.0","70.0","","each","13.654","","1095","16.0","Crestline Houston Inc"
"L290502465","","VMU76139","Luxi Brown Sugar Cosmetics 60ml","Beauty & Health & Home","Cosmetics","Luxi","05-31-2029/0.0","4.0","2029-05-31","13.0","70.0","","each","13.654","","1095","16.0","Crestline Houston Inc"
"L280902466","","VHS52103","Luxi Grape Health & Nutrition Drinks 500ml","Beauty & Health & Home","Health & Nutrition Drinks","Luxi","09-13-2028/0.0","10.0","2028-09-13","28.0","28.0","5*7=35","each","4.937","","1095","5.5","Crestline Houston Inc"
"L290502467","","VHS52103","Luxi Grape Health & Nutrition Drinks 500ml","Beauty & Health & Home","Health & Nutrition Drinks","Luxi","05-14-2029/0.0","9.0","2029-05-14","28.0","28.0","5*7=35","each","4.937","","1095","5.5","Crestline Houston Inc"
"L280702468","","VHS52103","Luxi Grape Health & Nutrition Drinks 500ml","Beauty & Health & Home","Health & Nutrition Drinks","Luxi","07-21-2028/0.0","9.0","2028-07-21","28.0","28.0","5*7=35","each","4.937","","1095","5.5","Crestline Houston Inc"
"L290702469","","VSC89340","Luxi Grape Skin Care 200ml","Beauty & Health & Home","Skin Care","Luxi","07-15-2029/0.0","65.0","2029-07-15","129.0","256.0","","each","10.362","","1095","15.5","Crestline Houston Inc"
"L290502470","","VSC89340","Luxi Grape Skin Care 200ml","Beauty & Health & Home","Skin Care","Luxi","05-30-2029/0.0","64.0","2029-05-30","129.0","256.0","","each","10.362","","1095","15.5","Crestline Houston Inc"
"L270502471","","B97167","Yuanyue Milk Cheese Snacks 12bags*70g","Candy & Snacks","Cheese Snacks","Yuanyue","05-14-2027/0.0","16.0","2027-05-14","31.0","53.0","11*13=143","Case","12.54","","270","18.5","Crestline Houston Inc"
"L270502472","","B97167","Yuanyue Milk Cheese Snacks 12bags*70g","Candy & Snacks","Cheese Snacks","Yuanyue","05-17-2027/0.0","15.0","2027-05-17","31.0","53.0","11*13=143","Case","12.54","","270","18.5","Crestline Houston Inc"
"L270902473","","CJ44363","YOUFENG Peach BBQ Sauce 24bags*200g","Seasonings","BBQ Sauce","YOUFENG","09-24-2027/0.0","7.0","2027-09-24","21.0","22.0","18*8=144","Case","35.303","","540","43.0","Crestline Houston Inc"
"L271102474","","CJ44363","YOUFENG Peach BBQ Sauce 24bags*200g","Seasonings","BBQ Sauce","YOUFENG","11-21-2027/0.0","7.0","2027-11-21","21.0","22.0","18*8=144","Case","35.303","","540","43.0","Crestline Houston Inc"
"L270502475","","CJ44363","YOUFENG Peach BBQ Sauce 24bags*200g","Seasonings","BBQ Sauce","YOUFENG","05-08-2027/0.0","7.0","2027-05-08","21.0","22.0","18*8=144","Case","35.303","","540","43.0","Crestline Houston Inc"
"L260102476","","CJ44363","YOUFENG Peach BBQ Sauce 24bags*200g","Seasonings","BBQ Sauce","YOUFENG","01-19-2026/0.0","0.0","2026-01-19","21.0","22.0","18*8=144","Case","35.303","","540","43.0","Crestline Houston Inc"
"L270902477","","G44190","YOUFENG Coconut Oyster Sauce 10bags*500g","Seasonings","Oyster Sauce","YOUFENG","09-09-2027/0.0","150.0","2027-09-09","300.0","301.0","","Case","34.395","","540","38.5","Crestline Houston Inc"
"L270502478","","G44190","YOUFENG Coconut Oyster Sauce 10bags*500g","Seasonings","Oyster Sauce","YOUFENG","05-23-2027/0.0","150.0","2027-05-23","300.0","301.0","","Case","34.395","","540","38.5","Crestline Houston Inc"
"L280702479","","F49103","Xiangxi Pickled Vegetable Peanuts 6bags*200g","Grains","Peanuts","Xiangxi","07-29-2028/0.0","120.0","2028-07-29","239.0","239.0","","Case","37.724","","1080","42.5","Crestline Houston Inc"
"L271202480","","F49103","Xiangxi Pickled Vegetable Peanuts 6bags*200g","Grains","Peanuts","Xiangxi","12-07-2027/0.0","119.0","2027-12-07","239.0","239.0","","Case","37.724","","1080","42.5","Crestline Houston Inc"
"L290402481","","A69294","FENGFU Osmanthus Coconut Milk 15btls*1500ml","Beverages","Coconut Milk","FENGFU","04-02-2029/0.0","1.0","2029-04-02","2.0","2.0","18*6=108","Case","20.214","","1080","23.0","Crestline Houston Inc"
"L270202482","","A69294","FENGFU Osmanthus Coconut Milk 15btls*1500ml","Beverages","Coconut Milk","FENGFU","02-01-2027/0.0","1.0","2027-02-01","2.0","2.0","18*6=108","Case","20.214","","1080","23.0","Crestline Houston Inc"
"L270402483","","A89374","FENGFU Taro Beverages 20btls*1500ml","Beverages","Beverages","FENGFU","04-25-2027/0.0","75.0","2027-04-25","223.0","223.0","","Case","13.669","","360","18.0","Crestline Houston Inc"
"L270102484","","A89374","FENGFU Taro Beverages 20btls*1500ml","Beverages","Beverages","FENGFU","01-20-2027/0.0","74.0","2027-01-20","223.0","223.0","","Case","13.669","","360","18.0","Crestline Houston Inc"
"L270702485","","A89374","FENGFU Taro Beverages 20btls*1500ml","Beverages","Beverages","FENGFU","07-27-2027/0.0","74.0","2027-07-27","223.0","223.0","","Case","13.669","","360","18.0","Crestline Houston Inc"
"2026-04-25","","A89374","FENGFU Taro Beverages 20btls*1500ml","Beverages","Beverages","FENGFU","04-25-2026/0.0","0.0","2026-04-25","223.0","223.0","","Case","13.669","","360","18.0","Crestline Houston Inc"
"2026-03-06","","A89374","FENGFU Taro Beverages 20btls*1500ml","Beverages","Beverages","FENGFU","03-06-2026/0.0","0.0","2026-03-06","223.0","223.0","","Case","13.669","","360","18.0","Crestline Houston Inc"
"L261202488","","A51343","FENGFU Spicy Probiotic Drinks 12btls*330ml","Beverages","Probiotic Drinks","FENGFU","12-15-2026/0.0","237.0","2026-12-15","237.0","237.0","6*12=72","Case","12.832","","360","16.5","Crestline Houston Inc"
"L260802489","","A45365","LIANGYUE Lychee Sparkling Water 12btls*330ml","Beverages","Sparkling Water","LIANGYUE","08-17-2026/0.0","1277.0","2026-08-17","1277.0","1449.0","16*8=128","Case","15.395","Alert Date Reached","360","20.0","Crestline Houston Inc"
"L251202490","","A45365","LIANGYUE Lychee Sparkling Water 12btls*330ml","Beverages","Sparkling Water","LIANGYUE","12-29-2025/0.0","0.0","2025-12-29","1277.0","1449.0","16*8=128","Case","15.395","","360","20.0","Crestline Houston Inc"
"L270202491","","A71349","LIANGYUE Pineapple Juice 12btls*280ml","Beverages","Juice","LIANGYUE","02-17-2027/0.0","25.0","2027-02-17","49.0","49.0","17*5=85","Case","20.114","","360","28.5","Crestline Houston Inc"
"L270102492","","A71349","LIANGYUE Pineapple Juice 12btls*280ml","Beverages","Juice","LIANGYUE","01-27-2027/0.0","24.0","2027-01-27","49.0","49.0","17*5=85","Case","20.114","","360","28.5","Crestline Houston Inc"
"L260602493","","A71349","LIANGYUE Pineapple Juice 12btls*280ml","Beverages","Juice","LIANGYUE","06-24-2026/0.0","0.0","2026-06-24","49.0","49.0","17*5=85","Case","20.114","","360","28.5","Crestline Houston Inc"
"L280102494","","F49284","QINGXIAN Melon Vegetarian Meat 30bags*500g","Dried Vegetables","Vegetarian Meat","QINGXIAN","01-17-2028/0.0","3.0","2028-01-17","3.0","3.0","","Case","50.175","","720","68.0","Crestline Houston Inc"
"L260602495","","F49284","QINGXIAN Melon Vegetarian Meat 30bags*500g","Dried Vegetables","Vegetarian Meat","QINGXIAN","06-30-2026/0.0","0.0","2026-06-30","3.0","3.0","","Case","50.175","","720","68.0","Crestline Houston Inc"
"L270502496","","H23126","QINGXIAN Pickled Vegetable Pickled Products 6bags*100g","Dried Vegetables","Pickled Products","QINGXIAN","05-06-2027/0.0","0.0","2027-05-06","0.0","10.0","18*6=108","Case","30.881","","540","45.5","Crestline Houston Inc"
"L270302497","","C69185","Zhouxi Honey Drink Powder/Blocks 6bags*200g","Instant Drinks","Drink Powder/Blocks","Zhouxi","03-03-2027/0.0","81.0","2027-03-03","243.0","243.0","","Case","19.915","","720","27.5","Crestline Houston Inc"
"L261002498","","C69185","Zhouxi Honey Drink Powder/Blocks 6bags*200g","Instant Drinks","Drink Powder/Blocks","Zhouxi","10-28-2026/0.0","81.0","2026-10-28","243.0","243.0","","Case","19.915","Alert Date Reached","720","27.5","Crestline Houston Inc"
"L270602499","","C69185","Zhouxi Honey Drink Powder/Blocks 6bags*200g","Instant Drinks","Drink Powder/Blocks","Zhouxi","06-04-2027/0.0","81.0","2027-06-04","243.0","243.0","","Case","19.915","","720","27.5","Crestline Houston Inc"
"L270202500","","B56339","Chenrui Peach Rice Crackers&Popcorn 24bags*500g","Candy & Snacks","Rice Crackers&Popcorn","Chenrui","02-19-2027/0.0","11.0","2027-02-19","11.0","24.0","5*10=50","Case","37.777","","360","44.5","Crestline Houston Inc"
"L270302501","","B16283","Chenrui Mala Puffed/Flour Snacks 12bags*100g","Candy & Snacks","Puffed/Flour Snacks","Chenrui","03-16-2027/0.0","28.0","2027-03-16","56.0","62.0","5*8=40","Case","34.036","","270","44.0","Crestline Houston Inc"
"L261202502","","B16283","Chenrui Mala Puffed/Flour Snacks 12bags*100g","Candy & Snacks","Puffed/Flour Snacks","Chenrui","12-06-2026/0.0","28.0","2026-12-06","56.0","62.0","5*8=40","Case","34.036","","270","44.0","Crestline Houston Inc"
"L270602503","","B28336","Chenrui Tomato Candy 12bags*100g","Candy & Snacks","Candy","Chenrui","06-04-2027/0.0","13.0","2027-06-04","39.0","39.0","7*7=49","Case","27.254","","540","37.5","Crestline Houston Inc"
"L271002504","","B28336","Chenrui Tomato Candy 12bags*100g","Candy & Snacks","Candy","Chenrui","10-22-2027/0.0","13.0","2027-10-22","39.0","39.0","7*7=49","Case","27.254","","540","999.0","Crestline Houston Inc"
"L270202505","","B28336","Chenrui Tomato Candy 12bags*100g","Candy & Snacks","Candy","Chenrui","02-20-2027/0.0","13.0","2027-02-20","39.0","39.0","7*7=49","Case","27.254","","540","37.5","Crestline Houston Inc"
"2026-05-02","","B28336","Chenrui Tomato Candy 12bags*100g","Candy & Snacks","Candy","Chenrui","05-02-2026/0.0","0.0","2026-05-02","39.0","39.0","7*7=49","Case","27.254","","540","37.5","Crestline Houston Inc"
"2025-09-30","","B28336","Chenrui Tomato Candy 12bags*100g","Candy & Snacks","Candy","Chenrui","09-30-2025/0.0","0.0","2025-09-30","39.0","39.0","7*7=49","Case","27.254","","540","37.5","Crestline Houston Inc"
"L270402508","","A95270","Baoan Corn Milk 20btls*480ml","Beverages","Milk","Baoan","04-10-2027/0.0","5.0","2027-04-10","5.0","5.0","15*5=75","Case","22.595","","360","31.5","Crestline Houston Inc"
"L270102509","","A29259","Baoan Beef Milk Drinks 15btls*280ml","Beverages","Milk Drinks","Baoan","01-01-2027/0.0","1.0","2027-01-01","1.0","4.0","","Case","14.972","","240","21.0","Crestline Houston Inc"
"L270102510","","A38147","Baoan Chocolate Juice 12btls*480ml","Beverages","Juice","Baoan","01-05-2027/0.0","33.0","2027-01-05","65.0","65.0","4*5=20","Case","24.156","","360","29.0","Crestline Houston Inc"
"L270402511","","A38147","Baoan Chocolate Juice 12btls*480ml","Beverages","Juice","Baoan","04-07-2027/0.0","32.0","2027-04-07","65.0","65.0","4*5=20","Case","24.156","","360","29.0","Crestline Houston Inc"
"L260802512","","A38147","Baoan Chocolate Juice 12btls*480ml","Beverages","Juice","Baoan","08-24-2026/0.0","0.0","2026-08-24","65.0","65.0","4*5=20","Case","24.156","","360","29.0","Crestline Houston Inc"
"2025-11-12","","A38147","Baoan Chocolate Juice 12btls*480ml","Beverages","Juice","Baoan","11-12-2025/0.0","0.0","2025-11-12","65.0","65.0","4*5=20","Case","24.156","","360","29.0","Crestline Houston Inc"
"L270602514","","A17227","Baoan Grape Coconut Water 20btls*280ml","Beverages","Coconut Water","Baoan","06-12-2027/0.0","63.0","2027-06-12","63.0","68.0","16*11=176","Case","20.415","","360","26.0","Crestline Houston Inc"
"L270102515","","A92139","Baoan Beef Milk 24btls*480ml","Beverages","Milk","Baoan","01-22-2027/0.0","6.0","2027-01-22","6.0","6.0","4*13=52","Case","16.47","","360","21.0","Crestline Houston Inc"
"2026-02-07","","A92139","Baoan Beef Milk 24btls*480ml","Beverages","Milk","Baoan","02-07-2026/0.0","0.0","2026-02-07","6.0","6.0","4*13=52","Case","16.47","","360","21.0","Crestline Houston Inc"
"L261202517","","A29120","WANSHUN Mango Ready-to-Drink Tea 15btls*1500ml","Beverages","Ready-to-Drink Tea","WANSHUN","12-04-2026/0.0","4.0","2026-12-04","8.0","15.0","","Case","10.623","","360","15.0","Crestline Houston Inc"
"L261102518","","A29120","WANSHUN Mango Ready-to-Drink Tea 15btls*1500ml","Beverages","Ready-to-Drink Tea","WANSHUN","11-11-2026/0.0","2.0","2026-11-11","8.0","15.0","","Case","10.623","Alert Date Reached","360","15.0","Crestline Houston Inc"
"L260602519","","A29120","WANSHUN Mango Ready-to-Drink Tea 15btls*1500ml","Beverages","Ready-to-Drink Tea","WANSHUN","06-21-2026/0.0","2.0","2026-06-21","8.0","15.0","","Case","10.623","Alert Date Reached","360","15.0","Crestline Houston Inc"
"L270102520","","A89371","WANSHUN Mala Sparkling Water 20btls*1500ml","Beverages","Sparkling Water","WANSHUN","01-28-2027/0.0","0.0","2027-01-28","0.0","1.0","18*8=144","Case","24.4","","360","31.5","Crestline Houston Inc"
"L270402521","","A89371","WANSHUN Mala Sparkling Water 20btls*1500ml","Beverages","Sparkling Water","WANSHUN","04-30-2027/0.0","0.0","2027-04-30","0.0","1.0","18*8=144","Case","24.4","","360","999.0","Crestline Houston Inc"
"L270402522","","A89371","WANSHUN Mala Sparkling Water 20btls*1500ml","Beverages","Sparkling Water","WANSHUN","04-08-2027/0.0","0.0","2027-04-08","0.0","1.0","18*8=144","Case","24.4","","360","31.5","Crestline Houston Inc"
"L250902523","","A89371","WANSHUN Mala Sparkling Water 20btls*1500ml","Beverages","Sparkling Water","WANSHUN","09-21-2025/0.0","0.0","2025-09-21","0.0","1.0","18*8=144","Case","24.4","","360","31.5","Crestline Houston Inc"
"L250802524","","A89371","WANSHUN Mala Sparkling Water 20btls*1500ml","Beverages","Sparkling Water","WANSHUN","08-28-2025/0.0","0.0","2025-08-28","0.0","1.0","18*8=144","Case","24.4","","360","31.5","Crestline Houston Inc"
"L271202525","","D23226","JINSONG Peach Rice Noodles 12bags*200g","Dry Noodles","Rice Noodles","JINSONG","12-02-2027/0.0","23.0","2027-12-02","23.0","28.0","16*12=192","Case","16.243","","720","18.5","Crestline Houston Inc"
"L270702526","","A43150","FENGFENG Garlic Milk 12btls*500ml","Beverages","Milk","FENGFENG","07-09-2027/0.0","36.0","2027-07-09","104.0","104.0","","Case","17.841","","360","20.0","Crestline Houston Inc"
"L260502527","","A43150","FENGFENG Garlic Milk 12btls*500ml","Beverages","Milk","FENGFENG","05-14-2026/0.0","34.0","2026-05-14","104.0","104.0","","Case","17.841","Alert Date Reached","360","20.0","Crestline Houston Inc"
"L270302528","","A43150","FENGFENG Garlic Milk 12btls*500ml","Beverages","Milk","FENGFENG","03-16-2027/0.0","34.0","2027-03-16","104.0","104.0","","Case","17.841","","360","20.0","Crestline Houston Inc"
"L260702529","","A43150","FENGFENG Garlic Milk 12btls*500ml","Beverages","Milk","FENGFENG","07-26-2026/0.0","0.0","2026-07-26","104.0","104.0","","Case","17.841","","360","20.0","Crestline Houston Inc"
"2026-01-05","","A43150","FENGFENG Garlic Milk 12btls*500ml","Beverages","Milk","FENGFENG","01-05-2026/0.0","0.0","2026-01-05","104.0","104.0","","Case","17.841","","360","20.0","Crestline Houston Inc"
"L270102531","","A16378","FENGFENG Green Tea Sparkling Water 12btls*500ml","Beverages","Sparkling Water","FENGFENG","01-20-2027/0.0","153.0","2027-01-20","455.0","529.0","","Case","11.697","","360","13.0","Crestline Houston Inc"
"L270302532","","A16378","FENGFENG Green Tea Sparkling Water 12btls*500ml","Beverages","Sparkling Water","FENGFENG","03-07-2027/0.0","151.0","2027-03-07","455.0","529.0","","Case","11.697","","360","13.0","Crestline Houston Inc"
"L270602533","","A16378","FENGFENG Green Tea Sparkling Water 12btls*500ml","Beverages","Sparkling Water","FENGFENG","06-28-2027/0.0","151.0","2027-06-28","455.0","529.0","","Case","11.697","","360","13.0","Crestline Houston Inc"
"L270302534","","F18149","FENGGU Lemon Flour 12bags*200g","Grains","Flour","FENGGU","03-20-2027/0.0","1.0","2027-03-20","1.0","3.0","11*14=154","Case","37.865","","720","46.5","Crestline Houston Inc"
"L270902535","","F17210","CHENGQING Jujube Peanuts 12bags*70g","Grains","Peanuts","CHENGQING","09-30-2027/0.0","1.0","2027-09-30","1.0","1.0","5*11=55","Case","23.599","","1080","35.5","Crestline Houston Inc"
"L271202536","","F17210","CHENGQING Jujube Peanuts 12bags*70g","Grains","Peanuts","CHENGQING","12-02-2027/0.0","0.0","2027-12-02","1.0","1.0","5*11=55","Case","23.599","","1080","35.5","Crestline Houston Inc"
"2026-01-15","","F17210","CHENGQING Jujube Peanuts 12bags*70g","Grains","Peanuts","CHENGQING","01-15-2026/0.0","0.0","2026-01-15","1.0","1.0","5*11=55","Case","23.599","","1080","35.5","Crestline Houston Inc"
"L261202538","","F10343","CHENGQING Mango Mixed Grains 12bags*100g","Grains","Mixed Grains","CHENGQING","12-11-2026/0.0","6.0","2026-12-11","6.0","6.0","12*11=132","Case","45.378","","1080","54.5","Crestline Houston Inc"
"L270102539","","VBB72309","CHENWAN Pineapple Baby Products 150ml","Beauty & Health & Home","Baby Products","CHENWAN","01-18-2027/0.0","0.0","2027-01-18","0.0","288.0","","each","10.362","","1095","15.5","Crestline Houston Inc"
"2025-11-12","","VBB72309","CHENWAN Pineapple Baby Products 150ml","Beauty & Health & Home","Baby Products","CHENWAN","11-12-2025/0.0","0.0","2025-11-12","0.0","288.0","","each","10.362","","1095","999.0","Crestline Houston Inc"
"L280302541","","VSC10122","CHENWAN Lychee Skin Care 150ml","Beauty & Health & Home","Skin Care","CHENWAN","03-30-2028/0.0","81.0","2028-03-30","241.0","241.0","16*14=224","each","6.174","","1095","9.0","Crestline Houston Inc"
"L280502542","","VSC10122","CHENWAN Lychee Skin Care 150ml","Beauty & Health & Home","Skin Care","CHENWAN","05-08-2028/0.0","80.0","2028-05-08","241.0","241.0","16*14=224","each","6.174","","1095","9.0","Crestline Houston Inc"
"L280202543","","VSC10122","CHENWAN Lychee Skin Care 150ml","Beauty & Health & Home","Skin Care","CHENWAN","02-20-2028/0.0","80.0","2028-02-20","241.0","241.0","16*14=224","each","6.174","","1095","9.0","Crestline Houston Inc"
"L250902544","","VSC10122","CHENWAN Lychee Skin Care 150ml","Beauty & Health & Home","Skin Care","CHENWAN","09-01-2025/0.0","0.0","2025-09-01","241.0","241.0","16*14=224","each","6.174","","1095","9.0","Crestline Houston Inc"
"L260202545","","VSC10122","CHENWAN Lychee Skin Care 150ml","Beauty & Health & Home","Skin Care","CHENWAN","02-20-2026/0.0","0.0","2026-02-20","241.0","241.0","16*14=224","each","6.174","","1095","9.0","Crestline Houston Inc"
"L290702546","","VHB18210","CHENWAN Sea Salt Hair 10bags*70g","Beauty & Health & Home","Hair","CHENWAN","07-14-2029/0.0","164.0","2029-07-14","164.0","239.0","9*13=117","Case","13.866","","1095","16.0","Crestline Houston Inc"
"L260802547","","VHB18210","CHENWAN Sea Salt Hair 10bags*70g","Beauty & Health & Home","Hair","CHENWAN","08-20-2026/0.0","0.0","2026-08-20","164.0","239.0","9*13=117","Case","13.866","","1095","16.0","Crestline Houston Inc"
"L251002548","","VHB18210","CHENWAN Sea Salt Hair 10bags*70g","Beauty & Health & Home","Hair","CHENWAN","10-12-2025/0.0","0.0","2025-10-12","164.0","239.0","9*13=117","Case","13.866","","1095","16.0","Crestline Houston Inc"
"L261202549","","VHB47257","CHENWAN Chocolate Hair 12bags*200g","Beauty & Health & Home","Hair","CHENWAN","12-06-2026/0.0","66.0","2026-12-06","196.0","223.0","10*6=60","Case","3.325","","1095","4.0","Crestline Houston Inc"
"L271102550","","VHB47257","CHENWAN Chocolate Hair 12bags*200g","Beauty & Health & Home","Hair","CHENWAN","11-30-2027/0.0","65.0","2027-11-30","196.0","223.0","10*6=60","Case","3.325","","1095","4.0","Crestline Houston Inc"
"L270302551","","VHB47257","CHENWAN Chocolate Hair 12bags*200g","Beauty & Health & Home","Hair","CHENWAN","03-06-2027/0.0","65.0","2027-03-06","196.0","223.0","10*6=60","Case","3.325","","1095","4.0","Crestline Houston Inc"
"2026-06-15","","VHB47257","CHENWAN Chocolate Hair 12bags*200g","Beauty & Health & Home","Hair","CHENWAN","06-15-2026/0.0","0.0","2026-06-15","196.0","223.0","10*6=60","Case","3.325","","1095","4.0","Crestline Houston Inc"
"2026-01-31","","VHB47257","CHENWAN Chocolate Hair 12bags*200g","Beauty & Health & Home","Hair","CHENWAN","01-31-2026/0.0","0.0","2026-01-31","196.0","223.0","10*6=60","Case","3.325","","1095","4.0","Crestline Houston Inc"
"L270402554","","G74271","YUANQING Mala Syrup 20bags*500g","Honey & Jam","Syrup","YUANQING","04-18-2027/0.0","151.0","2027-04-18","151.0","151.0","15*9=135","Case","27.958","","720","36.5","Crestline Houston Inc"
"L260702555","","E40196","YUANQING Melon Brown Sugar 20bags*100g","Honey & Jam","Brown Sugar","YUANQING","07-28-2026/0.0","64.0","2026-07-28","64.0","87.0","8*13=104","Case","42.789","Alert Date Reached","1080","54.5","Crestline Houston Inc"
"L261102556","","E09373","Guwan Osmanthus White Sugar 12bags*100g","Honey & Jam","White Sugar","Guwan","11-18-2026/0.0","5.0","2026-11-18","9.0","13.0","9*10=90","Case","35.108","Alert Date Reached","1080","40.5","Crestline Houston Inc"
"L270602557","","E09373","Guwan Osmanthus White Sugar 12bags*100g","Honey & Jam","White Sugar","Guwan","06-16-2027/0.0","4.0","2027-06-16","9.0","13.0","9*10=90","Case","35.108","","1080","40.5","Crestline Houston Inc"
"2025-09-26","","E09373","Guwan Osmanthus White Sugar 12bags*100g","Honey & Jam","White Sugar","Guwan","09-26-2025/0.0","0.0","2025-09-26","9.0","13.0","9*10=90","Case","35.108","","1080","40.5","Crestline Houston Inc"
"L260402559","","E09373","Guwan Osmanthus White Sugar 12bags*100g","Honey & Jam","White Sugar","Guwan","04-28-2026/0.0","0.0","2026-04-28","9.0","13.0","9*10=90","Case","35.108","","1080","40.5","Crestline Houston Inc"
"L270602560","","E86166","Guwan Corn White Sugar 6bags*150g","Honey & Jam","White Sugar","Guwan","06-06-2027/0.0","125.0","2027-06-06","249.0","249.0","","Case","36.291","","1080","41.5","Crestline Houston Inc"
"L270902561","","E86166","Guwan Corn White Sugar 6bags*150g","Honey & Jam","White Sugar","Guwan","09-01-2027/0.0","124.0","2027-09-01","249.0","249.0","","Case","36.291","","1080","41.5","Crestline Houston Inc"
"L260802562","","E86166","Guwan Corn White Sugar 6bags*150g","Honey & Jam","White Sugar","Guwan","08-04-2026/0.0","0.0","2026-08-04","249.0","249.0","","Case","36.291","","1080","41.5","Crestline Houston Inc"
"2026-05-24","","E86166","Guwan Corn White Sugar 6bags*150g","Honey & Jam","White Sugar","Guwan","05-24-2026/0.0","0.0","2026-05-24","249.0","249.0","","Case","36.291","","1080","41.5","Crestline Houston Inc"
"L270802564","","G71202","CHUANRUI Green Tea MSG&Seasoning Powder 12bags*70g","Seasonings","MSG&Seasoning Powder","CHUANRUI","08-09-2027/0.0","22.0","2027-08-09","22.0","22.0","","Case","21.419","","720","26.0","Crestline Houston Inc"
"2025-09-19","","G71202","CHUANRUI Green Tea MSG&Seasoning Powder 12bags*70g","Seasonings","MSG&Seasoning Powder","CHUANRUI","09-19-2025/0.0","0.0","2025-09-19","22.0","22.0","","Case","21.419","","720","26.0","Crestline Houston Inc"
"L260602566","","G71202","CHUANRUI Green Tea MSG&Seasoning Powder 12bags*70g","Seasonings","MSG&Seasoning Powder","CHUANRUI","06-01-2026/0.0","0.0","2026-06-01","22.0","22.0","","Case","21.419","","720","26.0","Crestline Houston Inc"
"L280602567","","CJ44247","CHUANRUI Strawberry Salt 6bags*70g","Seasonings","Salt","CHUANRUI","06-15-2028/0.0","16.0","2028-06-15","16.0","16.0","","Case","36.054","","1800","40.5","Crestline Houston Inc"
"2026-06-08","","CJ44247","CHUANRUI Strawberry Salt 6bags*70g","Seasonings","Salt","CHUANRUI","06-08-2026/0.0","0.0","2026-06-08","16.0","16.0","","Case","36.054","","1800","40.5","Crestline Houston Inc"
"L290502569","","VPC10254","Chenmai Mango Eye Care 150ml","Beauty & Health & Home","Eye Care","Chenmai","05-18-2029/0.0","7.0","2029-05-18","21.0","26.0","6*5=30","each","12.201","","1095","16.5","Crestline Houston Inc"
"L261002570","","VPC10254","Chenmai Mango Eye Care 150ml","Beauty & Health & Home","Eye Care","Chenmai","10-19-2026/0.0","7.0","2026-10-19","21.0","26.0","6*5=30","each","12.201","Alert Date Reached","1095","16.5","Crestline Houston Inc"
"L270302571","","VPC10254","Chenmai Mango Eye Care 150ml","Beauty & Health & Home","Eye Care","Chenmai","03-25-2027/0.0","7.0","2027-03-25","21.0","26.0","6*5=30","each","12.201","","1095","16.5","Crestline Houston Inc"
"2026-08-16","","VPC10254","Chenmai Mango Eye Care 150ml","Beauty & Health & Home","Eye Care","Chenmai","08-16-2026/0.0","0.0","2026-08-16","21.0","26.0","6*5=30","each","12.201","","1095","16.5","Crestline Houston Inc"
"L260302573","","VPC10254","Chenmai Mango Eye Care 150ml","Beauty & Health & Home","Eye Care","Chenmai","03-31-2026/0.0","0.0","2026-03-31","21.0","26.0","6*5=30","each","12.201","","1095","16.5","Crestline Houston Inc"
"L280202574","","VHK78357","Chenmai Taro Home Cleaning 60ml","Beauty & Health & Home","Home Cleaning","Chenmai","02-05-2028/0.0","32.0","2028-02-05","32.0","32.0","11*7=77","each","7.603","","1095","10.5","Crestline Houston Inc"
"L280402575","","VPC79142","Maibao Seafood Eye Care 400ml","Beauty & Health & Home","Eye Care","Maibao","04-04-2028/0.0","2.0","2028-04-04","4.0","4.0","11*10=110","each","5.423","","1095","8.0","Crestline Houston Inc"
"L270502576","","VPC79142","Maibao Seafood Eye Care 400ml","Beauty & Health & Home","Eye Care","Maibao","05-24-2027/0.0","2.0","2027-05-24","4.0","4.0","11*10=110","each","5.423","","1095","999.0","Crestline Houston Inc"
"L270602577","","VHB69106","Maibao Brown Sugar Hand & Body Care 400ml","Beauty & Health & Home","Hand & Body Care","Maibao","06-15-2027/0.0","118.0","2027-06-15","118.0","118.0","17*9=153","each","9.951","","1095","999.0","Crestline Houston Inc"
"L260702578","","VHK30154","Maibao Melon Home Cleaning 250ml","Beauty & Health & Home","Home Cleaning","Maibao","07-01-2026/0.0","756.0","2026-07-01","756.0","756.0","12*11=132","each","13.328","Alert Date Reached","3650","17.5","Crestline Houston Inc"
"L251002579","","VHK30154","Maibao Melon Home Cleaning 250ml","Beauty & Health & Home","Home Cleaning","Maibao","10-24-2025/0.0","0.0","2025-10-24","756.0","756.0","12*11=132","each","13.328","","3650","17.5","Crestline Houston Inc"
"L270902580","","VHS64175","Maibao Jujube Health & Nutrition Drinks 200ml","Beauty & Health & Home","Health & Nutrition Drinks","Maibao","09-10-2027/0.0","157.0","2027-09-10","314.0","314.0","10*6=60","each","8.933","","1095","13.0","Crestline Houston Inc"
"L290702581","","VHS64175","Maibao Jujube Health & Nutrition Drinks 200ml","Beauty & Health & Home","Health & Nutrition Drinks","Maibao","07-16-2029/0.0","157.0","2029-07-16","314.0","314.0","10*6=60","each","8.933","","1095","13.0","Crestline Houston Inc"
"2026-08-17","","VHS64175","Maibao Jujube Health & Nutrition Drinks 200ml","Beauty & Health & Home","Health & Nutrition Drinks","Maibao","08-17-2026/0.0","0.0","2026-08-17","314.0","314.0","10*6=60","each","8.933","","1095","13.0","Crestline Houston Inc"
"2026-01-18","","VHS64175","Maibao Jujube Health & Nutrition Drinks 200ml","Beauty & Health & Home","Health & Nutrition Drinks","Maibao","01-18-2026/0.0","0.0","2026-01-18","314.0","314.0","10*6=60","each","8.933","","1095","13.0","Crestline Houston Inc"
"L270102584","","E17271","BAOSHUN Original Black Pepper 8bags*400g","Seasonings","Black Pepper","BAOSHUN","01-11-2027/0.0","162.0","2027-01-11","162.0","162.0","","Case","41.554","","1000","52.5","Crestline Houston Inc"
"L260402585","","E17271","BAOSHUN Original Black Pepper 8bags*400g","Seasonings","Black Pepper","BAOSHUN","04-25-2026/0.0","0.0","2026-04-25","162.0","162.0","","Case","41.554","","1000","52.5","Crestline Houston Inc"
"L280902586","","E41352","BAOSHUN Chocolate Garlic 1bag*50lb","Seasonings","Garlic","BAOSHUN","09-18-2028/0.0","13.0","2028-09-18","25.0","25.0","12*5=60","Bag","44.033","","1080","54.0","Crestline Houston Inc"
"L270702587","","E41352","BAOSHUN Chocolate Garlic 1bag*50lb","Seasonings","Garlic","BAOSHUN","07-16-2027/0.0","12.0","2027-07-16","25.0","25.0","12*5=60","Bag","44.033","","1080","54.0","Crestline Houston Inc"
"L250902588","","E41352","BAOSHUN Chocolate Garlic 1bag*50lb","Seasonings","Garlic","BAOSHUN","09-20-2025/0.0","0.0","2025-09-20","25.0","25.0","12*5=60","Bag","44.033","","1080","54.0","Crestline Houston Inc"
"2026-05-25","","E41352","BAOSHUN Chocolate Garlic 1bag*50lb","Seasonings","Garlic","BAOSHUN","05-25-2026/0.0","0.0","2026-05-25","25.0","25.0","12*5=60","Bag","44.033","","1080","54.0","Crestline Houston Inc"
"L270602590","","B09351","Anchuan Coconut Rice Crackers&Popcorn 10bags*1000g","Candy & Snacks","Rice Crackers&Popcorn","Anchuan","06-09-2027/0.0","42.0","2027-06-09","122.0","128.0","12*13=156","Case","21.181","","360","27.0","Crestline Houston Inc"
"L270702591","","B09351","Anchuan Coconut Rice Crackers&Popcorn 10bags*1000g","Candy & Snacks","Rice Crackers&Popcorn","Anchuan","07-09-2027/0.0","40.0","2027-07-09","122.0","128.0","12*13=156","Case","21.181","","360","27.0","Crestline Houston Inc"
"L260902592","","B09351","Anchuan Coconut Rice Crackers&Popcorn 10bags*1000g","Candy & Snacks","Rice Crackers&Popcorn","Anchuan","09-28-2026/0.0","40.0","2026-09-28","122.0","128.0","12*13=156","Case","21.181","Alert Date Reached","360","27.0","Crestline Houston Inc"
"L261202593","","G04157","Yuanxi Five Spice Chili Sauce 24bags*150g","Seasonings","Chili Sauce","Yuanxi","12-21-2026/0.0","18.0","2026-12-21","18.0","41.0","","Case","24.025","","720","30.0","Crestline Houston Inc"
"L270802594","","E28264","Yuanxi Beef Sichuan Pepper Seasonings 10bags*1000g","Seasonings","Sichuan Pepper Seasonings","Yuanxi","08-28-2027/0.0","154.0","2027-08-28","154.0","154.0","18*11=198","Case","16.291","","1080","19.5","Crestline Houston Inc"
"2025-09-04","","E28264","Yuanxi Beef Sichuan Pepper Seasonings 10bags*1000g","Seasonings","Sichuan Pepper Seasonings","Yuanxi","09-04-2025/0.0","0.0","2025-09-04","154.0","154.0","18*11=198","Case","16.291","","1080","19.5","Crestline Houston Inc"
"2026-06-04","","E28264","Yuanxi Beef Sichuan Pepper Seasonings 10bags*1000g","Seasonings","Sichuan Pepper Seasonings","Yuanxi","06-04-2026/0.0","0.0","2026-06-04","154.0","154.0","18*11=198","Case","16.291","","1080","19.5","Crestline Houston Inc"
"L270402597","","FA27163","TIANJIN Pineapple Dumplings 10bags*100g","Frozen & Chilled Foods","Dumplings","TIANJIN","04-14-2027/0.0","20.0","2027-04-14","20.0","43.0","16*6=96","Case","40.748","","450","55.5","Crestline Houston Inc"
"L271102598","","FA98206","TIANJIN Honey Steamed Buns 10bags*400g","Frozen & Chilled Foods","Steamed Buns","TIANJIN","11-13-2027/0.0","18.0","2027-11-13","50.0","50.0","","Case","34.841","","540","41.0","Crestline Houston Inc"
"L271202599","","FA98206","TIANJIN Honey Steamed Buns 10bags*400g","Frozen & Chilled Foods","Steamed Buns","TIANJIN","12-07-2027/0.0","16.0","2027-12-07","50.0","50.0","","Case","34.841","","540","41.0","Crestline Houston Inc"
"L270802600","","FA98206","TIANJIN Honey Steamed Buns 10bags*400g","Frozen & Chilled Foods","Steamed Buns","TIANJIN","08-09-2027/0.0","16.0","2027-08-09","50.0","50.0","","Case","34.841","","540","41.0","Crestline Houston Inc"
"2026-01-12","","FA98206","TIANJIN Honey Steamed Buns 10bags*400g","Frozen & Chilled Foods","Steamed Buns","TIANJIN","01-12-2026/0.0","0.0","2026-01-12","50.0","50.0","","Case","34.841","","540","41.0","Crestline Houston Inc"
"L270302602","","FA37250","TIANJIN Chicken Dumplings 24bags*400g","Frozen & Chilled Foods","Dumplings","TIANJIN","03-26-2027/0.0","65.0","2027-03-26","195.0","195.0","16*7=112","Case","60.448","","450","71.0","Crestline Houston Inc"
"L270302603","","FA37250","TIANJIN Chicken Dumplings 24bags*400g","Frozen & Chilled Foods","Dumplings","TIANJIN","03-29-2027/0.0","65.0","2027-03-29","195.0","195.0","16*7=112","Case","60.448","","450","71.0","Crestline Houston Inc"
"L260802604","","FA37250","TIANJIN Chicken Dumplings 24bags*400g","Frozen & Chilled Foods","Dumplings","TIANJIN","08-09-2026/0.0","65.0","2026-08-09","195.0","195.0","16*7=112","Case","60.448","Alert Date Reached","450","71.0","Crestline Houston Inc"
"L270502605","","FG51282","TIANJIN Mango Frozen Beef 24bags*150g","Frozen & Chilled Foods","Frozen Beef","TIANJIN","05-22-2027/0.0","76.0","2027-05-22","151.0","151.0","","LB","37.065","","360","43.0","Crestline Houston Inc"
"L270402606","","FG51282","TIANJIN Mango Frozen Beef 24bags*150g","Frozen & Chilled Foods","Frozen Beef","TIANJIN","04-25-2027/0.0","75.0","2027-04-25","151.0","151.0","","LB","37.065","","360","43.0","Crestline Houston Inc"
"L270702607","","CJ47269","TIANJIN Mala Frozen Chicken 12bags*70g","Frozen & Chilled Foods","Frozen Chicken","TIANJIN","07-15-2027/0.0","42.0","2027-07-15","42.0","42.0","","Case","36.491","","360","48.5","Crestline Houston Inc"
"L251202608","","CJ47269","TIANJIN Mala Frozen Chicken 12bags*70g","Frozen & Chilled Foods","Frozen Chicken","TIANJIN","12-11-2025/0.0","0.0","2025-12-11","42.0","42.0","","Case","36.491","","360","48.5","Crestline Houston Inc"
"L260602609","","CJ47269","TIANJIN Mala Frozen Chicken 12bags*70g","Frozen & Chilled Foods","Frozen Chicken","TIANJIN","06-17-2026/0.0","0.0","2026-06-17","42.0","42.0","","Case","36.491","","360","48.5","Crestline Houston Inc"
"L270502610","","A43260","Chenwei Lemon Ready-to-Drink Tea 15btls*500ml","Beverages","Ready-to-Drink Tea","Chenwei","05-12-2027/0.0","12.0","2027-05-12","34.0","34.0","14*5=70","Case","13.962","","360","999.0","Crestline Houston Inc"
"L270602611","","A43260","Chenwei Lemon Ready-to-Drink Tea 15btls*500ml","Beverages","Ready-to-Drink Tea","Chenwei","06-02-2027/0.0","11.0","2027-06-02","34.0","34.0","14*5=70","Case","13.962","","360","19.5","Crestline Houston Inc"
"L261102612","","A43260","Chenwei Lemon Ready-to-Drink Tea 15btls*500ml","Beverages","Ready-to-Drink Tea","Chenwei","11-14-2026/0.0","11.0","2026-11-14","34.0","34.0","14*5=70","Case","13.962","Alert Date Reached","360","19.5","Crestline Houston Inc"
"L270902613","","A70145","Chenwei Green Tea Ready-to-Drink Coffee 15btls*1500ml","Beverages","Ready-to-Drink Coffee","Chenwei","09-17-2027/0.0","13.0","2027-09-17","39.0","60.0","","Case","23.293","","540","29.0","Crestline Houston Inc"
"L261102614","","A70145","Chenwei Green Tea Ready-to-Drink Coffee 15btls*1500ml","Beverages","Ready-to-Drink Coffee","Chenwei","11-20-2026/0.0","13.0","2026-11-20","39.0","60.0","","Case","23.293","Alert Date Reached","540","29.0","Crestline Houston Inc"
"L270702615","","A70145","Chenwei Green Tea Ready-to-Drink Coffee 15btls*1500ml","Beverages","Ready-to-Drink Coffee","Chenwei","07-29-2027/0.0","13.0","2027-07-29","39.0","60.0","","Case","23.293","","540","29.0","Crestline Houston Inc"
"L261202616","","VHK29316","Fengmai Beef Home Cleaning 150ml","Beauty & Health & Home","Home Cleaning","Fengmai","12-05-2026/0.0","654.0","2026-12-05","654.0","826.0","","each","4.75","","1095","6.5","Crestline Houston Inc"
"2025-09-20","","VHK29316","Fengmai Beef Home Cleaning 150ml","Beauty & Health & Home","Home Cleaning","Fengmai","09-20-2025/0.0","0.0","2025-09-20","654.0","826.0","","each","4.75","","1095","6.5","Crestline Houston Inc"
"L290302618","","VSC46179","Fengmai Five Spice Skin Care 200ml","Beauty & Health & Home","Skin Care","Fengmai","03-06-2029/0.0","128.0","2029-03-06","128.0","205.0","12*10=120","each","10.053","","1095","12.0","Crestline Houston Inc"
"L280602619","","VHB02257","RUIBAO Melon Hand & Body Care 400ml","Beauty & Health & Home","Hand & Body Care","RUIBAO","06-07-2028/0.0","9.0","2028-06-07","25.0","25.0","","each","10.305","","1095","12.0","Crestline Houston Inc"
"L290102620","","VHB02257","RUIBAO Melon Hand & Body Care 400ml","Beauty & Health & Home","Hand & Body Care","RUIBAO","01-21-2029/0.0","8.0","2029-01-21","25.0","25.0","","each","10.305","","1095","12.0","Crestline Houston Inc"
"L271002621","","VHB02257","RUIBAO Melon Hand & Body Care 400ml","Beauty & Health & Home","Hand & Body Care","RUIBAO","10-05-2027/0.0","8.0","2027-10-05","25.0","25.0","","each","10.305","","1095","12.0","Crestline Houston Inc"
"2026-01-24","","VHB02257","RUIBAO Melon Hand & Body Care 400ml","Beauty & Health & Home","Hand & Body Care","RUIBAO","01-24-2026/0.0","0.0","2026-01-24","25.0","25.0","","each","10.305","","1095","12.0","Crestline Houston Inc"
"2026-04-29","","VHB02257","RUIBAO Melon Hand & Body Care 400ml","Beauty & Health & Home","Hand & Body Care","RUIBAO","04-29-2026/0.0","0.0","2026-04-29","25.0","25.0","","each","10.305","","1095","12.0","Crestline Houston Inc"
"L270302624","","VFM12196","Tianyue Chocolate Derma Care 100ml","Beauty & Health & Home","Derma Care","Tianyue","03-24-2027/0.0","101.0","2027-03-24","201.0","219.0","12*13=156","each","9.69","","1095","12.5","Crestline Houston Inc"
"L271102625","","VFM12196","Tianyue Chocolate Derma Care 100ml","Beauty & Health & Home","Derma Care","Tianyue","11-22-2027/0.0","100.0","2027-11-22","201.0","219.0","12*13=156","each","9.69","","1095","12.5","Crestline Houston Inc"
"L281202626","","VPC87320","Tianyue Milk Oral Care 10bags*150g","Beauty & Health & Home","Oral Care","Tianyue","12-11-2028/0.0","1.0","2028-12-11","1.0","1.0","16*6=96","Case","14.599","","1095","17.5","Crestline Houston Inc"
"L290602627","","VPC87320","Tianyue Milk Oral Care 10bags*150g","Beauty & Health & Home","Oral Care","Tianyue","06-28-2029/0.0","0.0","2029-06-28","1.0","1.0","16*6=96","Case","14.599","","1095","999.0","Crestline Houston Inc"
"L280502628","","VPC87320","Tianyue Milk Oral Care 10bags*150g","Beauty & Health & Home","Oral Care","Tianyue","05-06-2028/0.0","0.0","2028-05-06","1.0","1.0","16*6=96","Case","14.599","","1095","17.5","Crestline Houston Inc"
"L311202629","","VCA78277","Yuantian Spicy Apparel & Accessories 200ml","Beauty & Health & Home","Apparel & Accessories","Yuantian","12-11-2031/0.0","67.0","2031-12-11","134.0","204.0","15*9=135","each","15.018","","3650","21.5","Crestline Houston Inc"
"L280902630","","VCA78277","Yuantian Spicy Apparel & Accessories 200ml","Beauty & Health & Home","Apparel & Accessories","Yuantian","09-20-2028/0.0","67.0","2028-09-20","134.0","204.0","15*9=135","each","15.018","","3650","21.5","Crestline Houston Inc"
"2025-12-10","","VCA78277","Yuantian Spicy Apparel & Accessories 200ml","Beauty & Health & Home","Apparel & Accessories","Yuantian","12-10-2025/0.0","0.0","2025-12-10","134.0","204.0","15*9=135","each","15.018","","3650","21.5","Crestline Houston Inc"
"L251202632","","VCA78277","Yuantian Spicy Apparel & Accessories 200ml","Beauty & Health & Home","Apparel & Accessories","Yuantian","12-28-2025/0.0","0.0","2025-12-28","134.0","204.0","15*9=135","each","15.018","","3650","21.5","Crestline Houston Inc"
"L310802633","","VCA33253","Yuantian Seafood Costume Jewelry 8bags*400g","Beauty & Health & Home","Costume Jewelry","Yuantian","08-28-2031/0.0","18.0","2031-08-28","18.0","18.0","13*5=65","Case","16.357","","3650","21.0","Crestline Houston Inc"
"L260802634","","VCA33253","Yuantian Seafood Costume Jewelry 8bags*400g","Beauty & Health & Home","Costume Jewelry","Yuantian","08-02-2026/0.0","0.0","2026-08-02","18.0","18.0","13*5=65","Case","16.357","","3650","999.0","Crestline Houston Inc"
"2025-08-24","","VCA33253","Yuantian Seafood Costume Jewelry 8bags*400g","Beauty & Health & Home","Costume Jewelry","Yuantian","08-24-2025/0.0","0.0","2025-08-24","18.0","18.0","13*5=65","Case","16.357","","3650","21.0","Crestline Houston Inc"
"L290502636","","VMU62273","Yuantian Vanilla Cosmetics 200ml","Beauty & Health & Home","Cosmetics","Yuantian","05-23-2029/0.0","16.0","2029-05-23","16.0","16.0","18*14=252","each","18.346","","1095","22.0","Crestline Houston Inc"
"L271002637","","VBB85169","Yuantian Corn Mother & Bady 24bags*1000g","Beauty & Health & Home","Mother & Bady","Yuantian","10-15-2027/0.0","66.0","2027-10-15","131.0","131.0","5*7=35","Case","12.462","","1095","16.5","Crestline Houston Inc"
"L281202638","","VBB85169","Yuantian Corn Mother & Bady 24bags*1000g","Beauty & Health & Home","Mother & Bady","Yuantian","12-10-2028/0.0","65.0","2028-12-10","131.0","131.0","5*7=35","Case","12.462","","1095","16.5","Crestline Houston Inc"
"L260702639","","VBB85169","Yuantian Corn Mother & Bady 24bags*1000g","Beauty & Health & Home","Mother & Bady","Yuantian","07-08-2026/0.0","0.0","2026-07-08","131.0","131.0","5*7=35","Case","12.462","","1095","16.5","Crestline Houston Inc"
"L251102640","","VBB85169","Yuantian Corn Mother & Bady 24bags*1000g","Beauty & Health & Home","Mother & Bady","Yuantian","11-30-2025/0.0","0.0","2025-11-30","131.0","131.0","5*7=35","Case","12.462","","1095","16.5","Crestline Houston Inc"
"L261202641","","VCA17381","Yuantian Corn Clothes & Apparel 10bags*150g","Beauty & Health & Home","Clothes & Apparel","Yuantian","12-02-2026/0.0","2.0","2026-12-02","2.0","3.0","","Case","15.95","","3650","20.0","Crestline Houston Inc"
"L311202642","","VCA17381","Yuantian Corn Clothes & Apparel 10bags*150g","Beauty & Health & Home","Clothes & Apparel","Yuantian","12-21-2031/0.0","0.0","2031-12-21","2.0","3.0","","Case","15.95","","3650","20.0","Crestline Houston Inc"
"L270402643","","VCA17381","Yuantian Corn Clothes & Apparel 10bags*150g","Beauty & Health & Home","Clothes & Apparel","Yuantian","04-13-2027/0.0","0.0","2027-04-13","2.0","3.0","","Case","15.95","","3650","20.0","Crestline Houston Inc"
"L330202644","","VCA83276","Yuantian Pickled Vegetable Fashion Jewelry 400ml","Beauty & Health & Home","Fashion Jewelry","Yuantian","02-17-2033/0.0","963.0","2033-02-17","963.0","963.0","15*14=210","each","7.265","","3650","10.5","Crestline Houston Inc"
"L271202645","","VFM66152","XIANZHU Honey Derma Care 250ml","Beauty & Health & Home","Derma Care","XIANZHU","12-09-2027/0.0","273.0","2027-12-09","273.0","293.0","13*7=91","each","12.973","","1095","17.5","Crestline Houston Inc"
"2026-05-24","","VFM66152","XIANZHU Honey Derma Care 250ml","Beauty & Health & Home","Derma Care","XIANZHU","05-24-2026/0.0","0.0","2026-05-24","273.0","293.0","13*7=91","each","12.973","","1095","17.5","Crestline Houston Inc"
"L280502647","","VSC59291","XIANZHU Corn Skin Care 500ml","Beauty & Health & Home","Skin Care","XIANZHU","05-06-2028/0.0","8.0","2028-05-06","24.0","145.0","5*7=35","each","14.986","","1095","999.0","Crestline Houston Inc"
"L281002648","","VSC59291","XIANZHU Corn Skin Care 500ml","Beauty & Health & Home","Skin Care","XIANZHU","10-31-2028/0.0","8.0","2028-10-31","24.0","145.0","5*7=35","each","14.986","","1095","17.5","Crestline Houston Inc"
"L270902649","","VSC59291","XIANZHU Corn Skin Care 500ml","Beauty & Health & Home","Skin Care","XIANZHU","09-28-2027/0.0","8.0","2027-09-28","24.0","145.0","5*7=35","each","14.986","","1095","17.5","Crestline Houston Inc"
"2026-03-09","","VSC59291","XIANZHU Corn Skin Care 500ml","Beauty & Health & Home","Skin Care","XIANZHU","03-09-2026/0.0","0.0","2026-03-09","24.0","145.0","5*7=35","each","14.986","","1095","17.5","Crestline Houston Inc"
"L280702651","","VMU02359","XIANZHU Red Bean Cosmetics 250ml","Beauty & Health & Home","Cosmetics","XIANZHU","07-06-2028/0.0","92.0","2028-07-06","183.0","183.0","6*8=48","each","4.131","","1095","5.0","Crestline Houston Inc"
"L261202652","","VMU02359","XIANZHU Red Bean Cosmetics 250ml","Beauty & Health & Home","Cosmetics","XIANZHU","12-11-2026/0.0","91.0","2026-12-11","183.0","183.0","6*8=48","each","4.131","","1095","999.0","Crestline Houston Inc"
"L251102653","","VMU02359","XIANZHU Red Bean Cosmetics 250ml","Beauty & Health & Home","Cosmetics","XIANZHU","11-17-2025/0.0","0.0","2025-11-17","183.0","183.0","6*8=48","each","4.131","","1095","5.0","Crestline Houston Inc"
"L271102654","","G79195","Yuewei Lychee Oyster Sauce 6bags*70g","Seasonings","Oyster Sauce","Yuewei","11-09-2027/0.0","208.0","2027-11-09","415.0","415.0","8*8=64","Case","16.073","","540","22.0","Crestline Houston Inc"
"L270602655","","G79195","Yuewei Lychee Oyster Sauce 6bags*70g","Seasonings","Oyster Sauce","Yuewei","06-04-2027/0.0","207.0","2027-06-04","415.0","415.0","8*8=64","Case","16.073","","540","22.0","Crestline Houston Inc"
"L251202656","","G79195","Yuewei Lychee Oyster Sauce 6bags*70g","Seasonings","Oyster Sauce","Yuewei","12-22-2025/0.0","0.0","2025-12-22","415.0","415.0","8*8=64","Case","16.073","","540","22.0","Crestline Houston Inc"
"L270102657","","E77274","Yuewei Grape Black Pepper 20bags*1000g","Seasonings","Black Pepper","Yuewei","01-24-2027/0.0","51.0","2027-01-24","101.0","101.0","9*7=63","Case","32.499","","1000","46.0","Crestline Houston Inc"
"L280902658","","E77274","Yuewei Grape Black Pepper 20bags*1000g","Seasonings","Black Pepper","Yuewei","09-09-2028/0.0","50.0","2028-09-09","101.0","101.0","9*7=63","Case","32.499","","1000","46.0","Crestline Houston Inc"
"2026-05-24","","E77274","Yuewei Grape Black Pepper 20bags*1000g","Seasonings","Black Pepper","Yuewei","05-24-2026/0.0","0.0","2026-05-24","101.0","101.0","9*7=63","Case","32.499","","1000","46.0","Crestline Houston Inc"
"L260102660","","E77274","Yuewei Grape Black Pepper 20bags*1000g","Seasonings","Black Pepper","Yuewei","01-22-2026/0.0","0.0","2026-01-22","101.0","101.0","9*7=63","Case","32.499","","1000","46.0","Crestline Houston Inc"
"L270102661","","R34118","Maiqing Taro Vegetables 12bags*500g","Fruit & Vegetables","Vegetables","Maiqing","01-21-2027/0.0","17.0","2027-01-21","34.0","34.0","15*11=165","Case","16.648","","60","20.5","Crestline Houston Inc"
"L270102662","","R34118","Maiqing Taro Vegetables 12bags*500g","Fruit & Vegetables","Vegetables","Maiqing","01-14-2027/0.0","17.0","2027-01-14","34.0","34.0","15*11=165","Case","16.648","","60","20.5","Crestline Houston Inc"
"L260102663","","R34118","Maiqing Taro Vegetables 12bags*500g","Fruit & Vegetables","Vegetables","Maiqing","01-08-2026/0.0","0.0","2026-01-08","34.0","34.0","15*11=165","Case","16.648","","60","20.5","Crestline Houston Inc"
"L270102664","","R15138","Maiqing Pineapple Vegetables 12bags*100g","Fruit & Vegetables","Vegetables","Maiqing","01-02-2027/0.0","3.0","2027-01-02","3.0","6.0","13*8=104","Case","14.47","","60","19.0","Crestline Houston Inc"
"L260202665","","R15138","Maiqing Pineapple Vegetables 12bags*100g","Fruit & Vegetables","Vegetables","Maiqing","02-09-2026/0.0","0.0","2026-02-09","3.0","6.0","13*8=104","Case","14.47","","60","19.0","Crestline Houston Inc"
"L260302666","","R15138","Maiqing Pineapple Vegetables 12bags*100g","Fruit & Vegetables","Vegetables","Maiqing","03-25-2026/0.0","0.0","2026-03-25","3.0","6.0","13*8=104","Case","14.47","","60","19.0","Crestline Houston Inc"
"L270802667","","R80133","Maiqing Seafood Fruit 8bags*500g","Fruit & Vegetables","Fruit","Maiqing","08-26-2027/0.0","40.0","2027-08-26","40.0","64.0","10*7=70","Case","40.004","","360","54.5","Crestline Houston Inc"
"2025-09-13","","R80133","Maiqing Seafood Fruit 8bags*500g","Fruit & Vegetables","Fruit","Maiqing","09-13-2025/0.0","0.0","2025-09-13","40.0","64.0","10*7=70","Case","40.004","","360","54.5","Crestline Houston Inc"
"L251202669","","R80133","Maiqing Seafood Fruit 8bags*500g","Fruit & Vegetables","Fruit","Maiqing","12-11-2025/0.0","0.0","2025-12-11","40.0","64.0","10*7=70","Case","40.004","","360","54.5","Crestline Houston Inc"
"L270702670","","R70235","Maiqing Original Fruit 12bags*70g","Fruit & Vegetables","Fruit","Maiqing","07-26-2027/0.0","1.0","2027-07-26","1.0","3.0","5*5=25","Case","12.654","","360","17.5","Crestline Houston Inc"
"L270502671","","R70235","Maiqing Original Fruit 12bags*70g","Fruit & Vegetables","Fruit","Maiqing","05-31-2027/0.0","0.0","2027-05-31","1.0","3.0","5*5=25","Case","12.654","","360","17.5","Crestline Houston Inc"
"L261002672","","R70235","Maiqing Original Fruit 12bags*70g","Fruit & Vegetables","Fruit","Maiqing","10-23-2026/0.0","0.0","2026-10-23","1.0","3.0","5*5=25","Case","12.654","","360","17.5","Crestline Houston Inc"
"L260802673","","R70235","Maiqing Original Fruit 12bags*70g","Fruit & Vegetables","Fruit","Maiqing","08-13-2026/0.0","0.0","2026-08-13","1.0","3.0","5*5=25","Case","12.654","","360","17.5","Crestline Houston Inc"
"L260202674","","R70235","Maiqing Original Fruit 12bags*70g","Fruit & Vegetables","Fruit","Maiqing","02-02-2026/0.0","0.0","2026-02-02","1.0","3.0","5*5=25","Case","12.654","","360","17.5","Crestline Houston Inc"
"L261202675","","R37133","Maiqing Lemon Vegetables 6bags*1000g","Fruit & Vegetables","Vegetables","Maiqing","12-25-2026/0.0","0.0","2026-12-25","0.0","0.0","6*5=30","Case","17.686","","60","26.5","Crestline Houston Inc"
"L270102676","","R37133","Maiqing Lemon Vegetables 6bags*1000g","Fruit & Vegetables","Vegetables","Maiqing","01-11-2027/0.0","0.0","2027-01-11","0.0","0.0","6*5=30","Case","17.686","","60","26.5","Crestline Houston Inc"
"L270102677","","R37133","Maiqing Lemon Vegetables 6bags*1000g","Fruit & Vegetables","Vegetables","Maiqing","01-11-2027/0.0","0.0","2027-01-11","0.0","0.0","6*5=30","Case","17.686","","60","999.0","Crestline Houston Inc"
"2026-03-18","","R37133","Maiqing Lemon Vegetables 6bags*1000g","Fruit & Vegetables","Vegetables","Maiqing","03-18-2026/0.0","0.0","2026-03-18","0.0","0.0","6*5=30","Case","17.686","","60","26.5","Crestline Houston Inc"
"L260102679","","R37133","Maiqing Lemon Vegetables 6bags*1000g","Fruit & Vegetables","Vegetables","Maiqing","01-01-2026/0.0","0.0","2026-01-01","0.0","0.0","6*5=30","Case","17.686","","60","26.5","Crestline Houston Inc"
"L281102680","","VPC92159","BAOCHUAN Corn Personal Care 60ml","Beauty & Health & Home","Personal Care","BAOCHUAN","11-26-2028/0.0","37.0","2028-11-26","74.0","74.0","18*14=252","each","17.401","","1095","20.5","Crestline Houston Inc"
"L271202681","","VPC92159","BAOCHUAN Corn Personal Care 60ml","Beauty & Health & Home","Personal Care","BAOCHUAN","12-22-2027/0.0","37.0","2027-12-22","74.0","74.0","18*14=252","each","17.401","","1095","20.5","Crestline Houston Inc"
"L270202682","","A93121","Songzhu Beef Sparkling Water 24btls*480ml","Beverages","Sparkling Water","Songzhu","02-25-2027/0.0","222.0","2027-02-25","222.0","222.0","16*7=112","Case","11.741","","360","17.0","Crestline Houston Inc"
"L270302683","","A88124","Songzhu Lemon Juice 20btls*500ml","Beverages","Juice","Songzhu","03-16-2027/0.0","16.0","2027-03-16","32.0","32.0","","Case","13.832","","360","18.5","Crestline Houston Inc"
"L270702684","","A88124","Songzhu Lemon Juice 20btls*500ml","Beverages","Juice","Songzhu","07-17-2027/0.0","16.0","2027-07-17","32.0","32.0","","Case","13.832","","360","999.0","Crestline Houston Inc"
"L270102685","","A52240","Songzhu Grape Sparkling Water 20btls*330ml","Beverages","Sparkling Water","Songzhu","01-22-2027/0.0","0.0","2027-01-22","0.0","1.0","","Case","16.685","","360","22.5","Crestline Houston Inc"
"L280502686","","VHB56132","Wanyuan Spicy Hair Care 250ml","Beauty & Health & Home","Hair Care","Wanyuan","05-18-2028/0.0","8.0","2028-05-18","16.0","16.0","","each","17.313","","1095","19.5","Crestline Houston Inc"
"L270502687","","VHB56132","Wanyuan Spicy Hair Care 250ml","Beauty & Health & Home","Hair Care","Wanyuan","05-05-2027/0.0","8.0","2027-05-05","16.0","16.0","","each","17.313","","1095","19.5","Crestline Houston Inc"
"L271102688","","G82319","MEIJIN Peach Soy Sauce 24bags*200g","Seasonings","Soy Sauce","MEIJIN","11-18-2027/0.0","9.0","2027-11-18","25.0","25.0","5*11=55","Case","11.84","","540","16.5","Crestline Houston Inc"
"L270702689","","G82319","MEIJIN Peach Soy Sauce 24bags*200g","Seasonings","Soy Sauce","MEIJIN","07-01-2027/0.0","8.0","2027-07-01","25.0","25.0","5*11=55","Case","11.84","","540","16.5","Crestline Houston Inc"
"L271102690","","G82319","MEIJIN Peach Soy Sauce 24bags*200g","Seasonings","Soy Sauce","MEIJIN","11-09-2027/0.0","8.0","2027-11-09","25.0","25.0","5*11=55","Case","11.84","","540","16.5","Crestline Houston Inc"
"L271002691","","E33313","MEIJIN Osmanthus Black Pepper 6bags*1000g","Seasonings","Black Pepper","MEIJIN","10-05-2027/0.0","10.0","2027-10-05","28.0","55.0","","Case","38.466","","1000","45.5","Crestline Houston Inc"
"L290402692","","E33313","MEIJIN Osmanthus Black Pepper 6bags*1000g","Seasonings","Black Pepper","MEIJIN","04-20-2029/0.0","9.0","2029-04-20","28.0","55.0","","Case","38.466","","1000","45.5","Crestline Houston Inc"
"L281002693","","E33313","MEIJIN Osmanthus Black Pepper 6bags*1000g","Seasonings","Black Pepper","MEIJIN","10-14-2028/0.0","9.0","2028-10-14","28.0","55.0","","Case","38.466","","1000","45.5","Crestline Houston Inc"
"2025-09-14","","E33313","MEIJIN Osmanthus Black Pepper 6bags*1000g","Seasonings","Black Pepper","MEIJIN","09-14-2025/0.0","0.0","2025-09-14","28.0","55.0","","Case","38.466","","1000","45.5","Crestline Houston Inc"
"L260602695","","E33313","MEIJIN Osmanthus Black Pepper 6bags*1000g","Seasonings","Black Pepper","MEIJIN","06-03-2026/0.0","0.0","2026-06-03","28.0","55.0","","Case","38.466","","1000","45.5","Crestline Houston Inc"
"L280502696","","VBB87171","Youle Milk Baby Products 500ml","Beauty & Health & Home","Baby Products","Youle","05-02-2028/0.0","61.0","2028-05-02","122.0","122.0","10*5=50","each","17.461","","1095","20.5","Crestline Houston Inc"
"L270402697","","VBB87171","Youle Milk Baby Products 500ml","Beauty & Health & Home","Baby Products","Youle","04-14-2027/0.0","61.0","2027-04-14","122.0","122.0","10*5=50","each","17.461","","1095","20.5","Crestline Houston Inc"
"L270102698","","VHB80201","Youle Honey Bath & Body Care 250ml","Beauty & Health & Home","Bath & Body Care","Youle","01-05-2027/0.0","135.0","2027-01-05","401.0","401.0","","each","9.397","","1095","10.5","Crestline Houston Inc"
"L290402699","","VHB80201","Youle Honey Bath & Body Care 250ml","Beauty & Health & Home","Bath & Body Care","Youle","04-09-2029/0.0","133.0","2029-04-09","401.0","401.0","","each","9.397","","1095","10.5","Crestline Houston Inc"
"L270302700","","VHB80201","Youle Honey Bath & Body Care 250ml","Beauty & Health & Home","Bath & Body Care","Youle","03-20-2027/0.0","133.0","2027-03-20","401.0","401.0","","each","9.397","","1095","10.5","Crestline Houston Inc"
"L260702701","","VHB80201","Youle Honey Bath & Body Care 250ml","Beauty & Health & Home","Bath & Body Care","Youle","07-09-2026/0.0","0.0","2026-07-09","401.0","401.0","","each","9.397","","1095","10.5","Crestline Houston Inc"
"L271002702","","G71266","ZHUYUN Pineapple Syrup 8bags*70g","Honey & Jam","Syrup","ZHUYUN","10-24-2027/0.0","218.0","2027-10-24","218.0","218.0","13*5=65","Case","25.79","","720","29.5","Crestline Houston Inc"
"L280802703","","E39262","ZHUYUN Coconut White Sugar 10bags*400g","Honey & Jam","White Sugar","ZHUYUN","08-16-2028/0.0","0.0","2028-08-16","0.0","16.0","16*14=224","Case","31.687","","1080","38.0","Crestline Houston Inc"
"L270602704","","G73228","ZHUYUN Strawberry Jam 8bags*150g","Honey & Jam","Jam","ZHUYUN","06-08-2027/0.0","53.0","2027-06-08","159.0","159.0","11*12=132","Case","21.977","","360","24.5","Crestline Houston Inc"
"L261202705","","G73228","ZHUYUN Strawberry Jam 8bags*150g","Honey & Jam","Jam","ZHUYUN","12-08-2026/0.0","53.0","2026-12-08","159.0","159.0","11*12=132","Case","21.977","","360","24.5","Crestline Houston Inc"
"L261002706","","G73228","ZHUYUN Strawberry Jam 8bags*150g","Honey & Jam","Jam","ZHUYUN","10-04-2026/0.0","53.0","2026-10-04","159.0","159.0","11*12=132","Case","21.977","Alert Date Reached","360","24.5","Crestline Houston Inc"
"L270702707","","C13341","CHENBAO Five Spice Drink Powder/Blocks 10bags*150g","Instant Drinks","Drink Powder/Blocks","CHENBAO","07-26-2027/0.0","2.0","2027-07-26","2.0","3.0","","Case","12.687","","720","18.0","Crestline Houston Inc"
"L260902708","","C13341","CHENBAO Five Spice Drink Powder/Blocks 10bags*150g","Instant Drinks","Drink Powder/Blocks","CHENBAO","09-11-2026/0.0","0.0","2026-09-11","2.0","3.0","","Case","12.687","","720","18.0","Crestline Houston Inc"
"L280302709","","C13341","CHENBAO Five Spice Drink Powder/Blocks 10bags*150g","Instant Drinks","Drink Powder/Blocks","CHENBAO","03-17-2028/0.0","0.0","2028-03-17","2.0","3.0","","Case","12.687","","720","18.0","Crestline Houston Inc"
"2026-03-03","","C13341","CHENBAO Five Spice Drink Powder/Blocks 10bags*150g","Instant Drinks","Drink Powder/Blocks","CHENBAO","03-03-2026/0.0","0.0","2026-03-03","2.0","3.0","","Case","12.687","","720","18.0","Crestline Houston Inc"
"L260902711","","G69350","ANZHU Original Oyster Sauce 10bags*100g","Seasonings","Oyster Sauce","ANZHU","09-28-2026/0.0","17.0","2026-09-28","34.0","35.0","9*13=117","Case","32.985","Alert Date Reached","540","45.5","Crestline Houston Inc"
"L270202712","","G69350","ANZHU Original Oyster Sauce 10bags*100g","Seasonings","Oyster Sauce","ANZHU","02-07-2027/0.0","17.0","2027-02-07","34.0","35.0","9*13=117","Case","32.985","","540","45.5","Crestline Houston Inc"
"2025-11-03","","G69350","ANZHU Original Oyster Sauce 10bags*100g","Seasonings","Oyster Sauce","ANZHU","11-03-2025/0.0","0.0","2025-11-03","34.0","35.0","9*13=117","Case","32.985","","540","45.5","Crestline Houston Inc"
"L270702714","","G44345","ANZHU Strawberry Dipping Sauce 24bags*70g","Seasonings","Dipping Sauce","ANZHU","07-13-2027/0.0","0.0","2027-07-13","0.0","0.0","","Case","13.718","","360","20.0","Crestline Houston Inc"
"L270602715","","G44345","ANZHU Strawberry Dipping Sauce 24bags*70g","Seasonings","Dipping Sauce","ANZHU","06-12-2027/0.0","0.0","2027-06-12","0.0","0.0","","Case","13.718","","360","20.0","Crestline Houston Inc"
"L261102716","","E54384","ANZHU Osmanthus Chili Seasonings 12bags*70g","Seasonings","Chili Seasonings","ANZHU","11-23-2026/0.0","226.0","2026-11-23","226.0","226.0","","Case","32.85","","1080","39.5","Crestline Houston Inc"
"2025-10-29","","E54384","ANZHU Osmanthus Chili Seasonings 12bags*70g","Seasonings","Chili Seasonings","ANZHU","10-29-2025/0.0","0.0","2025-10-29","226.0","226.0","","Case","32.85","","1080","39.5","Crestline Houston Inc"
"2026-08-22","","E54384","ANZHU Osmanthus Chili Seasonings 12bags*70g","Seasonings","Chili Seasonings","ANZHU","08-22-2026/0.0","0.0","2026-08-22","226.0","226.0","","Case","32.85","","1080","39.5","Crestline Houston Inc"
"L280802719","","E52272","ANZHU Jujube Chili Seasonings 10bags*200g","Seasonings","Chili Seasonings","ANZHU","08-03-2028/0.0","14.0","2028-08-03","14.0","16.0","11*14=154","Case","25.304","","1080","29.0","Crestline Houston Inc"
"L271202720","","E69298","Shunling Osmanthus Black Pepper 8bags*150g","Seasonings","Black Pepper","Shunling","12-24-2027/0.0","82.0","2027-12-24","163.0","163.0","","Case","28.565","","1000","35.0","Crestline Houston Inc"
"L280902721","","E69298","Shunling Osmanthus Black Pepper 8bags*150g","Seasonings","Black Pepper","Shunling","09-19-2028/0.0","81.0","2028-09-19","163.0","163.0","","Case","28.565","","1000","35.0","Crestline Houston Inc"
"L260302722","","E69298","Shunling Osmanthus Black Pepper 8bags*150g","Seasonings","Black Pepper","Shunling","03-25-2026/0.0","0.0","2026-03-25","163.0","163.0","","Case","28.565","","1000","35.0","Crestline Houston Inc"
"L251102723","","E69298","Shunling Osmanthus Black Pepper 8bags*150g","Seasonings","Black Pepper","Shunling","11-08-2025/0.0","0.0","2025-11-08","163.0","163.0","","Case","28.565","","1000","35.0","Crestline Houston Inc"
"L261002724","","I10356","Tianxian Matcha Peanut Oil 8bags*400g","Cooking Oil","Peanut Oil","Tianxian","10-01-2026/0.0","5.0","2026-10-01","9.0","9.0","6*8=48","Case","14.176","Alert Date Reached","540","20.0","Crestline Houston Inc"
"L271002725","","I10356","Tianxian Matcha Peanut Oil 8bags*400g","Cooking Oil","Peanut Oil","Tianxian","10-23-2027/0.0","4.0","2027-10-23","9.0","9.0","6*8=48","Case","14.176","","540","20.0","Crestline Houston Inc"
"L280202726","","VHS74316","Qiaohe Pickled Vegetable Health & Nutrition Drinks 500ml","Beauty & Health & Home","Health & Nutrition Drinks","Qiaohe","02-27-2028/0.0","55.0","2028-02-27","165.0","165.0","16*13=208","each","15.603","","1095","18.0","Crestline Houston Inc"
"L270702727","","VHS74316","Qiaohe Pickled Vegetable Health & Nutrition Drinks 500ml","Beauty & Health & Home","Health & Nutrition Drinks","Qiaohe","07-26-2027/0.0","55.0","2027-07-26","165.0","165.0","16*13=208","each","15.603","","1095","18.0","Crestline Houston Inc"
"L270602728","","VHS74316","Qiaohe Pickled Vegetable Health & Nutrition Drinks 500ml","Beauty & Health & Home","Health & Nutrition Drinks","Qiaohe","06-02-2027/0.0","55.0","2027-06-02","165.0","165.0","16*13=208","each","15.603","","1095","18.0","Crestline Houston Inc"
"L260202729","","VHS74316","Qiaohe Pickled Vegetable Health & Nutrition Drinks 500ml","Beauty & Health & Home","Health & Nutrition Drinks","Qiaohe","02-25-2026/0.0","0.0","2026-02-25","165.0","165.0","16*13=208","each","15.603","","1095","18.0","Crestline Houston Inc"
"2025-09-21","","VHS74316","Qiaohe Pickled Vegetable Health & Nutrition Drinks 500ml","Beauty & Health & Home","Health & Nutrition Drinks","Qiaohe","09-21-2025/0.0","0.0","2025-09-21","165.0","165.0","16*13=208","each","15.603","","1095","18.0","Crestline Houston Inc"
"L290702731","","VCA45102","Qiaohe Grape Apparel & Accessories 150ml","Beauty & Health & Home","Apparel & Accessories","Qiaohe","07-22-2029/0.0","24.0","2029-07-22","24.0","24.0","","each","13.674","","3650","16.5","Crestline Houston Inc"
"L280502732","","VPC03266","Qiaohe Pickled Vegetable Personal Care 24bags*100g","Beauty & Health & Home","Personal Care","Qiaohe","05-25-2028/0.0","8.0","2028-05-25","22.0","22.0","18*7=126","Case","15.321","","1095","23.0","Crestline Houston Inc"
"L281202733","","VPC03266","Qiaohe Pickled Vegetable Personal Care 24bags*100g","Beauty & Health & Home","Personal Care","Qiaohe","12-31-2028/0.0","7.0","2028-12-31","22.0","22.0","18*7=126","Case","15.321","","1095","23.0","Crestline Houston Inc"
"L290702734","","VPC03266","Qiaohe Pickled Vegetable Personal Care 24bags*100g","Beauty & Health & Home","Personal Care","Qiaohe","07-14-2029/0.0","7.0","2029-07-14","22.0","22.0","18*7=126","Case","15.321","","1095","23.0","Crestline Houston Inc"
"L260602735","","VPC03266","Qiaohe Pickled Vegetable Personal Care 24bags*100g","Beauty & Health & Home","Personal Care","Qiaohe","06-14-2026/0.0","0.0","2026-06-14","22.0","22.0","18*7=126","Case","15.321","","1095","23.0","Crestline Houston Inc"
"L260602736","","VPC03266","Qiaohe Pickled Vegetable Personal Care 24bags*100g","Beauty & Health & Home","Personal Care","Qiaohe","06-03-2026/0.0","0.0","2026-06-03","22.0","22.0","18*7=126","Case","15.321","","1095","23.0","Crestline Houston Inc"
"L270702737","","B90195","Lingyou Beef Preserved & Dried Fruit 10bags*200g","Candy & Snacks","Preserved & Dried Fruit","Lingyou","07-17-2027/0.0","3.0","2027-07-17","5.0","7.0","10*6=60","Case","28.059","","360","41.0","Crestline Houston Inc"
"L270302738","","B90195","Lingyou Beef Preserved & Dried Fruit 10bags*200g","Candy & Snacks","Preserved & Dried Fruit","Lingyou","03-04-2027/0.0","2.0","2027-03-04","5.0","7.0","10*6=60","Case","28.059","","360","41.0","Crestline Houston Inc"
"2026-02-05","","B90195","Lingyou Beef Preserved & Dried Fruit 10bags*200g","Candy & Snacks","Preserved & Dried Fruit","Lingyou","02-05-2026/0.0","0.0","2026-02-05","5.0","7.0","10*6=60","Case","28.059","","360","41.0","Crestline Houston Inc"
"2025-10-26","","B90195","Lingyou Beef Preserved & Dried Fruit 10bags*200g","Candy & Snacks","Preserved & Dried Fruit","Lingyou","10-26-2025/0.0","0.0","2025-10-26","5.0","7.0","10*6=60","Case","28.059","","360","41.0","Crestline Houston Inc"
"L270802741","","B36263","Lingyou Beef Biscuits & Pastries&Cakes 8bags*100g","Candy & Snacks","Biscuits & Pastries&Cakes","Lingyou","08-10-2027/0.0","1.0","2027-08-10","1.0","10.0","","Case","32.507","","360","38.5","Crestline Houston Inc"
"2026-02-20","","B36263","Lingyou Beef Biscuits & Pastries&Cakes 8bags*100g","Candy & Snacks","Biscuits & Pastries&Cakes","Lingyou","02-20-2026/0.0","0.0","2026-02-20","1.0","10.0","","Case","32.507","","360","38.5","Crestline Houston Inc"
"L270102743","","M95183","Lingyou Honey Mooncakes 24bags*400g","Candy & Snacks","Mooncakes","Lingyou","01-16-2027/0.0","18.0","2027-01-16","54.0","54.0","","Case","32.64","","180","46.0","Crestline Houston Inc"
"L270302744","","M95183","Lingyou Honey Mooncakes 24bags*400g","Candy & Snacks","Mooncakes","Lingyou","03-02-2027/0.0","18.0","2027-03-02","54.0","54.0","","Case","32.64","","180","46.0","Crestline Houston Inc"
"L260902745","","M95183","Lingyou Honey Mooncakes 24bags*400g","Candy & Snacks","Mooncakes","Lingyou","09-27-2026/0.0","18.0","2026-09-27","54.0","54.0","","Case","32.64","Alert Date Reached","180","46.0","Crestline Houston Inc"
"2026-05-09","","M95183","Lingyou Honey Mooncakes 24bags*400g","Candy & Snacks","Mooncakes","Lingyou","05-09-2026/0.0","0.0","2026-05-09","54.0","54.0","","Case","32.64","","180","46.0","Crestline Houston Inc"
"2026-06-11","","M95183","Lingyou Honey Mooncakes 24bags*400g","Candy & Snacks","Mooncakes","Lingyou","06-11-2026/0.0","0.0","2026-06-11","54.0","54.0","","Case","32.64","","180","46.0","Crestline Houston Inc"
"L270802748","","I05237","Xisong Pineapple Sichuan Pepper Oil 30bags*70g","Cooking Oil","Sichuan Pepper Oil","Xisong","08-22-2027/0.0","13.0","2027-08-22","25.0","25.0","13*8=104","Case","26.953","","540","34.0","Crestline Houston Inc"
"L270402749","","I05237","Xisong Pineapple Sichuan Pepper Oil 30bags*70g","Cooking Oil","Sichuan Pepper Oil","Xisong","04-30-2027/0.0","12.0","2027-04-30","25.0","25.0","13*8=104","Case","26.953","","540","34.0","Crestline Houston Inc"
"2026-05-14","","I05237","Xisong Pineapple Sichuan Pepper Oil 30bags*70g","Cooking Oil","Sichuan Pepper Oil","Xisong","05-14-2026/0.0","0.0","2026-05-14","25.0","25.0","13*8=104","Case","26.953","","540","34.0","Crestline Houston Inc"
"L290302751","","VHB16273","CHUANBAO Lychee Hair 30bags*200g","Beauty & Health & Home","Hair","CHUANBAO","03-18-2029/0.0","14.0","2029-03-18","28.0","36.0","4*8=32","Case","18.761","","1095","23.5","Crestline Houston Inc"
"L280302752","","VHB16273","CHUANBAO Lychee Hair 30bags*200g","Beauty & Health & Home","Hair","CHUANBAO","03-27-2028/0.0","14.0","2028-03-27","28.0","36.0","4*8=32","Case","18.761","","1095","23.5","Crestline Houston Inc"
"L280702753","","VHK93396","CHUANBAO Pickled Vegetable Home Cleaning 250ml","Beauty & Health & Home","Home Cleaning","CHUANBAO","07-18-2028/0.0","26.0","2028-07-18","51.0","96.0","14*11=154","each","18.5","","1095","22.0","Crestline Houston Inc"
"L280502754","","VHK93396","CHUANBAO Pickled Vegetable Home Cleaning 250ml","Beauty & Health & Home","Home Cleaning","CHUANBAO","05-24-2028/0.0","25.0","2028-05-24","51.0","96.0","14*11=154","each","18.5","","1095","22.0","Crestline Houston Inc"
"L270102755","","E27390","XIANGYOU Oolong Chili Seasonings 8bags*1000g","Seasonings","Chili Seasonings","XIANGYOU","01-29-2027/0.0","1.0","2027-01-29","3.0","4.0","","Case","51.177","","1080","57.0","Crestline Houston Inc"
"L280802756","","E27390","XIANGYOU Oolong Chili Seasonings 8bags*1000g","Seasonings","Chili Seasonings","XIANGYOU","08-31-2028/0.0","1.0","2028-08-31","3.0","4.0","","Case","51.177","","1080","57.0","Crestline Houston Inc"
"L290502757","","E27390","XIANGYOU Oolong Chili Seasonings 8bags*1000g","Seasonings","Chili Seasonings","XIANGYOU","05-09-2029/0.0","1.0","2029-05-09","3.0","4.0","","Case","51.177","","1080","57.0","Crestline Houston Inc"
"L260302758","","E27390","XIANGYOU Oolong Chili Seasonings 8bags*1000g","Seasonings","Chili Seasonings","XIANGYOU","03-20-2026/0.0","0.0","2026-03-20","3.0","4.0","","Case","51.177","","1080","57.0","Crestline Houston Inc"
"L290202759","","E45130","XIANGYOU Lychee Garlic 1bag*10lb","Seasonings","Garlic","XIANGYOU","02-22-2029/0.0","49.0","2029-02-22","147.0","147.0","","Bag","36.26","","1080","52.0","Crestline Houston Inc"
"L280802760","","E45130","XIANGYOU Lychee Garlic 1bag*10lb","Seasonings","Garlic","XIANGYOU","08-29-2028/0.0","49.0","2028-08-29","147.0","147.0","","Bag","36.26","","1080","52.0","Crestline Houston Inc"
"L290602761","","E45130","XIANGYOU Lychee Garlic 1bag*10lb","Seasonings","Garlic","XIANGYOU","06-22-2029/0.0","49.0","2029-06-22","147.0","147.0","","Bag","36.26","","1080","52.0","Crestline Houston Inc"
"L270502762","","G50228","XIANGYOU Red Bean Cooking Wine 20bags*100g","Seasonings","Cooking Wine","XIANGYOU","05-04-2027/0.0","0.0","2027-05-04","0.0","2.0","18*13=234","Case","38.655","","540","44.0","Crestline Houston Inc"
"L270702763","","G50228","XIANGYOU Red Bean Cooking Wine 20bags*100g","Seasonings","Cooking Wine","XIANGYOU","07-05-2027/0.0","0.0","2027-07-05","0.0","2.0","18*13=234","Case","38.655","","540","44.0","Crestline Houston Inc"
"L270502764","","G50228","XIANGYOU Red Bean Cooking Wine 20bags*100g","Seasonings","Cooking Wine","XIANGYOU","05-31-2027/0.0","0.0","2027-05-31","0.0","2.0","18*13=234","Case","38.655","","540","44.0","Crestline Houston Inc"
"L261102765","","Z36345","Shunfeng Jujube Detergent 10bags*200g","Kitchenware","Detergent","Shunfeng","11-06-2026/0.0","3.0","2026-11-06","9.0","12.0","9*14=126","Case","14.871","Alert Date Reached","360","20.0","Crestline Houston Inc"
"L261102766","","Z36345","Shunfeng Jujube Detergent 10bags*200g","Kitchenware","Detergent","Shunfeng","11-30-2026/0.0","3.0","2026-11-30","9.0","12.0","9*14=126","Case","14.871","","360","20.0","Crestline Houston Inc"
"L270202767","","Z36345","Shunfeng Jujube Detergent 10bags*200g","Kitchenware","Detergent","Shunfeng","02-25-2027/0.0","3.0","2027-02-25","9.0","12.0","9*14=126","Case","14.871","","360","20.0","Crestline Houston Inc"
"L260902768","","Z46350","Shunfeng Seafood Detergent 30bags*70g","Kitchenware","Detergent","Shunfeng","09-08-2026/0.0","3.0","2026-09-08","9.0","10.0","","Case","37.776","Alert Date Reached","360","48.5","Crestline Houston Inc"
"L260502769","","Z46350","Shunfeng Seafood Detergent 30bags*70g","Kitchenware","Detergent","Shunfeng","05-13-2026/0.0","3.0","2026-05-13","9.0","10.0","","Case","37.776","Alert Date Reached","360","48.5","Crestline Houston Inc"
"L270402770","","Z46350","Shunfeng Seafood Detergent 30bags*70g","Kitchenware","Detergent","Shunfeng","04-27-2027/0.0","3.0","2027-04-27","9.0","10.0","","Case","37.776","","360","48.5","Crestline Houston Inc"
"2025-10-27","","Z46350","Shunfeng Seafood Detergent 30bags*70g","Kitchenware","Detergent","Shunfeng","10-27-2025/0.0","0.0","2025-10-27","9.0","10.0","","Case","37.776","","360","48.5","Crestline Houston Inc"
"2025-12-15","","Z46350","Shunfeng Seafood Detergent 30bags*70g","Kitchenware","Detergent","Shunfeng","12-15-2025/0.0","0.0","2025-12-15","9.0","10.0","","Case","37.776","","360","48.5","Crestline Houston Inc"
"L290602773","","VHK14261","YUEMEI Mala Household Goods 250ml","Beauty & Health & Home","Household Goods","YUEMEI","06-13-2029/0.0","0.0","2029-06-13","0.0","10.0","13*12=156","each","11.359","","1095","15.0","Crestline Houston Inc"
"L280902774","","VHK14261","YUEMEI Mala Household Goods 250ml","Beauty & Health & Home","Household Goods","YUEMEI","09-19-2028/0.0","0.0","2028-09-19","0.0","10.0","13*12=156","each","11.359","","1095","15.0","Crestline Houston Inc"
"L270902775","","VHK14261","YUEMEI Mala Household Goods 250ml","Beauty & Health & Home","Household Goods","YUEMEI","09-28-2027/0.0","0.0","2027-09-28","0.0","10.0","13*12=156","each","11.359","","1095","15.0","Crestline Houston Inc"
"L290502776","","VHK17363","YUEMEI Matcha Home Cleaning 100ml","Beauty & Health & Home","Home Cleaning","YUEMEI","05-30-2029/0.0","3.0","2029-05-30","3.0","3.0","18*11=198","each","16.706","","1095","25.0","Crestline Houston Inc"
"2026-06-16","","VHK17363","YUEMEI Matcha Home Cleaning 100ml","Beauty & Health & Home","Home Cleaning","YUEMEI","06-16-2026/0.0","0.0","2026-06-16","3.0","3.0","18*11=198","each","16.706","","1095","25.0","Crestline Houston Inc"
"L280102778","","A48176","Tianxi Garlic Ready-to-Drink Coffee 20btls*1500ml","Beverages","Ready-to-Drink Coffee","Tianxi","01-07-2028/0.0","0.0","2028-01-07","0.0","1.0","","Case","11.005","","540","14.5","Crestline Houston Inc"
"L271202779","","A48176","Tianxi Garlic Ready-to-Drink Coffee 20btls*1500ml","Beverages","Ready-to-Drink Coffee","Tianxi","12-12-2027/0.0","0.0","2027-12-12","0.0","1.0","","Case","11.005","","540","14.5","Crestline Houston Inc"
"L270102780","","A97366","Tianxi Oolong Juice 20btls*330ml","Beverages","Juice","Tianxi","01-04-2027/0.0","0.0","2027-01-04","0.0","0.0","","Case","11.827","","360","17.5","Crestline Houston Inc"
"L270702781","","A97366","Tianxi Oolong Juice 20btls*330ml","Beverages","Juice","Tianxi","07-17-2027/0.0","0.0","2027-07-17","0.0","0.0","","Case","11.827","","360","17.5","Crestline Houston Inc"
"L261102782","","A79170","Tianxi Chocolate Electrolyte Drinks 15btls*330ml","Beverages","Electrolyte Drinks","Tianxi","11-29-2026/0.0","0.0","2026-11-29","0.0","0.0","10*6=60","Case","15.473","","360","21.0","Crestline Houston Inc"
"L270502783","","A79170","Tianxi Chocolate Electrolyte Drinks 15btls*330ml","Beverages","Electrolyte Drinks","Tianxi","05-11-2027/0.0","0.0","2027-05-11","0.0","0.0","10*6=60","Case","15.473","","360","21.0","Crestline Houston Inc"
"L260102784","","A79170","Tianxi Chocolate Electrolyte Drinks 15btls*330ml","Beverages","Electrolyte Drinks","Tianxi","01-17-2026/0.0","0.0","2026-01-17","0.0","0.0","10*6=60","Case","15.473","","360","21.0","Crestline Houston Inc"
"L280902785","","E55188","Maijia Red Bean Cumin 8bags*1000g","Seasonings","Cumin","Maijia","09-24-2028/0.0","10.0","2028-09-24","10.0","10.0","","Case","17.983","","1080","25.5","Crestline Houston Inc"
"L270402786","","F53365","Xixiang Five Spice Rice 20bags*150g","Grains","Rice","Xixiang","04-28-2027/0.0","0.0","2027-04-28","0.0","0.0","13*11=143","Case","38.915","","720","45.5","Crestline Houston Inc"
"L260902787","","F53365","Xixiang Five Spice Rice 20bags*150g","Grains","Rice","Xixiang","09-14-2026/0.0","0.0","2026-09-14","0.0","0.0","13*11=143","Case","38.915","","720","45.5","Crestline Houston Inc"
"L270102788","","F53365","Xixiang Five Spice Rice 20bags*150g","Grains","Rice","Xixiang","01-18-2027/0.0","0.0","2027-01-18","0.0","0.0","13*11=143","Case","38.915","","720","45.5","Crestline Houston Inc"
"L270102789","","L28254","Xianyue Peach Jujube 8bags*100g","Dried Vegetables","Jujube","Xianyue","01-24-2027/0.0","2.0","2027-01-24","6.0","9.0","9*10=90","Case","70.315","","360","97.0","Crestline Houston Inc"
"L261102790","","L28254","Xianyue Peach Jujube 8bags*100g","Dried Vegetables","Jujube","Xianyue","11-16-2026/0.0","2.0","2026-11-16","6.0","9.0","9*10=90","Case","70.315","Alert Date Reached","360","999.0","Crestline Houston Inc"
"L270302791","","L28254","Xianyue Peach Jujube 8bags*100g","Dried Vegetables","Jujube","Xianyue","03-18-2027/0.0","2.0","2027-03-18","6.0","9.0","9*10=90","Case","70.315","","360","97.0","Crestline Houston Inc"
"2025-11-24","","L28254","Xianyue Peach Jujube 8bags*100g","Dried Vegetables","Jujube","Xianyue","11-24-2025/0.0","0.0","2025-11-24","6.0","9.0","9*10=90","Case","70.315","","360","97.0","Crestline Houston Inc"
"2026-01-09","","L28254","Xianyue Peach Jujube 8bags*100g","Dried Vegetables","Jujube","Xianyue","01-09-2026/0.0","0.0","2026-01-09","6.0","9.0","9*10=90","Case","70.315","","360","97.0","Crestline Houston Inc"
"L270702794","","F22276","CHUANCHENG Mala Flour 30bags*70g","Grains","Flour","CHUANCHENG","07-05-2027/0.0","42.0","2027-07-05","126.0","126.0","","Case","21.126","","720","26.5","Crestline Houston Inc"
"L271102795","","F22276","CHUANCHENG Mala Flour 30bags*70g","Grains","Flour","CHUANCHENG","11-23-2027/0.0","42.0","2027-11-23","126.0","126.0","","Case","21.126","","720","26.5","Crestline Houston Inc"
"L280702796","","F22276","CHUANCHENG Mala Flour 30bags*70g","Grains","Flour","CHUANCHENG","07-09-2028/0.0","42.0","2028-07-09","126.0","126.0","","Case","21.126","","720","26.5","Crestline Houston Inc"
"L280402797","","VHB70174","Ruizhou Melon Hand & Body Care 150ml","Beauty & Health & Home","Hand & Body Care","Ruizhou","04-29-2028/0.0","24.0","2028-04-29","68.0","68.0","10*12=120","each","13.348","","1095","15.5","Crestline Houston Inc"
"L261002798","","VHB70174","Ruizhou Melon Hand & Body Care 150ml","Beauty & Health & Home","Hand & Body Care","Ruizhou","10-19-2026/0.0","22.0","2026-10-19","68.0","68.0","10*12=120","each","13.348","Alert Date Reached","1095","15.5","Crestline Houston Inc"
"L290102799","","VHB70174","Ruizhou Melon Hand & Body Care 150ml","Beauty & Health & Home","Hand & Body Care","Ruizhou","01-18-2029/0.0","22.0","2029-01-18","68.0","68.0","10*12=120","each","13.348","","1095","15.5","Crestline Houston Inc"
"L280202800","","VCA68251","Ruizhou Vanilla Clothes & Apparel 8bags*500g","Beauty & Health & Home","Clothes & Apparel","Ruizhou","02-29-2028/0.0","0.0","2028-02-29","0.0","3.0","17*5=85","Case","12.636","","3650","17.0","Crestline Houston Inc"
"L340402801","","VCA68251","Ruizhou Vanilla Clothes & Apparel 8bags*500g","Beauty & Health & Home","Clothes & Apparel","Ruizhou","04-05-2034/0.0","0.0","2034-04-05","0.0","3.0","17*5=85","Case","12.636","","3650","17.0","Crestline Houston Inc"
"2026-06-27","","VCA68251","Ruizhou Vanilla Clothes & Apparel 8bags*500g","Beauty & Health & Home","Clothes & Apparel","Ruizhou","06-27-2026/0.0","0.0","2026-06-27","0.0","3.0","17*5=85","Case","12.636","","3650","17.0","Crestline Houston Inc"
"L251002803","","VCA68251","Ruizhou Vanilla Clothes & Apparel 8bags*500g","Beauty & Health & Home","Clothes & Apparel","Ruizhou","10-18-2025/0.0","0.0","2025-10-18","0.0","3.0","17*5=85","Case","12.636","","3650","17.0","Crestline Houston Inc"
"L261102804","","H23351","Hechen Beef Pickled Products 24bags*400g","Dried Vegetables","Pickled Products","Hechen","11-06-2026/0.0","19.0","2026-11-06","38.0","75.0","17*10=170","Case","52.927","Alert Date Reached","540","61.0","Crestline Houston Inc"
"L260802805","","H23351","Hechen Beef Pickled Products 24bags*400g","Dried Vegetables","Pickled Products","Hechen","08-24-2026/0.0","19.0","2026-08-24","38.0","75.0","17*10=170","Case","52.927","Alert Date Reached","540","61.0","Crestline Houston Inc"
"L250902806","","H23351","Hechen Beef Pickled Products 24bags*400g","Dried Vegetables","Pickled Products","Hechen","09-03-2025/0.0","0.0","2025-09-03","38.0","75.0","17*10=170","Case","52.927","","540","61.0","Crestline Houston Inc"
"L270502807","","K61239","Hechen Jujube Fermented Tofu 6bags*150g","Dried Vegetables","Fermented Tofu","Hechen","05-10-2027/0.0","0.0","2027-05-10","0.0","2.0","","Case","25.93","","360","32.0","Crestline Houston Inc"
"L270102808","","K61239","Hechen Jujube Fermented Tofu 6bags*150g","Dried Vegetables","Fermented Tofu","Hechen","01-26-2027/0.0","0.0","2027-01-26","0.0","2.0","","Case","25.93","","360","32.0","Crestline Houston Inc"
"L261102809","","K61239","Hechen Jujube Fermented Tofu 6bags*150g","Dried Vegetables","Fermented Tofu","Hechen","11-12-2026/0.0","0.0","2026-11-12","0.0","2.0","","Case","25.93","","360","32.0","Crestline Houston Inc"
"L281202810","","L45114","Hechen Jujube Wood Ear Mushroom 6bags*500g","Dried Vegetables","Wood Ear Mushroom","Hechen","12-12-2028/0.0","184.0","2028-12-12","184.0","184.0","18*7=126","Case","76.801","","1080","91.0","Crestline Houston Inc"
"L250902811","","L45114","Hechen Jujube Wood Ear Mushroom 6bags*500g","Dried Vegetables","Wood Ear Mushroom","Hechen","09-27-2025/0.0","0.0","2025-09-27","184.0","184.0","18*7=126","Case","76.801","","1080","91.0","Crestline Houston Inc"
"L270602812","","D18144","WEIFENG Milk Instant Noodles 24bags*1000g","Frozen & Chilled Foods","Instant Noodles","WEIFENG","06-29-2027/0.0","40.0","2027-06-29","116.0","116.0","12*8=96","Case","41.569","","540","50.0","Crestline Houston Inc"
"L261002813","","D18144","WEIFENG Milk Instant Noodles 24bags*1000g","Frozen & Chilled Foods","Instant Noodles","WEIFENG","10-04-2026/0.0","38.0","2026-10-04","116.0","116.0","12*8=96","Case","41.569","Alert Date Reached","540","50.0","Crestline Houston Inc"
"L270202814","","D18144","WEIFENG Milk Instant Noodles 24bags*1000g","Frozen & Chilled Foods","Instant Noodles","WEIFENG","02-11-2027/0.0","38.0","2027-02-11","116.0","116.0","12*8=96","Case","41.569","","540","999.0","Crestline Houston Inc"
"L270202815","","FA48131","WEIFENG Corn Frozen Pastries&Pancakes&Baked Pancakes 30bags*70g","Frozen & Chilled Foods","Frozen Pastries&Pancakes&Baked Pancakes","WEIFENG","02-13-2027/0.0","0.0","2027-02-13","0.0","9.0","7*11=77","Case","27.983","","360","40.5","Crestline Houston Inc"
"L270302816","","FA48131","WEIFENG Corn Frozen Pastries&Pancakes&Baked Pancakes 30bags*70g","Frozen & Chilled Foods","Frozen Pastries&Pancakes&Baked Pancakes","WEIFENG","03-05-2027/0.0","0.0","2027-03-05","0.0","9.0","7*11=77","Case","27.983","","360","40.5","Crestline Houston Inc"
"L280402817","","F57354","Yunyuan Lemon Rice 6bags*150g","Grains","Rice","Yunyuan","04-10-2028/0.0","1.0","2028-04-10","1.0","2.0","7*14=98","Case","29.013","","720","37.0","Crestline Houston Inc"
"L271102818","","F57354","Yunyuan Lemon Rice 6bags*150g","Grains","Rice","Yunyuan","11-28-2027/0.0","0.0","2027-11-28","1.0","2.0","7*14=98","Case","29.013","","720","37.0","Crestline Houston Inc"
"L280202819","","F57354","Yunyuan Lemon Rice 6bags*150g","Grains","Rice","Yunyuan","02-13-2028/0.0","0.0","2028-02-13","1.0","2.0","7*14=98","Case","29.013","","720","37.0","Crestline Houston Inc"
"L260802820","","F59323","Yunyuan Corn Rice 8bags*150g","Grains","Rice","Yunyuan","08-15-2026/0.0","35.0","2026-08-15","35.0","40.0","9*13=117","Case","32.687","Alert Date Reached","720","43.5","Crestline Houston Inc"
"2026-05-30","","F59323","Yunyuan Corn Rice 8bags*150g","Grains","Rice","Yunyuan","05-30-2026/0.0","0.0","2026-05-30","35.0","40.0","9*13=117","Case","32.687","","720","43.5","Crestline Houston Inc"
"L290402822","","G30355","Jinrun Osmanthus Canned Seafood 20bags*400g","Canned & Dry Goods","Canned Seafood","Jinrun","04-02-2029/0.0","79.0","2029-04-02","157.0","157.0","13*13=169","Case","17.523","","1080","26.0","Crestline Houston Inc"
"L280302823","","G30355","Jinrun Osmanthus Canned Seafood 20bags*400g","Canned & Dry Goods","Canned Seafood","Jinrun","03-28-2028/0.0","78.0","2028-03-28","157.0","157.0","13*13=169","Case","17.523","","1080","26.0","Crestline Houston Inc"
"2026-07-25","","G30355","Jinrun Osmanthus Canned Seafood 20bags*400g","Canned & Dry Goods","Canned Seafood","Jinrun","07-25-2026/0.0","0.0","2026-07-25","157.0","157.0","13*13=169","Case","17.523","","1080","26.0","Crestline Houston Inc"
"2025-09-01","","G30355","Jinrun Osmanthus Canned Seafood 20bags*400g","Canned & Dry Goods","Canned Seafood","Jinrun","09-01-2025/0.0","0.0","2025-09-01","157.0","157.0","13*13=169","Case","17.523","","1080","26.0","Crestline Houston Inc"
"L270902826","","E30150","YOUSHUN Garlic Garlic 1bag*25lb","Seasonings","Garlic","YOUSHUN","09-30-2027/0.0","7.0","2027-09-30","14.0","14.0","7*14=98","Bag","27.386","","1080","36.5","Crestline Houston Inc"
"L270402827","","E30150","YOUSHUN Garlic Garlic 1bag*25lb","Seasonings","Garlic","YOUSHUN","04-29-2027/0.0","7.0","2027-04-29","14.0","14.0","7*14=98","Bag","27.386","","1080","36.5","Crestline Houston Inc"
"2026-05-11","","E30150","YOUSHUN Garlic Garlic 1bag*25lb","Seasonings","Garlic","YOUSHUN","05-11-2026/0.0","0.0","2026-05-11","14.0","14.0","7*14=98","Bag","27.386","","1080","36.5","Crestline Houston Inc"
"L290302829","","VHK62378","BAOXI Pickled Vegetable Home Cleaning 500ml","Beauty & Health & Home","Home Cleaning","BAOXI","03-11-2029/0.0","277.0","2029-03-11","277.0","340.0","","each","2.731","","1095","4.0","Crestline Houston Inc"
"2026-08-23","","VHK62378","BAOXI Pickled Vegetable Home Cleaning 500ml","Beauty & Health & Home","Home Cleaning","BAOXI","08-23-2026/0.0","0.0","2026-08-23","277.0","340.0","","each","2.731","","1095","4.0","Crestline Houston Inc"
"L290302831","","VCA48180","BAOXI Garlic Fashion Jewelry 200ml","Beauty & Health & Home","Fashion Jewelry","BAOXI","03-08-2029/0.0","32.0","2029-03-08","32.0","56.0","15*14=210","each","7.302","","3650","11.0","Crestline Houston Inc"
"L281102832","","VHS61142","BAOXI Strawberry Health & Nutrition Drinks 250ml","Beauty & Health & Home","Health & Nutrition Drinks","BAOXI","11-06-2028/0.0","17.0","2028-11-06","34.0","66.0","14*6=84","each","21.29","","1095","999.0","Crestline Houston Inc"
"L270202833","","VHS61142","BAOXI Strawberry Health & Nutrition Drinks 250ml","Beauty & Health & Home","Health & Nutrition Drinks","BAOXI","02-01-2027/0.0","17.0","2027-02-01","34.0","66.0","14*6=84","each","21.29","","1095","24.5","Crestline Houston Inc"
"L261202834","","Z95115","Xingxiang Melon Packaging 12bags*70g","Consumables","Packaging","Xingxiang","12-14-2026/0.0","7.0","2026-12-14","7.0","9.0","15*12=180","Case","42.215","","1080","52.5","Crestline Houston Inc"
"L260402835","","Z95115","Xingxiang Melon Packaging 12bags*70g","Consumables","Packaging","Xingxiang","04-28-2026/0.0","0.0","2026-04-28","7.0","9.0","15*12=180","Case","42.215","","1080","52.5","Crestline Houston Inc"
"L251202836","","Z95115","Xingxiang Melon Packaging 12bags*70g","Consumables","Packaging","Xingxiang","12-23-2025/0.0","0.0","2025-12-23","7.0","9.0","15*12=180","Case","42.215","","1080","52.5","Crestline Houston Inc"
"L280802837","","F66207","XIANZHOU Honey Flour Mix & Frying Batter Mix 24bags*1000g","Flour&Starches","Flour Mix & Frying Batter Mix","XIANZHOU","08-04-2028/0.0","21.0","2028-08-04","42.0","42.0","8*5=40","Case","37.32","","730","53.5","Crestline Houston Inc"
"L270602838","","F66207","XIANZHOU Honey Flour Mix & Frying Batter Mix 24bags*1000g","Flour&Starches","Flour Mix & Frying Batter Mix","XIANZHOU","06-14-2027/0.0","21.0","2027-06-14","42.0","42.0","8*5=40","Case","37.32","","730","53.5","Crestline Houston Inc"
"2026-02-07","","F66207","XIANZHOU Honey Flour Mix & Frying Batter Mix 24bags*1000g","Flour&Starches","Flour Mix & Frying Batter Mix","XIANZHOU","02-07-2026/0.0","0.0","2026-02-07","42.0","42.0","8*5=40","Case","37.32","","730","53.5","Crestline Houston Inc"
"L270902840","","B23165","FENGJIA Sea Salt Seaweed Snacks & Dried Kelp 12bags*1000g","Candy & Snacks","Seaweed Snacks & Dried Kelp","FENGJIA","09-04-2027/0.0","2.0","2027-09-04","6.0","6.0","9*13=117","Case","21.528","","540","28.0","Crestline Houston Inc"
"L270702841","","B23165","FENGJIA Sea Salt Seaweed Snacks & Dried Kelp 12bags*1000g","Candy & Snacks","Seaweed Snacks & Dried Kelp","FENGJIA","07-14-2027/0.0","2.0","2027-07-14","6.0","6.0","9*13=117","Case","21.528","","540","28.0","Crestline Houston Inc"
"L270202842","","B23165","FENGJIA Sea Salt Seaweed Snacks & Dried Kelp 12bags*1000g","Candy & Snacks","Seaweed Snacks & Dried Kelp","FENGJIA","02-14-2027/0.0","2.0","2027-02-14","6.0","6.0","9*13=117","Case","21.528","","540","999.0","Crestline Houston Inc"
"L270102843","","A89132","CHENGRUN Beef Plant-Based Drinks 20btls*480ml","Beverages","Plant-Based Drinks","CHENGRUN","01-18-2027/0.0","83.0","2027-01-18","249.0","249.0","8*9=72","Case","19.228","","360","22.0","Crestline Houston Inc"
"L270702844","","A89132","CHENGRUN Beef Plant-Based Drinks 20btls*480ml","Beverages","Plant-Based Drinks","CHENGRUN","07-10-2027/0.0","83.0","2027-07-10","249.0","249.0","8*9=72","Case","19.228","","360","22.0","Crestline Houston Inc"
"L270202845","","A89132","CHENGRUN Beef Plant-Based Drinks 20btls*480ml","Beverages","Plant-Based Drinks","CHENGRUN","02-02-2027/0.0","83.0","2027-02-02","249.0","249.0","8*9=72","Case","19.228","","360","22.0","Crestline Houston Inc"
"2025-11-23","","A89132","CHENGRUN Beef Plant-Based Drinks 20btls*480ml","Beverages","Plant-Based Drinks","CHENGRUN","11-23-2025/0.0","0.0","2025-11-23","249.0","249.0","8*9=72","Case","19.228","","360","22.0","Crestline Houston Inc"
"L250802847","","A89132","CHENGRUN Beef Plant-Based Drinks 20btls*480ml","Beverages","Plant-Based Drinks","CHENGRUN","08-20-2025/0.0","0.0","2025-08-20","249.0","249.0","8*9=72","Case","19.228","","360","22.0","Crestline Houston Inc"
"L270402848","","A38212","CHENGRUN Milk Plant-Based Drinks 24btls*330ml","Beverages","Plant-Based Drinks","CHENGRUN","04-24-2027/0.0","19.0","2027-04-24","53.0","101.0","4*14=56","Case","12.191","","360","14.0","Crestline Houston Inc"
"L261202849","","A38212","CHENGRUN Milk Plant-Based Drinks 24btls*330ml","Beverages","Plant-Based Drinks","CHENGRUN","12-25-2026/0.0","17.0","2026-12-25","53.0","101.0","4*14=56","Case","12.191","","360","14.0","Crestline Houston Inc"
"L270602850","","A38212","CHENGRUN Milk Plant-Based Drinks 24btls*330ml","Beverages","Plant-Based Drinks","CHENGRUN","06-13-2027/0.0","17.0","2027-06-13","53.0","101.0","4*14=56","Case","12.191","","360","14.0","Crestline Houston Inc"
"2026-07-30","","A38212","CHENGRUN Milk Plant-Based Drinks 24btls*330ml","Beverages","Plant-Based Drinks","CHENGRUN","07-30-2026/0.0","0.0","2026-07-30","53.0","101.0","4*14=56","Case","12.191","","360","14.0","Crestline Houston Inc"
"L250902852","","A38212","CHENGRUN Milk Plant-Based Drinks 24btls*330ml","Beverages","Plant-Based Drinks","CHENGRUN","09-30-2025/0.0","0.0","2025-09-30","53.0","101.0","4*14=56","Case","12.191","","360","14.0","Crestline Houston Inc"
"L280602853","","A64240","Chenmei Corn Coconut Milk 12btls*330ml","Beverages","Coconut Milk","Chenmei","06-16-2028/0.0","0.0","2028-06-16","0.0","2.0","4*14=56","Case","19.607","","1080","29.0","Crestline Houston Inc"
"L281102854","","A64240","Chenmei Corn Coconut Milk 12btls*330ml","Beverages","Coconut Milk","Chenmei","11-24-2028/0.0","0.0","2028-11-24","0.0","2.0","4*14=56","Case","19.607","","1080","29.0","Crestline Houston Inc"
"L280102855","","E27158","Chuanlan Taro Scallion 12bags*70g","Seasonings","Scallion","Chuanlan","01-26-2028/0.0","176.0","2028-01-26","176.0","238.0","10*9=90","Case","14.261","","720","21.0","Crestline Houston Inc"
"L261202856","","H41239","JINAN Lemon Century Eggs 10bags*200g","Eggs","Century Eggs","JINAN","12-27-2026/0.0","60.0","2026-12-27","60.0","75.0","","Case","38.818","","360","47.5","Crestline Houston Inc"
"L261202857","","B19354","MAIWAN Beef Seasoned Vegetarian Snacks 20bags*400g","Candy & Snacks","Seasoned Vegetarian Snacks","MAIWAN","12-29-2026/0.0","12.0","2026-12-29","12.0","21.0","17*13=221","Case","32.814","","240","37.0","Crestline Houston Inc"
"L260802858","","B19354","MAIWAN Beef Seasoned Vegetarian Snacks 20bags*400g","Candy & Snacks","Seasoned Vegetarian Snacks","MAIWAN","08-06-2026/0.0","0.0","2026-08-06","12.0","21.0","17*13=221","Case","32.814","","240","37.0","Crestline Houston Inc"
"L270202859","","B21154","MAIWAN Garlic Puffed Snacks 30bags*1000g","Candy & Snacks","Puffed Snacks","MAIWAN","02-26-2027/0.0","2.0","2027-02-26","4.0","7.0","","Case","16.682","","270","20.0","Crestline Houston Inc"
"L270202860","","B21154","MAIWAN Garlic Puffed Snacks 30bags*1000g","Candy & Snacks","Puffed Snacks","MAIWAN","02-21-2027/0.0","1.0","2027-02-21","4.0","7.0","","Case","16.682","","270","20.0","Crestline Houston Inc"
"L270402861","","B21154","MAIWAN Garlic Puffed Snacks 30bags*1000g","Candy & Snacks","Puffed Snacks","MAIWAN","04-05-2027/0.0","1.0","2027-04-05","4.0","7.0","","Case","16.682","","270","20.0","Crestline Houston Inc"
"2025-12-27","","B21154","MAIWAN Garlic Puffed Snacks 30bags*1000g","Candy & Snacks","Puffed Snacks","MAIWAN","12-27-2025/0.0","0.0","2025-12-27","4.0","7.0","","Case","16.682","","270","20.0","Crestline Houston Inc"
"2025-09-03","","B21154","MAIWAN Garlic Puffed Snacks 30bags*1000g","Candy & Snacks","Puffed Snacks","MAIWAN","09-03-2025/0.0","0.0","2025-09-03","4.0","7.0","","Case","16.682","","270","20.0","Crestline Houston Inc"
"L280302864","","L14205","Maicheng Pineapple Tofu Skin 8bags*70g","Dried Vegetables","Tofu Skin","Maicheng","03-11-2028/0.0","1.0","2028-03-11","1.0","7.0","","Case","60.033","","720","84.0","Crestline Houston Inc"
"L270202865","","H04302","Maicheng Milk Pickled Products 24bags*100g","Dried Vegetables","Pickled Products","Maicheng","02-14-2027/0.0","0.0","2027-02-14","0.0","3.0","13*11=143","Case","51.539","","540","69.5","Crestline Houston Inc"
"L270702866","","H04302","Maicheng Milk Pickled Products 24bags*100g","Dried Vegetables","Pickled Products","Maicheng","07-11-2027/0.0","0.0","2027-07-11","0.0","3.0","13*11=143","Case","51.539","","540","69.5","Crestline Houston Inc"
"L270202867","","E62108","Qingyue Oolong Sichuan Pepper Seasonings 8bags*200g","Seasonings","Sichuan Pepper Seasonings","Qingyue","02-24-2027/0.0","1.0","2027-02-24","1.0","1.0","","Case","17.361","","1080","21.0","Crestline Houston Inc"
"L290102868","","E62108","Qingyue Oolong Sichuan Pepper Seasonings 8bags*200g","Seasonings","Sichuan Pepper Seasonings","Qingyue","01-17-2029/0.0","0.0","2029-01-17","1.0","1.0","","Case","17.361","","1080","21.0","Crestline Houston Inc"
"L280102869","","E62108","Qingyue Oolong Sichuan Pepper Seasonings 8bags*200g","Seasonings","Sichuan Pepper Seasonings","Qingyue","01-19-2028/0.0","0.0","2028-01-19","1.0","1.0","","Case","17.361","","1080","21.0","Crestline Houston Inc"
"L270802870","","G57107","Qingyue Jujube Cooking Wine 24bags*500g","Seasonings","Cooking Wine","Qingyue","08-05-2027/0.0","27.0","2027-08-05","53.0","53.0","","Case","29.26","","540","38.5","Crestline Houston Inc"
"L280102871","","G57107","Qingyue Jujube Cooking Wine 24bags*500g","Seasonings","Cooking Wine","Qingyue","01-09-2028/0.0","26.0","2028-01-09","53.0","53.0","","Case","29.26","","540","38.5","Crestline Houston Inc"
"L270202872","","E50292","Qingyue Green Tea Garlic 1bag*10lb","Seasonings","Garlic","Qingyue","02-24-2027/0.0","0.0","2027-02-24","0.0","1.0","","Bag","41.74","","1080","46.5","Crestline Houston Inc"
"2026-01-22","","E50292","Qingyue Green Tea Garlic 1bag*10lb","Seasonings","Garlic","Qingyue","01-22-2026/0.0","0.0","2026-01-22","0.0","1.0","","Bag","41.74","","1080","46.5","Crestline Houston Inc"
"L270802874","","G01390","Qingyue Pickled Vegetable Dipping Sauce 6bags*70g","Seasonings","Dipping Sauce","Qingyue","08-27-2027/0.0","1.0","2027-08-27","1.0","2.0","18*5=90","Case","39.951","","360","52.0","Crestline Houston Inc"
"L261002875","","A63261","QINGQUAN Grape Ready-to-Drink Tea 12btls*500ml","Beverages","Ready-to-Drink Tea","QINGQUAN","10-16-2026/0.0","40.0","2026-10-16","80.0","80.0","","Case","10.486","Alert Date Reached","360","12.0","Crestline Northwest Inc"
"L270202876","","A63261","QINGQUAN Grape Ready-to-Drink Tea 12btls*500ml","Beverages","Ready-to-Drink Tea","QINGQUAN","02-21-2027/0.0","40.0","2027-02-21","80.0","80.0","","Case","10.486","","360","12.0","Crestline Northwest Inc"
"2025-09-10","","A63261","QINGQUAN Grape Ready-to-Drink Tea 12btls*500ml","Beverages","Ready-to-Drink Tea","QINGQUAN","09-10-2025/0.0","0.0","2025-09-10","80.0","80.0","","Case","10.486","","360","12.0","Crestline Northwest Inc"
"L270502878","","A49363","QINGQUAN Lemon Ready-to-Drink Tea 20btls*480ml","Beverages","Ready-to-Drink Tea","QINGQUAN","05-16-2027/0.0","2.0","2027-05-16","4.0","4.0","9*13=117","Case","27.816","","360","31.5","Crestline Northwest Inc"
"L270602879","","A49363","QINGQUAN Lemon Ready-to-Drink Tea 20btls*480ml","Beverages","Ready-to-Drink Tea","QINGQUAN","06-13-2027/0.0","1.0","2027-06-13","4.0","4.0","9*13=117","Case","27.816","","360","31.5","Crestline Northwest Inc"
"L270602880","","A49363","QINGQUAN Lemon Ready-to-Drink Tea 20btls*480ml","Beverages","Ready-to-Drink Tea","QINGQUAN","06-28-2027/0.0","1.0","2027-06-28","4.0","4.0","9*13=117","Case","27.816","","360","31.5","Crestline Northwest Inc"
"L251102881","","A49363","QINGQUAN Lemon Ready-to-Drink Tea 20btls*480ml","Beverages","Ready-to-Drink Tea","QINGQUAN","11-20-2025/0.0","0.0","2025-11-20","4.0","4.0","9*13=117","Case","27.816","","360","31.5","Crestline Northwest Inc"
"L260702882","","A59173","QINGQUAN Matcha Ready-to-Drink Tea 20btls*280ml","Beverages","Ready-to-Drink Tea","QINGQUAN","07-26-2026/0.0","1.0","2026-07-26","1.0","6.0","10*12=120","Case","16.793","Alert Date Reached","360","23.0","Crestline Northwest Inc"
"L270202883","","A66366","QINGQUAN Peach Plant-Based Drinks 20btls*500ml","Beverages","Plant-Based Drinks","QINGQUAN","02-15-2027/0.0","190.0","2027-02-15","190.0","190.0","","Case","21.05","","360","23.5","Crestline Northwest Inc"
"L270302884","","A67153","QINGQUAN Lychee Jasmine Plant-Based Drinks 15btls*330ml","Beverages","Plant-Based Drinks","QINGQUAN","03-29-2027/0.0","0.0","2027-03-29","0.0","0.0","16*6=96","Case","25.395","","360","28.5","Crestline Northwest Inc"
"L270102885","","A16334","QINGQUAN Grape Plant-Based Drinks 24btls*500ml","Beverages","Plant-Based Drinks","QINGQUAN","01-18-2027/0.0","2.0","2027-01-18","4.0","4.0","18*10=180","Case","13.084","","360","15.0","Crestline Northwest Inc"
"L270402886","","A16334","QINGQUAN Grape Plant-Based Drinks 24btls*500ml","Beverages","Plant-Based Drinks","QINGQUAN","04-07-2027/0.0","2.0","2027-04-07","4.0","4.0","18*10=180","Case","13.084","","360","15.0","Crestline Northwest Inc"
"2025-09-15","","A16334","QINGQUAN Grape Plant-Based Drinks 24btls*500ml","Beverages","Plant-Based Drinks","QINGQUAN","09-15-2025/0.0","0.0","2025-09-15","4.0","4.0","18*10=180","Case","13.084","","360","15.0","Crestline Northwest Inc"
"2026-05-01","","A16334","QINGQUAN Grape Plant-Based Drinks 24btls*500ml","Beverages","Plant-Based Drinks","QINGQUAN","05-01-2026/0.0","0.0","2026-05-01","4.0","4.0","18*10=180","Case","13.084","","360","15.0","Crestline Northwest Inc"
"L260502889","","A71357","QINGQUAN Lemon Plant-Based Drinks 20btls*1500ml","Beverages","Plant-Based Drinks","QINGQUAN","05-10-2026/0.0","12.0","2026-05-10","24.0","26.0","","Case","17.991","Alert Date Reached","360","20.0","Crestline Northwest Inc"
"L261102890","","A71357","QINGQUAN Lemon Plant-Based Drinks 20btls*1500ml","Beverages","Plant-Based Drinks","QINGQUAN","11-19-2026/0.0","12.0","2026-11-19","24.0","26.0","","Case","17.991","Alert Date Reached","360","20.0","Crestline Northwest Inc"
"L270802891","","A56386","QINGQUAN Coconut Plant-Based Drinks 24btls*1500ml","Beverages","Plant-Based Drinks","QINGQUAN","08-08-2027/0.0","3.0","2027-08-08","3.0","4.0","4*13=52","Case","21.431","","360","27.5","Crestline Northwest Inc"
"2026-07-18","","A56386","QINGQUAN Coconut Plant-Based Drinks 24btls*1500ml","Beverages","Plant-Based Drinks","QINGQUAN","07-18-2026/0.0","0.0","2026-07-18","3.0","4.0","4*13=52","Case","21.431","","360","27.5","Crestline Northwest Inc"
"L270502893","","FE53175","YUANCHUAN Red Bean Ice Cream 8boxes*4bags*88ml","Frozen & Chilled Foods","Ice Cream","YUANCHUAN","05-16-2027/0.0","69.0","2027-05-16","69.0","69.0","13*14=182","Case","35.688","","540","50.5","Crestline Northwest Inc"
"2026-03-15","","FE53175","YUANCHUAN Red Bean Ice Cream 8boxes*4bags*88ml","Frozen & Chilled Foods","Ice Cream","YUANCHUAN","03-15-2026/0.0","0.0","2026-03-15","69.0","69.0","13*14=182","Case","35.688","","540","50.5","Crestline Northwest Inc"
"2025-09-14","","FE53175","YUANCHUAN Red Bean Ice Cream 8boxes*4bags*88ml","Frozen & Chilled Foods","Ice Cream","YUANCHUAN","09-14-2025/0.0","0.0","2025-09-14","69.0","69.0","13*14=182","Case","35.688","","540","50.5","Crestline Northwest Inc"
"L261002896","","FE11202","YUANCHUAN Taro Ice Cream 8boxes*3bags*72ml","Frozen & Chilled Foods","Ice Cream","YUANCHUAN","10-18-2026/0.0","18.0","2026-10-18","18.0","18.0","7*12=84","Case","42.328","Alert Date Reached","540","53.5","Crestline Northwest Inc"
"2026-03-17","","FE11202","YUANCHUAN Taro Ice Cream 8boxes*3bags*72ml","Frozen & Chilled Foods","Ice Cream","YUANCHUAN","03-17-2026/0.0","0.0","2026-03-17","18.0","18.0","7*12=84","Case","42.328","","540","53.5","Crestline Northwest Inc"
"L260302898","","FE11202","YUANCHUAN Taro Ice Cream 8boxes*3bags*72ml","Frozen & Chilled Foods","Ice Cream","YUANCHUAN","03-06-2026/0.0","0.0","2026-03-06","18.0","18.0","7*12=84","Case","42.328","","540","53.5","Crestline Northwest Inc"
"L260702899","","FE82283","YUANCHUAN Coconut Ice Cream 24boxes*3bags*90ml","Frozen & Chilled Foods","Ice Cream","YUANCHUAN","07-21-2026/0.0","0.0","2026-07-21","0.0","1.0","10*5=50","Case","57.841","","540","70.5","Crestline Northwest Inc"
"L251002900","","FE82283","YUANCHUAN Coconut Ice Cream 24boxes*3bags*90ml","Frozen & Chilled Foods","Ice Cream","YUANCHUAN","10-30-2025/0.0","0.0","2025-10-30","0.0","1.0","10*5=50","Case","57.841","","540","70.5","Crestline Northwest Inc"
"L271002901","","FE29343","YUANCHUAN Milk Ice Cream 6boxes*4bags*90ml","Frozen & Chilled Foods","Ice Cream","YUANCHUAN","10-16-2027/0.0","6.0","2027-10-16","14.0","14.0","","Case","43.273","","540","62.5","Crestline Northwest Inc"
"L280102902","","FE29343","YUANCHUAN Milk Ice Cream 6boxes*4bags*90ml","Frozen & Chilled Foods","Ice Cream","YUANCHUAN","01-26-2028/0.0","4.0","2028-01-26","14.0","14.0","","Case","43.273","","540","62.5","Crestline Northwest Inc"
"L271202903","","FE29343","YUANCHUAN Milk Ice Cream 6boxes*4bags*90ml","Frozen & Chilled Foods","Ice Cream","YUANCHUAN","12-29-2027/0.0","4.0","2027-12-29","14.0","14.0","","Case","43.273","","540","62.5","Crestline Northwest Inc"
"L270502904","","FE18257","YUANCHUAN Peach Ice Cream 24boxes*4bags*72ml","Frozen & Chilled Foods","Ice Cream","YUANCHUAN","05-03-2027/0.0","11.0","2027-05-03","31.0","35.0","11*9=99","Case","36.318","","540","52.0","Crestline Northwest Inc"
"L260702905","","FE18257","YUANCHUAN Peach Ice Cream 24boxes*4bags*72ml","Frozen & Chilled Foods","Ice Cream","YUANCHUAN","07-12-2026/0.0","10.0","2026-07-12","31.0","35.0","11*9=99","Case","36.318","Alert Date Reached","540","52.0","Crestline Northwest Inc"
"L270902906","","FE18257","YUANCHUAN Peach Ice Cream 24boxes*4bags*72ml","Frozen & Chilled Foods","Ice Cream","YUANCHUAN","09-19-2027/0.0","10.0","2027-09-19","31.0","35.0","11*9=99","Case","36.318","","540","52.0","Crestline Northwest Inc"
"L251202907","","FE18257","YUANCHUAN Peach Ice Cream 24boxes*4bags*72ml","Frozen & Chilled Foods","Ice Cream","YUANCHUAN","12-07-2025/0.0","0.0","2025-12-07","31.0","35.0","11*9=99","Case","36.318","","540","52.0","Crestline Northwest Inc"
"L270402908","","FE14300","YUANCHUAN Matcha Ice Cream 6boxes*3bags*90ml","Frozen & Chilled Foods","Ice Cream","YUANCHUAN","04-01-2027/0.0","10.0","2027-04-01","19.0","19.0","7*5=35","Case","49.141","","540","999.0","Crestline Northwest Inc"
"L270802909","","FE14300","YUANCHUAN Matcha Ice Cream 6boxes*3bags*90ml","Frozen & Chilled Foods","Ice Cream","YUANCHUAN","08-19-2027/0.0","9.0","2027-08-19","19.0","19.0","7*5=35","Case","49.141","","540","65.5","Crestline Northwest Inc"
"2026-07-15","","FE14300","YUANCHUAN Matcha Ice Cream 6boxes*3bags*90ml","Frozen & Chilled Foods","Ice Cream","YUANCHUAN","07-15-2026/0.0","0.0","2026-07-15","19.0","19.0","7*5=35","Case","49.141","","540","65.5","Crestline Northwest Inc"
"L260902911","","FE04114","YUANCHUAN Melon Ice Cream 8boxes*4bags*90ml","Frozen & Chilled Foods","Ice Cream","YUANCHUAN","09-01-2026/0.0","118.0","2026-09-01","118.0","118.0","","Case","42.234","Alert Date Reached","540","50.0","Crestline Northwest Inc"
"L270102912","","FE60393","YUANCHUAN Brown Sugar Ice Cream 6boxes*4bags*88ml","Frozen & Chilled Foods","Ice Cream","YUANCHUAN","01-28-2027/0.0","0.0","2027-01-28","0.0","0.0","","Case","33.767","","540","49.0","Crestline Northwest Inc"
"L261102913","","FE60393","YUANCHUAN Brown Sugar Ice Cream 6boxes*4bags*88ml","Frozen & Chilled Foods","Ice Cream","YUANCHUAN","11-18-2026/0.0","0.0","2026-11-18","0.0","0.0","","Case","33.767","","540","49.0","Crestline Northwest Inc"
"L261202914","","FE83379","Chenle Chocolate Ice Cream 6boxes*3bags*72ml","Frozen & Chilled Foods","Ice Cream","Chenle","12-08-2026/0.0","37.0","2026-12-08","109.0","194.0","18*5=90","Case","42.096","","540","60.0","Crestline Northwest Inc"
"L261002915","","FE83379","Chenle Chocolate Ice Cream 6boxes*3bags*72ml","Frozen & Chilled Foods","Ice Cream","Chenle","10-02-2026/0.0","36.0","2026-10-02","109.0","194.0","18*5=90","Case","42.096","Alert Date Reached","540","60.0","Crestline Northwest Inc"
"L261202916","","FE83379","Chenle Chocolate Ice Cream 6boxes*3bags*72ml","Frozen & Chilled Foods","Ice Cream","Chenle","12-29-2026/0.0","36.0","2026-12-29","109.0","194.0","18*5=90","Case","42.096","","540","60.0","Crestline Northwest Inc"
"L280102917","","FE03167","Chenle Pineapple Ice Cream 8boxes*4bags*90ml","Frozen & Chilled Foods","Ice Cream","Chenle","01-18-2028/0.0","31.0","2028-01-18","31.0","31.0","13*7=91","Case","36.963","","540","44.5","Crestline Northwest Inc"
"2026-05-11","","FE03167","Chenle Pineapple Ice Cream 8boxes*4bags*90ml","Frozen & Chilled Foods","Ice Cream","Chenle","05-11-2026/0.0","0.0","2026-05-11","31.0","31.0","13*7=91","Case","36.963","","540","44.5","Crestline Northwest Inc"
"2026-06-25","","FE03167","Chenle Pineapple Ice Cream 8boxes*4bags*90ml","Frozen & Chilled Foods","Ice Cream","Chenle","06-25-2026/0.0","0.0","2026-06-25","31.0","31.0","13*7=91","Case","36.963","","540","44.5","Crestline Northwest Inc"
"L270302920","","FE35318","Chenle Red Bean Ice Cream 8boxes*3bags*72ml","Frozen & Chilled Foods","Ice Cream","Chenle","03-23-2027/0.0","193.0","2027-03-23","193.0","193.0","4*8=32","Case","42.631","","540","60.5","Crestline Northwest Inc"
"L270402921","","FE60355","Chenle Osmanthus Ice Cream 8boxes*4bags*88ml","Frozen & Chilled Foods","Ice Cream","Chenle","04-21-2027/0.0","694.0","2027-04-21","2082.0","3137.0","16*13=208","Case","31.236","","540","44.5","Crestline Northwest Inc"
"L270302922","","FE60355","Chenle Osmanthus Ice Cream 8boxes*4bags*88ml","Frozen & Chilled Foods","Ice Cream","Chenle","03-23-2027/0.0","694.0","2027-03-23","2082.0","3137.0","16*13=208","Case","31.236","","540","44.5","Crestline Northwest Inc"
"L271102923","","FE60355","Chenle Osmanthus Ice Cream 8boxes*4bags*88ml","Frozen & Chilled Foods","Ice Cream","Chenle","11-23-2027/0.0","694.0","2027-11-23","2082.0","3137.0","16*13=208","Case","31.236","","540","44.5","Crestline Northwest Inc"
"2026-02-20","","FE60355","Chenle Osmanthus Ice Cream 8boxes*4bags*88ml","Frozen & Chilled Foods","Ice Cream","Chenle","02-20-2026/0.0","0.0","2026-02-20","2082.0","3137.0","16*13=208","Case","31.236","","540","44.5","Crestline Northwest Inc"
"L270102925","","FE57162","Chenle Lychee Ice Cream 6boxes*4bags*88ml","Frozen & Chilled Foods","Ice Cream","Chenle","01-06-2027/0.0","97.0","2027-01-06","194.0","194.0","13*8=104","Case","34.524","","540","44.0","Crestline Northwest Inc"
"L270402926","","FE57162","Chenle Lychee Ice Cream 6boxes*4bags*88ml","Frozen & Chilled Foods","Ice Cream","Chenle","04-26-2027/0.0","97.0","2027-04-26","194.0","194.0","13*8=104","Case","34.524","","540","44.0","Crestline Northwest Inc"
"2026-04-10","","FE57162","Chenle Lychee Ice Cream 6boxes*4bags*88ml","Frozen & Chilled Foods","Ice Cream","Chenle","04-10-2026/0.0","0.0","2026-04-10","194.0","194.0","13*8=104","Case","34.524","","540","44.0","Crestline Northwest Inc"
"L270802928","","FE12333","Chenle Taro Ice Cream 24boxes*4bags*72ml","Frozen & Chilled Foods","Ice Cream","Chenle","08-02-2027/0.0","12.0","2027-08-02","24.0","24.0","","Case","47.94","","540","67.0","Crestline Northwest Inc"
"L261002929","","FE12333","Chenle Taro Ice Cream 24boxes*4bags*72ml","Frozen & Chilled Foods","Ice Cream","Chenle","10-01-2026/0.0","12.0","2026-10-01","24.0","24.0","","Case","47.94","Alert Date Reached","540","67.0","Crestline Northwest Inc"
"2025-11-13","","FE12333","Chenle Taro Ice Cream 24boxes*4bags*72ml","Frozen & Chilled Foods","Ice Cream","Chenle","11-13-2025/0.0","0.0","2025-11-13","24.0","24.0","","Case","47.94","","540","67.0","Crestline Northwest Inc"
"L270402931","","FE72394","Chenle Melon Ice Cream 6boxes*3bags*72ml","Frozen & Chilled Foods","Ice Cream","Chenle","04-28-2027/0.0","14.0","2027-04-28","14.0","29.0","8*9=72","Case","34.881","","540","50.0","Crestline Northwest Inc"
"L280202932","","FE73210","Chenle Strawberry Ice Cream 8boxes*3bags*90ml","Frozen & Chilled Foods","Ice Cream","Chenle","02-09-2028/0.0","8.0","2028-02-09","20.0","20.0","","Case","49.587","","540","999.0","Crestline Northwest Inc"
"L270302933","","FE73210","Chenle Strawberry Ice Cream 8boxes*3bags*90ml","Frozen & Chilled Foods","Ice Cream","Chenle","03-12-2027/0.0","6.0","2027-03-12","20.0","20.0","","Case","49.587","","540","62.5","Crestline Northwest Inc"
"L260902934","","FE73210","Chenle Strawberry Ice Cream 8boxes*3bags*90ml","Frozen & Chilled Foods","Ice Cream","Chenle","09-26-2026/0.0","6.0","2026-09-26","20.0","20.0","","Case","49.587","Alert Date Reached","540","62.5","Crestline Northwest Inc"
"L260802935","","FE73210","Chenle Strawberry Ice Cream 8boxes*3bags*90ml","Frozen & Chilled Foods","Ice Cream","Chenle","08-10-2026/0.0","0.0","2026-08-10","20.0","20.0","","Case","49.587","","540","62.5","Crestline Northwest Inc"
"L261002936","","FE34150","Chenle Coconut Ice Cream 24boxes*4bags*90ml","Frozen & Chilled Foods","Ice Cream","Chenle","10-11-2026/0.0","0.0","2026-10-11","0.0","0.0","14*13=182","Case","39.008","","540","57.0","Crestline Northwest Inc"
"L271102937","","FE34150","Chenle Coconut Ice Cream 24boxes*4bags*90ml","Frozen & Chilled Foods","Ice Cream","Chenle","11-09-2027/0.0","0.0","2027-11-09","0.0","0.0","14*13=182","Case","39.008","","540","57.0","Crestline Northwest Inc"
"L280102938","","FE34150","Chenle Coconut Ice Cream 24boxes*4bags*90ml","Frozen & Chilled Foods","Ice Cream","Chenle","01-01-2028/0.0","0.0","2028-01-01","0.0","0.0","14*13=182","Case","39.008","","540","57.0","Crestline Northwest Inc"
"L270102939","","FE33313","Chenqing Lemon Ice Cream 6boxes*3bags*72ml","Frozen & Chilled Foods","Ice Cream","Chenqing","01-12-2027/0.0","122.0","2027-01-12","122.0","122.0","12*9=108","Case","45.528","","540","52.0","Crestline Northwest Inc"
"2025-11-24","","FE33313","Chenqing Lemon Ice Cream 6boxes*3bags*72ml","Frozen & Chilled Foods","Ice Cream","Chenqing","11-24-2025/0.0","0.0","2025-11-24","122.0","122.0","12*9=108","Case","45.528","","540","52.0","Crestline Northwest Inc"
"L270302941","","FE88388","Chenqing Lychee Ice Cream 8boxes*3bags*72ml","Frozen & Chilled Foods","Ice Cream","Chenqing","03-31-2027/0.0","6.0","2027-03-31","14.0","14.0","15*8=120","Case","26.891","","540","39.0","Crestline Northwest Inc"
"L270302942","","FE88388","Chenqing Lychee Ice Cream 8boxes*3bags*72ml","Frozen & Chilled Foods","Ice Cream","Chenqing","03-30-2027/0.0","4.0","2027-03-30","14.0","14.0","15*8=120","Case","26.891","","540","39.0","Crestline Northwest Inc"
"L270702943","","FE88388","Chenqing Lychee Ice Cream 8boxes*3bags*72ml","Frozen & Chilled Foods","Ice Cream","Chenqing","07-18-2027/0.0","4.0","2027-07-18","14.0","14.0","15*8=120","Case","26.891","","540","39.0","Crestline Northwest Inc"
"L260202944","","FE88388","Chenqing Lychee Ice Cream 8boxes*3bags*72ml","Frozen & Chilled Foods","Ice Cream","Chenqing","02-11-2026/0.0","0.0","2026-02-11","14.0","14.0","15*8=120","Case","26.891","","540","39.0","Crestline Northwest Inc"
"L270202945","","FE79120","Chenqing Pineapple Ice Cream 6boxes*4bags*88ml","Frozen & Chilled Foods","Ice Cream","Chenqing","02-23-2027/0.0","176.0","2027-02-23","176.0","176.0","16*8=128","Case","47.802","","540","58.5","Crestline Northwest Inc"
"2026-05-14","","FE79120","Chenqing Pineapple Ice Cream 6boxes*4bags*88ml","Frozen & Chilled Foods","Ice Cream","Chenqing","05-14-2026/0.0","0.0","2026-05-14","176.0","176.0","16*8=128","Case","47.802","","540","58.5","Crestline Northwest Inc"
"L271002947","","FE16292","Chenqing Grape Ice Cream 6boxes*3bags*90ml","Frozen & Chilled Foods","Ice Cream","Chenqing","10-16-2027/0.0","463.0","2027-10-16","925.0","1006.0","6*8=48","Case","47.882","","540","53.5","Crestline Northwest Inc"
"L270502948","","FE16292","Chenqing Grape Ice Cream 6boxes*3bags*90ml","Frozen & Chilled Foods","Ice Cream","Chenqing","05-02-2027/0.0","462.0","2027-05-02","925.0","1006.0","6*8=48","Case","47.882","","540","53.5","Crestline Northwest Inc"
"L270102949","","FE08324","Chenqing Osmanthus Ice Cream 24boxes*4bags*88ml","Frozen & Chilled Foods","Ice Cream","Chenqing","01-14-2027/0.0","18.0","2027-01-14","54.0","54.0","","Case","41.09","","540","48.0","Crestline Northwest Inc"
"L261002950","","FE08324","Chenqing Osmanthus Ice Cream 24boxes*4bags*88ml","Frozen & Chilled Foods","Ice Cream","Chenqing","10-26-2026/0.0","18.0","2026-10-26","54.0","54.0","","Case","41.09","Alert Date Reached","540","48.0","Crestline Northwest Inc"
"L270302951","","FE08324","Chenqing Osmanthus Ice Cream 24boxes*4bags*88ml","Frozen & Chilled Foods","Ice Cream","Chenqing","03-06-2027/0.0","18.0","2027-03-06","54.0","54.0","","Case","41.09","","540","48.0","Crestline Northwest Inc"
"L260202952","","FE08324","Chenqing Osmanthus Ice Cream 24boxes*4bags*88ml","Frozen & Chilled Foods","Ice Cream","Chenqing","02-09-2026/0.0","0.0","2026-02-09","54.0","54.0","","Case","41.09","","540","48.0","Crestline Northwest Inc"
"L270802953","","FE16253","Chenqing Strawberry Ice Cream 6boxes*4bags*88ml","Frozen & Chilled Foods","Ice Cream","Chenqing","08-06-2027/0.0","105.0","2027-08-06","105.0","105.0","4*7=28","Case","52.787","","540","62.5","Crestline Northwest Inc"
"L270702954","","FE08158","Chenqing Red Bean Ice Cream 6boxes*3bags*90ml","Frozen & Chilled Foods","Ice Cream","Chenqing","07-04-2027/0.0","0.0","2027-07-04","0.0","0.0","","Case","49.871","","540","70.5","Crestline Northwest Inc"
"L270202955","","FE08158","Chenqing Red Bean Ice Cream 6boxes*3bags*90ml","Frozen & Chilled Foods","Ice Cream","Chenqing","02-24-2027/0.0","0.0","2027-02-24","0.0","0.0","","Case","49.871","","540","70.5","Crestline Northwest Inc"
"L270802956","","FE08158","Chenqing Red Bean Ice Cream 6boxes*3bags*90ml","Frozen & Chilled Foods","Ice Cream","Chenqing","08-16-2027/0.0","0.0","2027-08-16","0.0","0.0","","Case","49.871","","540","70.5","Crestline Northwest Inc"
"L270202957","","FE83255","Chenqing Brown Sugar Ice Cream 8boxes*3bags*72ml","Frozen & Chilled Foods","Ice Cream","Chenqing","02-24-2027/0.0","3.0","2027-02-24","6.0","10.0","11*7=77","Case","31.661","","540","42.5","Crestline Northwest Inc"
"L270502958","","FE83255","Chenqing Brown Sugar Ice Cream 8boxes*3bags*72ml","Frozen & Chilled Foods","Ice Cream","Chenqing","05-11-2027/0.0","3.0","2027-05-11","6.0","10.0","11*7=77","Case","31.661","","540","42.5","Crestline Northwest Inc"
"L260302959","","FE83255","Chenqing Brown Sugar Ice Cream 8boxes*3bags*72ml","Frozen & Chilled Foods","Ice Cream","Chenqing","03-17-2026/0.0","0.0","2026-03-17","6.0","10.0","11*7=77","Case","31.661","","540","42.5","Crestline Northwest Inc"
"L270302960","","FE54213","Chenqing Peach Ice Cream 24boxes*3bags*88ml","Frozen & Chilled Foods","Ice Cream","Chenqing","03-30-2027/0.0","58.0","2027-03-30","174.0","249.0","6*6=36","Case","39.027","","540","52.0","Crestline Northwest Inc"
"L270402961","","FE54213","Chenqing Peach Ice Cream 24boxes*3bags*88ml","Frozen & Chilled Foods","Ice Cream","Chenqing","04-19-2027/0.0","58.0","2027-04-19","174.0","249.0","6*6=36","Case","39.027","","540","52.0","Crestline Northwest Inc"
"L270202962","","FE54213","Chenqing Peach Ice Cream 24boxes*3bags*88ml","Frozen & Chilled Foods","Ice Cream","Chenqing","02-18-2027/0.0","58.0","2027-02-18","174.0","249.0","6*6=36","Case","39.027","","540","52.0","Crestline Northwest Inc"
"L260502963","","FE54213","Chenqing Peach Ice Cream 24boxes*3bags*88ml","Frozen & Chilled Foods","Ice Cream","Chenqing","05-07-2026/0.0","0.0","2026-05-07","174.0","249.0","6*6=36","Case","39.027","","540","52.0","Crestline Northwest Inc"
"L270902964","","FE72304","Chenqing Melon Ice Cream 8boxes*3bags*90ml","Frozen & Chilled Foods","Ice Cream","Chenqing","09-12-2027/0.0","29.0","2027-09-12","83.0","122.0","4*8=32","Case","49.37","","540","62.5","Crestline Northwest Inc"
"L270202965","","FE72304","Chenqing Melon Ice Cream 8boxes*3bags*90ml","Frozen & Chilled Foods","Ice Cream","Chenqing","02-07-2027/0.0","27.0","2027-02-07","83.0","122.0","4*8=32","Case","49.37","","540","62.5","Crestline Northwest Inc"
"L270702966","","FE72304","Chenqing Melon Ice Cream 8boxes*3bags*90ml","Frozen & Chilled Foods","Ice Cream","Chenqing","07-04-2027/0.0","27.0","2027-07-04","83.0","122.0","4*8=32","Case","49.37","","540","62.5","Crestline Northwest Inc"
"L260102967","","FE72304","Chenqing Melon Ice Cream 8boxes*3bags*90ml","Frozen & Chilled Foods","Ice Cream","Chenqing","01-28-2026/0.0","0.0","2026-01-28","83.0","122.0","4*8=32","Case","49.37","","540","62.5","Crestline Northwest Inc"
"L260402968","","FE72304","Chenqing Melon Ice Cream 8boxes*3bags*90ml","Frozen & Chilled Foods","Ice Cream","Chenqing","04-09-2026/0.0","0.0","2026-04-09","83.0","122.0","4*8=32","Case","49.37","","540","62.5","Crestline Northwest Inc"
"L270202969","","E25184","Lusong Pickled Vegetable Brown Sugar 10bags*70g","Honey & Jam","Brown Sugar","Lusong","02-01-2027/0.0","9.0","2027-02-01","9.0","25.0","5*9=45","Case","36.443","","1080","44.5","Crestline Northwest Inc"
"L251002970","","E25184","Lusong Pickled Vegetable Brown Sugar 10bags*70g","Honey & Jam","Brown Sugar","Lusong","10-03-2025/0.0","0.0","2025-10-03","9.0","25.0","5*9=45","Case","36.443","","1080","44.5","Crestline Northwest Inc"
"2026-02-26","","E25184","Lusong Pickled Vegetable Brown Sugar 10bags*70g","Honey & Jam","Brown Sugar","Lusong","02-26-2026/0.0","0.0","2026-02-26","9.0","25.0","5*9=45","Case","36.443","","1080","44.5","Crestline Northwest Inc"
"L281102972","","E96105","Lusong Chicken Brown Sugar 10bags*100g","Honey & Jam","Brown Sugar","Lusong","11-10-2028/0.0","0.0","2028-11-10","0.0","2.0","6*14=84","Case","38.086","","1080","54.0","Crestline Northwest Inc"
"L281202973","","E17155","Lusong Seafood Brown Sugar 8bags*400g","Honey & Jam","Brown Sugar","Lusong","12-09-2028/0.0","37.0","2028-12-09","73.0","102.0","9*13=117","Case","16.934","","1080","21.0","Crestline Northwest Inc"
"L270902974","","E17155","Lusong Seafood Brown Sugar 8bags*400g","Honey & Jam","Brown Sugar","Lusong","09-01-2027/0.0","36.0","2027-09-01","73.0","102.0","9*13=117","Case","16.934","","1080","999.0","Crestline Northwest Inc"
"L261002975","","M34216","SHANBAO Strawberry Mooncakes 30bags*70g","Candy & Snacks","Mooncakes","SHANBAO","10-05-2026/0.0","130.0","2026-10-05","130.0","130.0","5*7=35","Case","35.985","Alert Date Reached","180","42.5","Crestline Northwest Inc"
"L270702976","","B87380","WANXIAN Pineapple Candy 10bags*70g","Candy & Snacks","Candy","WANXIAN","07-06-2027/0.0","28.0","2027-07-06","56.0","56.0","12*12=144","Case","33.938","","540","38.5","Crestline Northwest Inc"
"L270402977","","B87380","WANXIAN Pineapple Candy 10bags*70g","Candy & Snacks","Candy","WANXIAN","04-04-2027/0.0","28.0","2027-04-04","56.0","56.0","12*12=144","Case","33.938","","540","38.5","Crestline Northwest Inc"
"L261002978","","VHB81290","Chengfeng Sea Salt Bath & Body Care 500ml","Beauty & Health & Home","Bath & Body Care","Chengfeng","10-12-2026/0.0","48.0","2026-10-12","48.0","48.0","","each","9.807","Alert Date Reached","1095","13.5","Crestline Northwest Inc"
"L250902979","","VHB81290","Chengfeng Sea Salt Bath & Body Care 500ml","Beauty & Health & Home","Bath & Body Care","Chengfeng","09-28-2025/0.0","0.0","2025-09-28","48.0","48.0","","each","9.807","","1095","13.5","Crestline Northwest Inc"
"L250902980","","VHB81290","Chengfeng Sea Salt Bath & Body Care 500ml","Beauty & Health & Home","Bath & Body Care","Chengfeng","09-15-2025/0.0","0.0","2025-09-15","48.0","48.0","","each","9.807","","1095","13.5","Crestline Northwest Inc"
"L270402981","","B23232","Fuxi Green Tea Puffed Snacks 8bags*70g","Candy & Snacks","Puffed Snacks","Fuxi","04-15-2027/0.0","10.0","2027-04-15","30.0","67.0","10*11=110","Case","41.194","","270","47.5","Crestline Northwest Inc"
"L270202982","","B23232","Fuxi Green Tea Puffed Snacks 8bags*70g","Candy & Snacks","Puffed Snacks","Fuxi","02-14-2027/0.0","10.0","2027-02-14","30.0","67.0","10*11=110","Case","41.194","","270","47.5","Crestline Northwest Inc"
"L270502983","","B23232","Fuxi Green Tea Puffed Snacks 8bags*70g","Candy & Snacks","Puffed Snacks","Fuxi","05-16-2027/0.0","10.0","2027-05-16","30.0","67.0","10*11=110","Case","41.194","","270","47.5","Crestline Northwest Inc"
"L261002984","","B78210","Fuxi Brown Sugar Egg Snacks 20bags*1000g","Candy & Snacks","Egg Snacks","Fuxi","10-25-2026/0.0","84.0","2026-10-25","84.0","84.0","4*6=24","Case","20.223","Alert Date Reached","360","29.5","Crestline Northwest Inc"
"L280902985","","E56203","Zhouyou Taro Chili Seasonings 8bags*1000g","Seasonings","Chili Seasonings","Zhouyou","09-08-2028/0.0","0.0","2028-09-08","0.0","1.0","11*12=132","Case","39.216","","1080","51.5","Crestline Northwest Inc"
"L260502986","","E56203","Zhouyou Taro Chili Seasonings 8bags*1000g","Seasonings","Chili Seasonings","Zhouyou","05-06-2026/0.0","0.0","2026-05-06","0.0","1.0","11*12=132","Case","39.216","","1080","51.5","Crestline Northwest Inc"
"L270102987","","B68372","Jiaqing Peach Seasoned Vegetarian Snacks 12bags*200g","Candy & Snacks","Seasoned Vegetarian Snacks","Jiaqing","01-10-2027/0.0","2.0","2027-01-10","3.0","9.0","","Case","24.46","","240","28.5","Crestline Northwest Inc"
"L261202988","","B68372","Jiaqing Peach Seasoned Vegetarian Snacks 12bags*200g","Candy & Snacks","Seasoned Vegetarian Snacks","Jiaqing","12-06-2026/0.0","1.0","2026-12-06","3.0","9.0","","Case","24.46","","240","28.5","Crestline Northwest Inc"
"L270202989","","M42340","Jiaqing Five Spice Bread 24bags*100g","Candy & Snacks","Bread","Jiaqing","02-03-2027/0.0","0.0","2027-02-03","0.0","1.0","","Case","20.871","","180","27.0","Crestline Northwest Inc"
"L251202990","","M42340","Jiaqing Five Spice Bread 24bags*100g","Candy & Snacks","Bread","Jiaqing","12-19-2025/0.0","0.0","2025-12-19","0.0","1.0","","Case","20.871","","180","27.0","Crestline Northwest Inc"
"L260902991","","VMU60172","Luxi Corn Cosmetics 100ml","Beauty & Health & Home","Cosmetics","Luxi","09-05-2026/0.0","96.0","2026-09-05","96.0","155.0","12*11=132","each","8.018","Alert Date Reached","1095","12.0","Crestline Northwest Inc"
"L290302992","","VMU04281","Luxi Garlic Makeup 10bags*1000g","Beauty & Health & Home","Makeup","Luxi","03-31-2029/0.0","6.0","2029-03-31","6.0","9.0","","Case","10.874","","1095","13.0","Crestline Northwest Inc"
"2026-06-20","","VMU04281","Luxi Garlic Makeup 10bags*1000g","Beauty & Health & Home","Makeup","Luxi","06-20-2026/0.0","0.0","2026-06-20","6.0","9.0","","Case","10.874","","1095","13.0","Crestline Northwest Inc"
"L251202994","","VMU04281","Luxi Garlic Makeup 10bags*1000g","Beauty & Health & Home","Makeup","Luxi","12-13-2025/0.0","0.0","2025-12-13","6.0","9.0","","Case","10.874","","1095","13.0","Crestline Northwest Inc"
"L270602995","","VSC33186","Luxi Milk Skin Care 250ml","Beauty & Health & Home","Skin Care","Luxi","06-30-2027/0.0","0.0","2027-06-30","0.0","38.0","","each","6.748","","1095","9.0","Crestline Northwest Inc"
"L260202996","","VSC33186","Luxi Milk Skin Care 250ml","Beauty & Health & Home","Skin Care","Luxi","02-25-2026/0.0","0.0","2026-02-25","0.0","38.0","","each","6.748","","1095","9.0","Crestline Northwest Inc"
"L261102997","","B37123","Yuanyue Peach Puffed/Flour Snacks 8bags*500g","Candy & Snacks","Puffed/Flour Snacks","Yuanyue","11-14-2026/0.0","18.0","2026-11-14","36.0","36.0","7*6=42","Case","14.182","Alert Date Reached","270","20.0","Crestline Northwest Inc"
"L270502998","","B37123","Yuanyue Peach Puffed/Flour Snacks 8bags*500g","Candy & Snacks","Puffed/Flour Snacks","Yuanyue","05-18-2027/0.0","18.0","2027-05-18","36.0","36.0","7*6=42","Case","14.182","","270","20.0","Crestline Northwest Inc"
"L260902999","","B64128","Yuanyue Milk Candy 20bags*500g","Candy & Snacks","Candy","Yuanyue","09-05-2026/0.0","1.0","2026-09-05","1.0","3.0","","Case","26.453","Alert Date Reached","540","33.5","Crestline Northwest Inc"
"L271103000","","B64128","Yuanyue Milk Candy 20bags*500g","Candy & Snacks","Candy","Yuanyue","11-10-2027/0.0","0.0","2027-11-10","1.0","3.0","","Case","26.453","","540","33.5","Crestline Northwest Inc"
"L270403001","","B50385","Yuanyue Osmanthus Seasoned Vegetarian Snacks 12bags*70g","Candy & Snacks","Seasoned Vegetarian Snacks","Yuanyue","04-12-2027/0.0","140.0","2027-04-12","140.0","140.0","11*7=77","Case","16.923","","240","25.5","Crestline Northwest Inc"
"2025-09-14","","B50385","Yuanyue Osmanthus Seasoned Vegetarian Snacks 12bags*70g","Candy & Snacks","Seasoned Vegetarian Snacks","Yuanyue","09-14-2025/0.0","0.0","2025-09-14","140.0","140.0","11*7=77","Case","16.923","","240","25.5","Crestline Northwest Inc"
"L270503003","","B97167","Yuanyue Milk Cheese Snacks 12bags*70g","Candy & Snacks","Cheese Snacks","Yuanyue","05-11-2027/0.0","8.0","2027-05-11","16.0","16.0","11*13=143","Case","12.54","","270","18.5","Crestline Northwest Inc"
"L270303004","","B97167","Yuanyue Milk Cheese Snacks 12bags*70g","Candy & Snacks","Cheese Snacks","Yuanyue","03-20-2027/0.0","8.0","2027-03-20","16.0","16.0","11*13=143","Case","12.54","","270","18.5","Crestline Northwest Inc"
"L250903005","","B97167","Yuanyue Milk Cheese Snacks 12bags*70g","Candy & Snacks","Cheese Snacks","Yuanyue","09-26-2025/0.0","0.0","2025-09-26","16.0","16.0","11*13=143","Case","12.54","","270","18.5","Crestline Northwest Inc"
"L251203006","","B97167","Yuanyue Milk Cheese Snacks 12bags*70g","Candy & Snacks","Cheese Snacks","Yuanyue","12-02-2025/0.0","0.0","2025-12-02","16.0","16.0","11*13=143","Case","12.54","","270","18.5","Crestline Northwest Inc"
"L270203007","","B89177","Yuanyue Brown Sugar Seaweed Snacks & Dried Kelp 30bags*100g","Candy & Snacks","Seaweed Snacks & Dried Kelp","Yuanyue","02-08-2027/0.0","25.0","2027-02-08","75.0","75.0","","Case","32.888","","540","42.5","Crestline Northwest Inc"
"L270603008","","B89177","Yuanyue Brown Sugar Seaweed Snacks & Dried Kelp 30bags*100g","Candy & Snacks","Seaweed Snacks & Dried Kelp","Yuanyue","06-05-2027/0.0","25.0","2027-06-05","75.0","75.0","","Case","32.888","","540","42.5","Crestline Northwest Inc"
"L270303009","","B89177","Yuanyue Brown Sugar Seaweed Snacks & Dried Kelp 30bags*100g","Candy & Snacks","Seaweed Snacks & Dried Kelp","Yuanyue","03-13-2027/0.0","25.0","2027-03-13","75.0","75.0","","Case","32.888","","540","999.0","Crestline Northwest Inc"
"2026-01-10","","B89177","Yuanyue Brown Sugar Seaweed Snacks & Dried Kelp 30bags*100g","Candy & Snacks","Seaweed Snacks & Dried Kelp","Yuanyue","01-10-2026/0.0","0.0","2026-01-10","75.0","75.0","","Case","32.888","","540","42.5","Crestline Northwest Inc"
"L260603011","","B89177","Yuanyue Brown Sugar Seaweed Snacks & Dried Kelp 30bags*100g","Candy & Snacks","Seaweed Snacks & Dried Kelp","Yuanyue","06-04-2026/0.0","0.0","2026-06-04","75.0","75.0","","Case","32.888","","540","42.5","Crestline Northwest Inc"
"L280903012","","F38261","Xiangxi Seafood Peanuts 10bags*200g","Grains","Peanuts","Xiangxi","09-19-2028/0.0","536.0","2028-09-19","536.0","562.0","14*8=112","Case","36.788","","1080","48.5","Crestline Northwest Inc"
"L261203013","","A80201","FENGFU Vanilla Probiotic Drinks 15btls*330ml","Beverages","Probiotic Drinks","FENGFU","12-27-2026/0.0","6.0","2026-12-27","14.0","15.0","","Case","14.718","","360","22.0","Crestline Northwest Inc"
"L260703014","","A80201","FENGFU Vanilla Probiotic Drinks 15btls*330ml","Beverages","Probiotic Drinks","FENGFU","07-25-2026/0.0","4.0","2026-07-25","14.0","15.0","","Case","14.718","Alert Date Reached","360","22.0","Crestline Northwest Inc"
"L260803015","","A80201","FENGFU Vanilla Probiotic Drinks 15btls*330ml","Beverages","Probiotic Drinks","FENGFU","08-14-2026/0.0","4.0","2026-08-14","14.0","15.0","","Case","14.718","Alert Date Reached","360","22.0","Crestline Northwest Inc"
"L270503016","","C79258","FENGFU Lemon Coffee 24btls*500ml","Beverages","Coffee","FENGFU","05-19-2027/0.0","6.0","2027-05-19","14.0","15.0","12*6=72","Case","20.174","","720","24.5","Crestline Northwest Inc"
"L280803017","","C79258","FENGFU Lemon Coffee 24btls*500ml","Beverages","Coffee","FENGFU","08-04-2028/0.0","4.0","2028-08-04","14.0","15.0","12*6=72","Case","20.174","","720","24.5","Crestline Northwest Inc"
"L270603018","","C79258","FENGFU Lemon Coffee 24btls*500ml","Beverages","Coffee","FENGFU","06-25-2027/0.0","4.0","2027-06-25","14.0","15.0","12*6=72","Case","20.174","","720","24.5","Crestline Northwest Inc"
"L270503019","","A51343","FENGFU Spicy Probiotic Drinks 12btls*330ml","Beverages","Probiotic Drinks","FENGFU","05-27-2027/0.0","1154.0","2027-05-27","2307.0","2361.0","6*12=72","Case","12.832","","360","16.5","Crestline Northwest Inc"
"L270703020","","A51343","FENGFU Spicy Probiotic Drinks 12btls*330ml","Beverages","Probiotic Drinks","FENGFU","07-20-2027/0.0","1153.0","2027-07-20","2307.0","2361.0","6*12=72","Case","12.832","","360","16.5","Crestline Northwest Inc"
"L261003021","","A45365","LIANGYUE Lychee Sparkling Water 12btls*330ml","Beverages","Sparkling Water","LIANGYUE","10-26-2026/0.0","252.0","2026-10-26","252.0","443.0","16*8=128","Case","15.395","Alert Date Reached","360","20.0","Crestline Northwest Inc"
"L260403022","","A45365","LIANGYUE Lychee Sparkling Water 12btls*330ml","Beverages","Sparkling Water","LIANGYUE","04-02-2026/0.0","0.0","2026-04-02","252.0","443.0","16*8=128","Case","15.395","","360","20.0","Crestline Northwest Inc"
"L270303023","","A71349","LIANGYUE Pineapple Juice 12btls*280ml","Beverages","Juice","LIANGYUE","03-11-2027/0.0","2.0","2027-03-11","3.0","6.0","17*5=85","Case","20.114","","360","28.5","Crestline Northwest Inc"
"L270103024","","A71349","LIANGYUE Pineapple Juice 12btls*280ml","Beverages","Juice","LIANGYUE","01-30-2027/0.0","1.0","2027-01-30","3.0","6.0","17*5=85","Case","20.114","","360","28.5","Crestline Northwest Inc"
"L260103025","","A71349","LIANGYUE Pineapple Juice 12btls*280ml","Beverages","Juice","LIANGYUE","01-12-2026/0.0","0.0","2026-01-12","3.0","6.0","17*5=85","Case","20.114","","360","28.5","Crestline Northwest Inc"
"L270103026","","A09231","LIANGYUE Jujube Coconut Water 12btls*280ml","Beverages","Coconut Water","LIANGYUE","01-16-2027/0.0","0.0","2027-01-16","0.0","1.0","","Case","15.255","","360","20.0","Crestline Northwest Inc"
"L270203027","","A09231","LIANGYUE Jujube Coconut Water 12btls*280ml","Beverages","Coconut Water","LIANGYUE","02-27-2027/0.0","0.0","2027-02-27","0.0","1.0","","Case","15.255","","360","20.0","Crestline Northwest Inc"
"L261103028","","L79229","QINGXIAN Brown Sugar Wood Ear Mushroom 8bags*400g","Dried Vegetables","Wood Ear Mushroom","QINGXIAN","11-03-2026/0.0","8.0","2026-11-03","16.0","16.0","15*13=195","Case","43.431","Alert Date Reached","1080","65.0","Crestline Northwest Inc"
"L280603029","","L79229","QINGXIAN Brown Sugar Wood Ear Mushroom 8bags*400g","Dried Vegetables","Wood Ear Mushroom","QINGXIAN","06-06-2028/0.0","8.0","2028-06-06","16.0","16.0","15*13=195","Case","43.431","","1080","65.0","Crestline Northwest Inc"
"2025-12-19","","L79229","QINGXIAN Brown Sugar Wood Ear Mushroom 8bags*400g","Dried Vegetables","Wood Ear Mushroom","QINGXIAN","12-19-2025/0.0","0.0","2025-12-19","16.0","16.0","15*13=195","Case","43.431","","1080","65.0","Crestline Northwest Inc"
"L271003031","","L26273","QINGXIAN Pickled Vegetable Mushrooms 10bags*70g","Dried Vegetables","Mushrooms","QINGXIAN","10-17-2027/0.0","4.0","2027-10-17","4.0","4.0","13*13=169","Case","77.677","","720","108.0","Crestline Northwest Inc"
"L290503032","","L60293","QINGXIAN Grape Wood Ear Mushroom 24bags*150g","Dried Vegetables","Wood Ear Mushroom","QINGXIAN","05-01-2029/0.0","0.0","2029-05-01","0.0","1.0","14*12=168","Case","48.376","","1080","63.5","Crestline Northwest Inc"
"L281203033","","L60293","QINGXIAN Grape Wood Ear Mushroom 24bags*150g","Dried Vegetables","Wood Ear Mushroom","QINGXIAN","12-02-2028/0.0","0.0","2028-12-02","0.0","1.0","14*12=168","Case","48.376","","1080","63.5","Crestline Northwest Inc"
"L260603034","","L60293","QINGXIAN Grape Wood Ear Mushroom 24bags*150g","Dried Vegetables","Wood Ear Mushroom","QINGXIAN","06-24-2026/0.0","0.0","2026-06-24","0.0","1.0","14*12=168","Case","48.376","","1080","63.5","Crestline Northwest Inc"
"L271103035","","H23126","QINGXIAN Pickled Vegetable Pickled Products 6bags*100g","Dried Vegetables","Pickled Products","QINGXIAN","11-30-2027/0.0","1.0","2027-11-30","3.0","3.0","18*6=108","Case","30.881","","540","45.5","Crestline Northwest Inc"
"L270403036","","H23126","QINGXIAN Pickled Vegetable Pickled Products 6bags*100g","Dried Vegetables","Pickled Products","QINGXIAN","04-17-2027/0.0","1.0","2027-04-17","3.0","3.0","18*6=108","Case","30.881","","540","45.5","Crestline Northwest Inc"
"L261103037","","H23126","QINGXIAN Pickled Vegetable Pickled Products 6bags*100g","Dried Vegetables","Pickled Products","QINGXIAN","11-06-2026/0.0","1.0","2026-11-06","3.0","3.0","18*6=108","Case","30.881","Alert Date Reached","540","45.5","Crestline Northwest Inc"
"L270403038","","C69185","Zhouxi Honey Drink Powder/Blocks 6bags*200g","Instant Drinks","Drink Powder/Blocks","Zhouxi","04-26-2027/0.0","2.0","2027-04-26","2.0","3.0","","Case","19.915","","720","27.5","Crestline Northwest Inc"
"L261103039","","C69185","Zhouxi Honey Drink Powder/Blocks 6bags*200g","Instant Drinks","Drink Powder/Blocks","Zhouxi","11-16-2026/0.0","0.0","2026-11-16","2.0","3.0","","Case","19.915","","720","27.5","Crestline Northwest Inc"
"L280203040","","C69185","Zhouxi Honey Drink Powder/Blocks 6bags*200g","Instant Drinks","Drink Powder/Blocks","Zhouxi","02-08-2028/0.0","0.0","2028-02-08","2.0","3.0","","Case","19.915","","720","27.5","Crestline Northwest Inc"
"L251103041","","C69185","Zhouxi Honey Drink Powder/Blocks 6bags*200g","Instant Drinks","Drink Powder/Blocks","Zhouxi","11-21-2025/0.0","0.0","2025-11-21","2.0","3.0","","Case","19.915","","720","27.5","Crestline Northwest Inc"
"2026-01-24","","C69185","Zhouxi Honey Drink Powder/Blocks 6bags*200g","Instant Drinks","Drink Powder/Blocks","Zhouxi","01-24-2026/0.0","0.0","2026-01-24","2.0","3.0","","Case","19.915","","720","27.5","Crestline Northwest Inc"
"L261103043","","C82176","Zhouxi Strawberry Drink Powder/Blocks 12bags*400g","Instant Drinks","Drink Powder/Blocks","Zhouxi","11-21-2026/0.0","47.0","2026-11-21","47.0","53.0","16*14=224","Case","24.404","Alert Date Reached","720","31.5","Crestline Northwest Inc"
"L270603044","","B64351","Chenrui BBQ Sunflower Seeds 6bags*150g","Candy & Snacks","Sunflower Seeds","Chenrui","06-19-2027/0.0","253.0","2027-06-19","253.0","254.0","17*11=187","Case","34.721","","450","999.0","Crestline Northwest Inc"
"L270603045","","B56339","Chenrui Peach Rice Crackers&Popcorn 24bags*500g","Candy & Snacks","Rice Crackers&Popcorn","Chenrui","06-25-2027/0.0","2.0","2027-06-25","2.0","3.0","5*10=50","Case","37.777","","360","44.5","Crestline Northwest Inc"
"L261003046","","B56339","Chenrui Peach Rice Crackers&Popcorn 24bags*500g","Candy & Snacks","Rice Crackers&Popcorn","Chenrui","10-06-2026/0.0","0.0","2026-10-06","2.0","3.0","5*10=50","Case","37.777","","360","44.5","Crestline Northwest Inc"
"L270203047","","B56339","Chenrui Peach Rice Crackers&Popcorn 24bags*500g","Candy & Snacks","Rice Crackers&Popcorn","Chenrui","02-23-2027/0.0","0.0","2027-02-23","2.0","3.0","5*10=50","Case","37.777","","360","44.5","Crestline Northwest Inc"
"L250903048","","B56339","Chenrui Peach Rice Crackers&Popcorn 24bags*500g","Candy & Snacks","Rice Crackers&Popcorn","Chenrui","09-17-2025/0.0","0.0","2025-09-17","2.0","3.0","5*10=50","Case","37.777","","360","44.5","Crestline Northwest Inc"
"L270503049","","B16283","Chenrui Mala Puffed/Flour Snacks 12bags*100g","Candy & Snacks","Puffed/Flour Snacks","Chenrui","05-22-2027/0.0","83.0","2027-05-22","83.0","92.0","5*8=40","Case","34.036","","270","44.0","Crestline Northwest Inc"
"L270303050","","B28336","Chenrui Tomato Candy 12bags*100g","Candy & Snacks","Candy","Chenrui","03-02-2027/0.0","10.0","2027-03-02","28.0","48.0","7*7=49","Case","27.254","","540","37.5","Crestline Northwest Inc"
"L270603051","","B28336","Chenrui Tomato Candy 12bags*100g","Candy & Snacks","Candy","Chenrui","06-16-2027/0.0","9.0","2027-06-16","28.0","48.0","7*7=49","Case","27.254","","540","37.5","Crestline Northwest Inc"
"L271203052","","B28336","Chenrui Tomato Candy 12bags*100g","Candy & Snacks","Candy","Chenrui","12-01-2027/0.0","9.0","2027-12-01","28.0","48.0","7*7=49","Case","27.254","","540","37.5","Crestline Northwest Inc"
"L260403053","","B28336","Chenrui Tomato Candy 12bags*100g","Candy & Snacks","Candy","Chenrui","04-06-2026/0.0","0.0","2026-04-06","28.0","48.0","7*7=49","Case","27.254","","540","37.5","Crestline Northwest Inc"
"L251203054","","B28336","Chenrui Tomato Candy 12bags*100g","Candy & Snacks","Candy","Chenrui","12-04-2025/0.0","0.0","2025-12-04","28.0","48.0","7*7=49","Case","27.254","","540","37.5","Crestline Northwest Inc"
"L261203055","","B83168","Chenrui Mala Puffed/Flour Snacks 24bags*400g","Candy & Snacks","Puffed/Flour Snacks","Chenrui","12-15-2026/0.0","252.0","2026-12-15","252.0","252.0","10*10=100","Case","22.446","","270","32.0","Crestline Northwest Inc"
"L260703056","","B83168","Chenrui Mala Puffed/Flour Snacks 24bags*400g","Candy & Snacks","Puffed/Flour Snacks","Chenrui","07-07-2026/0.0","0.0","2026-07-07","252.0","252.0","10*10=100","Case","22.446","","270","32.0","Crestline Northwest Inc"
"2026-01-03","","B83168","Chenrui Mala Puffed/Flour Snacks 24bags*400g","Candy & Snacks","Puffed/Flour Snacks","Chenrui","01-03-2026/0.0","0.0","2026-01-03","252.0","252.0","10*10=100","Case","22.446","","270","32.0","Crestline Northwest Inc"
"L261203058","","A17227","Baoan Grape Coconut Water 20btls*280ml","Beverages","Coconut Water","Baoan","12-29-2026/0.0","75.0","2026-12-29","150.0","169.0","16*11=176","Case","20.415","","360","26.0","Crestline Northwest Inc"
"L270203059","","A17227","Baoan Grape Coconut Water 20btls*280ml","Beverages","Coconut Water","Baoan","02-22-2027/0.0","75.0","2027-02-22","150.0","169.0","16*11=176","Case","20.415","","360","26.0","Crestline Northwest Inc"
"L250903060","","A17227","Baoan Grape Coconut Water 20btls*280ml","Beverages","Coconut Water","Baoan","09-17-2025/0.0","0.0","2025-09-17","150.0","169.0","16*11=176","Case","20.415","","360","26.0","Crestline Northwest Inc"
"L261003061","","A87246","Baoan Garlic Beverages 15btls*480ml","Beverages","Beverages","Baoan","10-01-2026/0.0","3.0","2026-10-01","6.0","11.0","14*14=196","Case","17.759","Alert Date Reached","360","999.0","Crestline Northwest Inc"
"L270303062","","A87246","Baoan Garlic Beverages 15btls*480ml","Beverages","Beverages","Baoan","03-10-2027/0.0","3.0","2027-03-10","6.0","11.0","14*14=196","Case","17.759","","360","24.5","Crestline Northwest Inc"
"L270203063","","A92139","Baoan Beef Milk 24btls*480ml","Beverages","Milk","Baoan","02-23-2027/0.0","2.0","2027-02-23","2.0","6.0","4*13=52","Case","16.47","","360","21.0","Crestline Northwest Inc"
"L270703064","","A29120","WANSHUN Mango Ready-to-Drink Tea 15btls*1500ml","Beverages","Ready-to-Drink Tea","WANSHUN","07-23-2027/0.0","23.0","2027-07-23","67.0","74.0","","Case","10.623","","360","15.0","Crestline Northwest Inc"
"L260703065","","A29120","WANSHUN Mango Ready-to-Drink Tea 15btls*1500ml","Beverages","Ready-to-Drink Tea","WANSHUN","07-29-2026/0.0","22.0","2026-07-29","67.0","74.0","","Case","10.623","Alert Date Reached","360","15.0","Crestline Northwest Inc"
"L270403066","","A29120","WANSHUN Mango Ready-to-Drink Tea 15btls*1500ml","Beverages","Ready-to-Drink Tea","WANSHUN","04-27-2027/0.0","22.0","2027-04-27","67.0","74.0","","Case","10.623","","360","15.0","Crestline Northwest Inc"
"L270803067","","A89371","WANSHUN Mala Sparkling Water 20btls*1500ml","Beverages","Sparkling Water","WANSHUN","08-27-2027/0.0","38.0","2027-08-27","112.0","112.0","18*8=144","Case","24.4","","360","31.5","Crestline Northwest Inc"
"L270603068","","A89371","WANSHUN Mala Sparkling Water 20btls*1500ml","Beverages","Sparkling Water","WANSHUN","06-17-2027/0.0","37.0","2027-06-17","112.0","112.0","18*8=144","Case","24.4","","360","31.5","Crestline Northwest Inc"
"L270603069","","A89371","WANSHUN Mala Sparkling Water 20btls*1500ml","Beverages","Sparkling Water","WANSHUN","06-20-2027/0.0","37.0","2027-06-20","112.0","112.0","18*8=144","Case","24.4","","360","31.5","Crestline Northwest Inc"
"2025-11-01","","A89371","WANSHUN Mala Sparkling Water 20btls*1500ml","Beverages","Sparkling Water","WANSHUN","11-01-2025/0.0","0.0","2025-11-01","112.0","112.0","18*8=144","Case","24.4","","360","31.5","Crestline Northwest Inc"
"L270503071","","D22205","JINSONG Corn Vermicelli 20bags*500g","Dry Noodles","Vermicelli","JINSONG","05-16-2027/0.0","10.0","2027-05-16","20.0","20.0","7*7=49","Case","17.026","","300","20.5","Crestline Northwest Inc"
"L270203072","","D22205","JINSONG Corn Vermicelli 20bags*500g","Dry Noodles","Vermicelli","JINSONG","02-18-2027/0.0","10.0","2027-02-18","20.0","20.0","7*7=49","Case","17.026","","300","20.5","Crestline Northwest Inc"
"L251203073","","D22205","JINSONG Corn Vermicelli 20bags*500g","Dry Noodles","Vermicelli","JINSONG","12-22-2025/0.0","0.0","2025-12-22","20.0","20.0","7*7=49","Case","17.026","","300","20.5","Crestline Northwest Inc"
"L271203074","","D63152","JINSONG Honey Instant Rice Noodles 8bags*200g","Dry Noodles","Instant Rice Noodles","JINSONG","12-11-2027/0.0","50.0","2027-12-11","146.0","146.0","10*8=80","Case","12.091","","720","17.5","Crestline Northwest Inc"
"L280703075","","D63152","JINSONG Honey Instant Rice Noodles 8bags*200g","Dry Noodles","Instant Rice Noodles","JINSONG","07-06-2028/0.0","48.0","2028-07-06","146.0","146.0","10*8=80","Case","12.091","","720","17.5","Crestline Northwest Inc"
"L270703076","","D63152","JINSONG Honey Instant Rice Noodles 8bags*200g","Dry Noodles","Instant Rice Noodles","JINSONG","07-09-2027/0.0","48.0","2027-07-09","146.0","146.0","10*8=80","Case","12.091","","720","999.0","Crestline Northwest Inc"
"L261003077","","A29340","FENGFENG Matcha Plant-Based Drinks 12btls*480ml","Beverages","Plant-Based Drinks","FENGFENG","10-18-2026/0.0","1.0","2026-10-18","1.0","6.0","10*5=50","Case","10.138","Alert Date Reached","360","14.5","Crestline Northwest Inc"
"L270703078","","A29340","FENGFENG Matcha Plant-Based Drinks 12btls*480ml","Beverages","Plant-Based Drinks","FENGFENG","07-04-2027/0.0","0.0","2027-07-04","1.0","6.0","10*5=50","Case","10.138","","360","14.5","Crestline Northwest Inc"
"2025-10-08","","A29340","FENGFENG Matcha Plant-Based Drinks 12btls*480ml","Beverages","Plant-Based Drinks","FENGFENG","10-08-2025/0.0","0.0","2025-10-08","1.0","6.0","10*5=50","Case","10.138","","360","14.5","Crestline Northwest Inc"
"L270303080","","A16378","FENGFENG Green Tea Sparkling Water 12btls*500ml","Beverages","Sparkling Water","FENGFENG","03-31-2027/0.0","76.0","2027-03-31","152.0","457.0","","Case","11.697","","360","13.0","Crestline Northwest Inc"
"L261203081","","A16378","FENGFENG Green Tea Sparkling Water 12btls*500ml","Beverages","Sparkling Water","FENGFENG","12-30-2026/0.0","76.0","2026-12-30","152.0","457.0","","Case","11.697","","360","13.0","Crestline Northwest Inc"
"L270803082","","F17210","CHENGQING Jujube Peanuts 12bags*70g","Grains","Peanuts","CHENGQING","08-14-2027/0.0","222.0","2027-08-14","222.0","222.0","5*11=55","Case","23.599","","1080","35.5","Crestline Northwest Inc"
"2026-06-20","","F17210","CHENGQING Jujube Peanuts 12bags*70g","Grains","Peanuts","CHENGQING","06-20-2026/0.0","0.0","2026-06-20","222.0","222.0","5*11=55","Case","23.599","","1080","35.5","Crestline Northwest Inc"
"2026-07-05","","F17210","CHENGQING Jujube Peanuts 12bags*70g","Grains","Peanuts","CHENGQING","07-05-2026/0.0","0.0","2026-07-05","222.0","222.0","5*11=55","Case","23.599","","1080","35.5","Crestline Northwest Inc"
"L271003085","","VBB72309","CHENWAN Pineapple Baby Products 150ml","Beauty & Health & Home","Baby Products","CHENWAN","10-22-2027/0.0","1044.0","2027-10-22","1044.0","2280.0","","each","10.362","","1095","15.5","Crestline Northwest Inc"
"2025-08-22","","VBB72309","CHENWAN Pineapple Baby Products 150ml","Beauty & Health & Home","Baby Products","CHENWAN","08-22-2025/0.0","0.0","2025-08-22","1044.0","2280.0","","each","10.362","","1095","15.5","Crestline Northwest Inc"
"L280603087","","VSC77229","CHENWAN Grape Skin Care 60ml","Beauty & Health & Home","Skin Care","CHENWAN","06-16-2028/0.0","108.0","2028-06-16","216.0","487.0","4*8=32","each","8.315","","1095","9.5","Crestline Northwest Inc"
"L271103088","","VSC77229","CHENWAN Grape Skin Care 60ml","Beauty & Health & Home","Skin Care","CHENWAN","11-05-2027/0.0","108.0","2027-11-05","216.0","487.0","4*8=32","each","8.315","","1095","9.5","Crestline Northwest Inc"
"2026-03-15","","VSC77229","CHENWAN Grape Skin Care 60ml","Beauty & Health & Home","Skin Care","CHENWAN","03-15-2026/0.0","0.0","2026-03-15","216.0","487.0","4*8=32","each","8.315","","1095","9.5","Crestline Northwest Inc"
"2025-09-14","","VSC77229","CHENWAN Grape Skin Care 60ml","Beauty & Health & Home","Skin Care","CHENWAN","09-14-2025/0.0","0.0","2025-09-14","216.0","487.0","4*8=32","each","8.315","","1095","9.5","Crestline Northwest Inc"
"L261103091","","VHB18210","CHENWAN Sea Salt Hair 10bags*70g","Beauty & Health & Home","Hair","CHENWAN","11-15-2026/0.0","184.0","2026-11-15","184.0","298.0","9*13=117","Case","13.866","Alert Date Reached","1095","16.0","Crestline Northwest Inc"
"2026-08-09","","VHB18210","CHENWAN Sea Salt Hair 10bags*70g","Beauty & Health & Home","Hair","CHENWAN","08-09-2026/0.0","0.0","2026-08-09","184.0","298.0","9*13=117","Case","13.866","","1095","16.0","Crestline Northwest Inc"
"L260103093","","VHB18210","CHENWAN Sea Salt Hair 10bags*70g","Beauty & Health & Home","Hair","CHENWAN","01-18-2026/0.0","0.0","2026-01-18","184.0","298.0","9*13=117","Case","13.866","","1095","16.0","Crestline Northwest Inc"
"L260903094","","VHK94159","CHENWAN Strawberry Household Goods 500ml","Beauty & Health & Home","Household Goods","CHENWAN","09-28-2026/0.0","0.0","2026-09-28","0.0","297.0","17*8=136","each","6.815","","1095","8.0","Crestline Northwest Inc"
"L280603095","","VHB47257","CHENWAN Chocolate Hair 12bags*200g","Beauty & Health & Home","Hair","CHENWAN","06-17-2028/0.0","4.0","2028-06-17","4.0","27.0","10*6=60","Case","3.325","","1095","4.0","Crestline Northwest Inc"
"L280203096","","G10181","Baochen Pickled Vegetable Soybean Paste 8bags*1000g","Seasonings","Soybean Paste","Baochen","02-01-2028/0.0","3.0","2028-02-01","7.0","8.0","","Case","24.997","","720","34.5","Crestline Northwest Inc"
"L271003097","","G10181","Baochen Pickled Vegetable Soybean Paste 8bags*1000g","Seasonings","Soybean Paste","Baochen","10-03-2027/0.0","2.0","2027-10-03","7.0","8.0","","Case","24.997","","720","999.0","Crestline Northwest Inc"
"L270103098","","G10181","Baochen Pickled Vegetable Soybean Paste 8bags*1000g","Seasonings","Soybean Paste","Baochen","01-18-2027/0.0","2.0","2027-01-18","7.0","8.0","","Case","24.997","","720","34.5","Crestline Northwest Inc"
"L260703099","","G78186","Baochen Sea Salt MSG&Seasoning Powder 20bags*200g","Seasonings","MSG&Seasoning Powder","Baochen","07-31-2026/0.0","3.0","2026-07-31","5.0","6.0","15*6=90","Case","48.772","Alert Date Reached","720","56.5","Crestline Northwest Inc"
"L280503100","","G78186","Baochen Sea Salt MSG&Seasoning Powder 20bags*200g","Seasonings","MSG&Seasoning Powder","Baochen","05-10-2028/0.0","1.0","2028-05-10","5.0","6.0","15*6=90","Case","48.772","","720","56.5","Crestline Northwest Inc"
"L270103101","","G78186","Baochen Sea Salt MSG&Seasoning Powder 20bags*200g","Seasonings","MSG&Seasoning Powder","Baochen","01-05-2027/0.0","1.0","2027-01-05","5.0","6.0","15*6=90","Case","48.772","","720","56.5","Crestline Northwest Inc"
"2026-05-11","","G78186","Baochen Sea Salt MSG&Seasoning Powder 20bags*200g","Seasonings","MSG&Seasoning Powder","Baochen","05-11-2026/0.0","0.0","2026-05-11","5.0","6.0","15*6=90","Case","48.772","","720","56.5","Crestline Northwest Inc"
"L261003103","","G40123","YUANQING Osmanthus Jam 10bags*150g","Honey & Jam","Jam","YUANQING","10-08-2026/0.0","5.0","2026-10-08","9.0","9.0","17*6=102","Case","22.761","Alert Date Reached","360","26.5","Crestline Northwest Inc"
"L270103104","","G40123","YUANQING Osmanthus Jam 10bags*150g","Honey & Jam","Jam","YUANQING","01-16-2027/0.0","4.0","2027-01-16","9.0","9.0","17*6=102","Case","22.761","","360","26.5","Crestline Northwest Inc"
"L281003105","","E02353","YUANQING Coconut Brown Sugar 30bags*400g","Honey & Jam","Brown Sugar","YUANQING","10-29-2028/0.0","94.0","2028-10-29","94.0","94.0","","Case","33.255","","1080","47.5","Crestline Northwest Inc"
"L270803106","","E40196","YUANQING Melon Brown Sugar 20bags*100g","Honey & Jam","Brown Sugar","YUANQING","08-21-2027/0.0","0.0","2027-08-21","0.0","0.0","8*13=104","Case","42.789","","1080","54.5","Crestline Northwest Inc"
"L280103107","","E09373","Guwan Osmanthus White Sugar 12bags*100g","Honey & Jam","White Sugar","Guwan","01-07-2028/0.0","145.0","2028-01-07","145.0","237.0","9*10=90","Case","35.108","","1080","40.5","Crestline Northwest Inc"
"2025-09-04","","E09373","Guwan Osmanthus White Sugar 12bags*100g","Honey & Jam","White Sugar","Guwan","09-04-2025/0.0","0.0","2025-09-04","145.0","237.0","9*10=90","Case","35.108","","1080","40.5","Crestline Northwest Inc"
"L290303109","","E28252","Guwan Taro Brown Sugar 8bags*200g","Honey & Jam","Brown Sugar","Guwan","03-21-2029/0.0","39.0","2029-03-21","39.0","44.0","17*9=153","Case","15.72","","1080","19.0","Crestline Northwest Inc"
"L261203110","","G98124","CHUANRUI Green Tea Soy Sauce 30bags*500g","Seasonings","Soy Sauce","CHUANRUI","12-08-2026/0.0","1.0","2026-12-08","1.0","1.0","","Case","28.451","","540","999.0","Crestline Northwest Inc"
"L280203111","","G98124","CHUANRUI Green Tea Soy Sauce 30bags*500g","Seasonings","Soy Sauce","CHUANRUI","02-18-2028/0.0","0.0","2028-02-18","1.0","1.0","","Case","28.451","","540","38.5","Crestline Northwest Inc"
"L281103112","","CJ44247","CHUANRUI Strawberry Salt 6bags*70g","Seasonings","Salt","CHUANRUI","11-02-2028/0.0","82.0","2028-11-02","164.0","164.0","","Case","36.054","","1800","999.0","Crestline Northwest Inc"
"L290203113","","CJ44247","CHUANRUI Strawberry Salt 6bags*70g","Seasonings","Salt","CHUANRUI","02-16-2029/0.0","82.0","2029-02-16","164.0","164.0","","Case","36.054","","1800","40.5","Crestline Northwest Inc"
"L270403114","","G96120","CHUANRUI Strawberry Dipping Sauce 6bags*500g","Seasonings","Dipping Sauce","CHUANRUI","04-21-2027/0.0","2.0","2027-04-21","2.0","3.0","4*5=20","Case","16.055","","360","22.0","Crestline Northwest Inc"
"L260303115","","G96120","CHUANRUI Strawberry Dipping Sauce 6bags*500g","Seasonings","Dipping Sauce","CHUANRUI","03-27-2026/0.0","0.0","2026-03-27","2.0","3.0","4*5=20","Case","16.055","","360","22.0","Crestline Northwest Inc"
"L290103116","","VHB67316","Chenmai Beef Hair Care 150ml","Beauty & Health & Home","Hair Care","Chenmai","01-08-2029/0.0","53.0","2029-01-08","53.0","55.0","4*14=56","each","19.492","","1095","25.5","Crestline Northwest Inc"
"L251203117","","VHB67316","Chenmai Beef Hair Care 150ml","Beauty & Health & Home","Hair Care","Chenmai","12-15-2025/0.0","0.0","2025-12-15","53.0","55.0","4*14=56","each","19.492","","1095","25.5","Crestline Northwest Inc"
"L280603118","","VPC50200","Maibao Spicy Personal Care 200ml","Beauty & Health & Home","Personal Care","Maibao","06-23-2028/0.0","6.0","2028-06-23","16.0","16.0","11*12=132","each","7.299","","1095","9.5","Crestline Northwest Inc"
"L280803119","","VPC50200","Maibao Spicy Personal Care 200ml","Beauty & Health & Home","Personal Care","Maibao","08-20-2028/0.0","5.0","2028-08-20","16.0","16.0","11*12=132","each","7.299","","1095","9.5","Crestline Northwest Inc"
"L260603120","","VPC50200","Maibao Spicy Personal Care 200ml","Beauty & Health & Home","Personal Care","Maibao","06-05-2026/0.0","5.0","2026-06-05","16.0","16.0","11*12=132","each","7.299","Alert Date Reached","1095","9.5","Crestline Northwest Inc"
"L260603121","","VHB69106","Maibao Brown Sugar Hand & Body Care 400ml","Beauty & Health & Home","Hand & Body Care","Maibao","06-22-2026/0.0","0.0","2026-06-22","0.0","0.0","17*9=153","each","9.951","","1095","12.5","Crestline Northwest Inc"
"L261003122","","VHB69106","Maibao Brown Sugar Hand & Body Care 400ml","Beauty & Health & Home","Hand & Body Care","Maibao","10-08-2026/0.0","0.0","2026-10-08","0.0","0.0","17*9=153","each","9.951","","1095","12.5","Crestline Northwest Inc"
"L280803123","","VHB69106","Maibao Brown Sugar Hand & Body Care 400ml","Beauty & Health & Home","Hand & Body Care","Maibao","08-13-2028/0.0","0.0","2028-08-13","0.0","0.0","17*9=153","each","9.951","","1095","12.5","Crestline Northwest Inc"
"2026-01-30","","VHB69106","Maibao Brown Sugar Hand & Body Care 400ml","Beauty & Health & Home","Hand & Body Care","Maibao","01-30-2026/0.0","0.0","2026-01-30","0.0","0.0","17*9=153","each","9.951","","1095","12.5","Crestline Northwest Inc"
"L280703125","","VHB30230","Maibao Beef Hair 6bags*400g","Beauty & Health & Home","Hair","Maibao","07-06-2028/0.0","85.0","2028-07-06","253.0","253.0","13*6=78","Case","8.791","","1095","13.0","Crestline Northwest Inc"
"L270303126","","VHB30230","Maibao Beef Hair 6bags*400g","Beauty & Health & Home","Hair","Maibao","03-28-2027/0.0","84.0","2027-03-28","253.0","253.0","13*6=78","Case","8.791","","1095","13.0","Crestline Northwest Inc"
"L280303127","","VHB30230","Maibao Beef Hair 6bags*400g","Beauty & Health & Home","Hair","Maibao","03-30-2028/0.0","84.0","2028-03-30","253.0","253.0","13*6=78","Case","8.791","","1095","13.0","Crestline Northwest Inc"
"L260303128","","VHB30230","Maibao Beef Hair 6bags*400g","Beauty & Health & Home","Hair","Maibao","03-20-2026/0.0","0.0","2026-03-20","253.0","253.0","13*6=78","Case","8.791","","1095","999.0","Crestline Northwest Inc"
"2026-05-24","","VHB30230","Maibao Beef Hair 6bags*400g","Beauty & Health & Home","Hair","Maibao","05-24-2026/0.0","0.0","2026-05-24","253.0","253.0","13*6=78","Case","8.791","","1095","13.0","Crestline Northwest Inc"
"L320203130","","VHK30154","Maibao Melon Home Cleaning 250ml","Beauty & Health & Home","Home Cleaning","Maibao","02-18-2032/0.0","84.0","2032-02-18","167.0","167.0","12*11=132","each","13.328","","3650","17.5","Crestline Northwest Inc"
"L290603131","","VHK30154","Maibao Melon Home Cleaning 250ml","Beauty & Health & Home","Home Cleaning","Maibao","06-03-2029/0.0","83.0","2029-06-03","167.0","167.0","12*11=132","each","13.328","","3650","17.5","Crestline Northwest Inc"
"L270703132","","VHS64175","Maibao Jujube Health & Nutrition Drinks 200ml","Beauty & Health & Home","Health & Nutrition Drinks","Maibao","07-03-2027/0.0","236.0","2027-07-03","708.0","708.0","10*6=60","each","8.933","","1095","13.0","Crestline Northwest Inc"
"L290403133","","VHS64175","Maibao Jujube Health & Nutrition Drinks 200ml","Beauty & Health & Home","Health & Nutrition Drinks","Maibao","04-15-2029/0.0","236.0","2029-04-15","708.0","708.0","10*6=60","each","8.933","","1095","13.0","Crestline Northwest Inc"
"L270303134","","VHS64175","Maibao Jujube Health & Nutrition Drinks 200ml","Beauty & Health & Home","Health & Nutrition Drinks","Maibao","03-09-2027/0.0","236.0","2027-03-09","708.0","708.0","10*6=60","each","8.933","","1095","13.0","Crestline Northwest Inc"
"2026-06-21","","VHS64175","Maibao Jujube Health & Nutrition Drinks 200ml","Beauty & Health & Home","Health & Nutrition Drinks","Maibao","06-21-2026/0.0","0.0","2026-06-21","708.0","708.0","10*6=60","each","8.933","","1095","13.0","Crestline Northwest Inc"
"L290203136","","E41352","BAOSHUN Chocolate Garlic 1bag*50lb","Seasonings","Garlic","BAOSHUN","02-13-2029/0.0","217.0","2029-02-13","217.0","217.0","12*5=60","Bag","44.033","","1080","54.0","Crestline Northwest Inc"
"L270103137","","M18107","Anchuan Honey Bread 12bags*500g","Candy & Snacks","Bread","Anchuan","01-31-2027/0.0","226.0","2027-01-31","226.0","226.0","13*8=104","Case","22.71","","180","26.5","Crestline Northwest Inc"
"2026-01-23","","M18107","Anchuan Honey Bread 12bags*500g","Candy & Snacks","Bread","Anchuan","01-23-2026/0.0","0.0","2026-01-23","226.0","226.0","13*8=104","Case","22.71","","180","26.5","Crestline Northwest Inc"
"L260703139","","M18107","Anchuan Honey Bread 12bags*500g","Candy & Snacks","Bread","Anchuan","07-25-2026/0.0","0.0","2026-07-25","226.0","226.0","13*8=104","Case","22.71","","180","26.5","Crestline Northwest Inc"
"L260903140","","G04157","Yuanxi Five Spice Chili Sauce 24bags*150g","Seasonings","Chili Sauce","Yuanxi","09-29-2026/0.0","45.0","2026-09-29","135.0","223.0","","Case","24.025","Alert Date Reached","720","30.0","Crestline Northwest Inc"
"L280103141","","G04157","Yuanxi Five Spice Chili Sauce 24bags*150g","Seasonings","Chili Sauce","Yuanxi","01-05-2028/0.0","45.0","2028-01-05","135.0","223.0","","Case","24.025","","720","30.0","Crestline Northwest Inc"
"L270903142","","G04157","Yuanxi Five Spice Chili Sauce 24bags*150g","Seasonings","Chili Sauce","Yuanxi","09-01-2027/0.0","45.0","2027-09-01","135.0","223.0","","Case","24.025","","720","30.0","Crestline Northwest Inc"
"L280803143","","E52308","Yuanxi Sea Salt Garlic 1bag*25lb","Seasonings","Garlic","Yuanxi","08-20-2028/0.0","68.0","2028-08-20","202.0","202.0","","Bag","33.055","","1080","43.0","Crestline Northwest Inc"
"L270103144","","E52308","Yuanxi Sea Salt Garlic 1bag*25lb","Seasonings","Garlic","Yuanxi","01-15-2027/0.0","67.0","2027-01-15","202.0","202.0","","Bag","33.055","","1080","43.0","Crestline Northwest Inc"
"L260503145","","E52308","Yuanxi Sea Salt Garlic 1bag*25lb","Seasonings","Garlic","Yuanxi","05-15-2026/0.0","67.0","2026-05-15","202.0","202.0","","Bag","33.055","Alert Date Reached","1080","43.0","Crestline Northwest Inc"
"L271103146","","FA27163","TIANJIN Pineapple Dumplings 10bags*100g","Frozen & Chilled Foods","Dumplings","TIANJIN","11-14-2027/0.0","35.0","2027-11-14","69.0","124.0","16*6=96","Case","40.748","","450","55.5","Crestline Northwest Inc"
"L270803147","","FA27163","TIANJIN Pineapple Dumplings 10bags*100g","Frozen & Chilled Foods","Dumplings","TIANJIN","08-01-2027/0.0","34.0","2027-08-01","69.0","124.0","16*6=96","Case","40.748","","450","55.5","Crestline Northwest Inc"
"L270903148","","FA98206","TIANJIN Honey Steamed Buns 10bags*400g","Frozen & Chilled Foods","Steamed Buns","TIANJIN","09-21-2027/0.0","0.0","2027-09-21","0.0","2.0","","Case","34.841","","540","41.0","Crestline Northwest Inc"
"L270803149","","FA98206","TIANJIN Honey Steamed Buns 10bags*400g","Frozen & Chilled Foods","Steamed Buns","TIANJIN","08-10-2027/0.0","0.0","2027-08-10","0.0","2.0","","Case","34.841","","540","41.0","Crestline Northwest Inc"
"L270803150","","FA98206","TIANJIN Honey Steamed Buns 10bags*400g","Frozen & Chilled Foods","Steamed Buns","TIANJIN","08-02-2027/0.0","0.0","2027-08-02","0.0","2.0","","Case","34.841","","540","41.0","Crestline Northwest Inc"
"2025-09-05","","FA98206","TIANJIN Honey Steamed Buns 10bags*400g","Frozen & Chilled Foods","Steamed Buns","TIANJIN","09-05-2025/0.0","0.0","2025-09-05","0.0","2.0","","Case","34.841","","540","41.0","Crestline Northwest Inc"
"2025-08-19","","FA98206","TIANJIN Honey Steamed Buns 10bags*400g","Frozen & Chilled Foods","Steamed Buns","TIANJIN","08-19-2025/0.0","0.0","2025-08-19","0.0","2.0","","Case","34.841","","540","41.0","Crestline Northwest Inc"
"L261103153","","VFM75386","Fengmai Red Bean Derma Care 200ml","Beauty & Health & Home","Derma Care","Fengmai","11-29-2026/0.0","68.0","2026-11-29","204.0","234.0","","each","4.081","","1095","5.5","Crestline Northwest Inc"
"L271203154","","VFM75386","Fengmai Red Bean Derma Care 200ml","Beauty & Health & Home","Derma Care","Fengmai","12-08-2027/0.0","68.0","2027-12-08","204.0","234.0","","each","4.081","","1095","5.5","Crestline Northwest Inc"
"L270503155","","VFM75386","Fengmai Red Bean Derma Care 200ml","Beauty & Health & Home","Derma Care","Fengmai","05-06-2027/0.0","68.0","2027-05-06","204.0","234.0","","each","4.081","","1095","5.5","Crestline Northwest Inc"
"L281003156","","VHB89153","Fengmai Beef Hand & Body Care 100ml","Beauty & Health & Home","Hand & Body Care","Fengmai","10-07-2028/0.0","153.0","2028-10-07","305.0","305.0","12*14=168","each","4.013","","1095","5.5","Crestline Northwest Inc"
"L270803157","","VHB89153","Fengmai Beef Hand & Body Care 100ml","Beauty & Health & Home","Hand & Body Care","Fengmai","08-02-2027/0.0","152.0","2027-08-02","305.0","305.0","12*14=168","each","4.013","","1095","5.5","Crestline Northwest Inc"
"L260703158","","VHB89153","Fengmai Beef Hand & Body Care 100ml","Beauty & Health & Home","Hand & Body Care","Fengmai","07-17-2026/0.0","0.0","2026-07-17","305.0","305.0","12*14=168","each","4.013","","1095","5.5","Crestline Northwest Inc"
"2026-01-16","","VHB89153","Fengmai Beef Hand & Body Care 100ml","Beauty & Health & Home","Hand & Body Care","Fengmai","01-16-2026/0.0","0.0","2026-01-16","305.0","305.0","12*14=168","each","4.013","","1095","5.5","Crestline Northwest Inc"
"L261203160","","VSC46179","Fengmai Five Spice Skin Care 200ml","Beauty & Health & Home","Skin Care","Fengmai","12-19-2026/0.0","123.0","2026-12-19","365.0","651.0","12*10=120","each","10.053","","1095","12.0","Crestline Northwest Inc"
"L270703161","","VSC46179","Fengmai Five Spice Skin Care 200ml","Beauty & Health & Home","Skin Care","Fengmai","07-11-2027/0.0","121.0","2027-07-11","365.0","651.0","12*10=120","each","10.053","","1095","12.0","Crestline Northwest Inc"
"L290203162","","VSC46179","Fengmai Five Spice Skin Care 200ml","Beauty & Health & Home","Skin Care","Fengmai","02-02-2029/0.0","121.0","2029-02-02","365.0","651.0","12*10=120","each","10.053","","1095","12.0","Crestline Northwest Inc"
"L270203163","","VSC70396","Fengmai Peach Skin Care 250ml","Beauty & Health & Home","Skin Care","Fengmai","02-11-2027/0.0","13.0","2027-02-11","37.0","40.0","10*8=80","each","20.525","","1095","24.5","Crestline Northwest Inc"
"L281203164","","VSC70396","Fengmai Peach Skin Care 250ml","Beauty & Health & Home","Skin Care","Fengmai","12-14-2028/0.0","12.0","2028-12-14","37.0","40.0","10*8=80","each","20.525","","1095","24.5","Crestline Northwest Inc"
"L270803165","","VSC70396","Fengmai Peach Skin Care 250ml","Beauty & Health & Home","Skin Care","Fengmai","08-24-2027/0.0","12.0","2027-08-24","37.0","40.0","10*8=80","each","20.525","","1095","24.5","Crestline Northwest Inc"
"L270703166","","C62298","LINGGU Oolong Tea 12btls*280ml","Beverages","Tea","LINGGU","07-17-2027/0.0","5.0","2027-07-17","5.0","5.0","","Case","15.016","","720","20.0","Crestline Northwest Inc"
"L251103167","","C62298","LINGGU Oolong Tea 12btls*280ml","Beverages","Tea","LINGGU","11-03-2025/0.0","0.0","2025-11-03","5.0","5.0","","Case","15.016","","720","20.0","Crestline Northwest Inc"
"2026-04-03","","C62298","LINGGU Oolong Tea 12btls*280ml","Beverages","Tea","LINGGU","04-03-2026/0.0","0.0","2026-04-03","5.0","5.0","","Case","15.016","","720","20.0","Crestline Northwest Inc"
"L270203169","","VMU82259","RUIBAO Mango Cosmetics 150ml","Beauty & Health & Home","Cosmetics","RUIBAO","02-18-2027/0.0","0.0","2027-02-18","0.0","0.0","12*8=96","each","8.201","","1095","10.0","Crestline Northwest Inc"
"L260703170","","VMU82259","RUIBAO Mango Cosmetics 150ml","Beauty & Health & Home","Cosmetics","RUIBAO","07-29-2026/0.0","0.0","2026-07-29","0.0","0.0","12*8=96","each","8.201","","1095","10.0","Crestline Northwest Inc"
"L290403171","","VFM12196","Tianyue Chocolate Derma Care 100ml","Beauty & Health & Home","Derma Care","Tianyue","04-11-2029/0.0","59.0","2029-04-11","117.0","174.0","12*13=156","each","9.69","","1095","12.5","Crestline Northwest Inc"
"L290303172","","VFM12196","Tianyue Chocolate Derma Care 100ml","Beauty & Health & Home","Derma Care","Tianyue","03-23-2029/0.0","58.0","2029-03-23","117.0","174.0","12*13=156","each","9.69","","1095","12.5","Crestline Northwest Inc"
"L270203173","","VPC87320","Tianyue Milk Oral Care 10bags*150g","Beauty & Health & Home","Oral Care","Tianyue","02-09-2027/0.0","11.0","2027-02-09","11.0","24.0","16*6=96","Case","14.599","","1095","17.5","Crestline Northwest Inc"
"L250903174","","VPC87320","Tianyue Milk Oral Care 10bags*150g","Beauty & Health & Home","Oral Care","Tianyue","09-11-2025/0.0","0.0","2025-09-11","11.0","24.0","16*6=96","Case","14.599","","1095","17.5","Crestline Northwest Inc"
"L280703175","","VHK07144","Tianyue Corn Household Goods 100ml","Beauty & Health & Home","Household Goods","Tianyue","07-10-2028/0.0","8.0","2028-07-10","24.0","24.0","","each","17.213","","1095","20.0","Crestline Northwest Inc"
"L280703176","","VHK07144","Tianyue Corn Household Goods 100ml","Beauty & Health & Home","Household Goods","Tianyue","07-06-2028/0.0","8.0","2028-07-06","24.0","24.0","","each","17.213","","1095","20.0","Crestline Northwest Inc"
"L290503177","","VHK07144","Tianyue Corn Household Goods 100ml","Beauty & Health & Home","Household Goods","Tianyue","05-10-2029/0.0","8.0","2029-05-10","24.0","24.0","","each","17.213","","1095","20.0","Crestline Northwest Inc"
"L250803178","","VHK07144","Tianyue Corn Household Goods 100ml","Beauty & Health & Home","Household Goods","Tianyue","08-25-2025/0.0","0.0","2025-08-25","24.0","24.0","","each","17.213","","1095","20.0","Crestline Northwest Inc"
"L290503179","","VHS13391","Tianyue Honey Health & Nutrition Drinks 60ml","Beauty & Health & Home","Health & Nutrition Drinks","Tianyue","05-25-2029/0.0","20.0","2029-05-25","20.0","20.0","6*5=30","each","10.284","","1095","13.0","Crestline Northwest Inc"
"L261003180","","VCA78277","Yuantian Spicy Apparel & Accessories 200ml","Beauty & Health & Home","Apparel & Accessories","Yuantian","10-18-2026/0.0","35.0","2026-10-18","105.0","152.0","15*9=135","each","15.018","Alert Date Reached","3650","21.5","Crestline Northwest Inc"
"L310103181","","VCA78277","Yuantian Spicy Apparel & Accessories 200ml","Beauty & Health & Home","Apparel & Accessories","Yuantian","01-30-2031/0.0","35.0","2031-01-30","105.0","152.0","15*9=135","each","15.018","","3650","999.0","Crestline Northwest Inc"
"L300703182","","VCA78277","Yuantian Spicy Apparel & Accessories 200ml","Beauty & Health & Home","Apparel & Accessories","Yuantian","07-15-2030/0.0","35.0","2030-07-15","105.0","152.0","15*9=135","each","15.018","","3650","21.5","Crestline Northwest Inc"
"2026-04-17","","VCA78277","Yuantian Spicy Apparel & Accessories 200ml","Beauty & Health & Home","Apparel & Accessories","Yuantian","04-17-2026/0.0","0.0","2026-04-17","105.0","152.0","15*9=135","each","15.018","","3650","21.5","Crestline Northwest Inc"
"L270503184","","VMU62273","Yuantian Vanilla Cosmetics 200ml","Beauty & Health & Home","Cosmetics","Yuantian","05-10-2027/0.0","57.0","2027-05-10","113.0","113.0","18*14=252","each","18.346","","1095","22.0","Crestline Northwest Inc"
"L261203185","","VMU62273","Yuantian Vanilla Cosmetics 200ml","Beauty & Health & Home","Cosmetics","Yuantian","12-01-2026/0.0","56.0","2026-12-01","113.0","113.0","18*14=252","each","18.346","","1095","22.0","Crestline Northwest Inc"
"2025-08-27","","VMU62273","Yuantian Vanilla Cosmetics 200ml","Beauty & Health & Home","Cosmetics","Yuantian","08-27-2025/0.0","0.0","2025-08-27","113.0","113.0","18*14=252","each","18.346","","1095","22.0","Crestline Northwest Inc"
"2026-02-27","","VMU62273","Yuantian Vanilla Cosmetics 200ml","Beauty & Health & Home","Cosmetics","Yuantian","02-27-2026/0.0","0.0","2026-02-27","113.0","113.0","18*14=252","each","18.346","","1095","22.0","Crestline Northwest Inc"
"L270303188","","VBB85169","Yuantian Corn Mother & Bady 24bags*1000g","Beauty & Health & Home","Mother & Bady","Yuantian","03-17-2027/0.0","10.0","2027-03-17","20.0","20.0","5*7=35","Case","12.462","","1095","16.5","Crestline Northwest Inc"
"L280503189","","VBB85169","Yuantian Corn Mother & Bady 24bags*1000g","Beauty & Health & Home","Mother & Bady","Yuantian","05-10-2028/0.0","10.0","2028-05-10","20.0","20.0","5*7=35","Case","12.462","","1095","16.5","Crestline Northwest Inc"
"L251103190","","VBB85169","Yuantian Corn Mother & Bady 24bags*1000g","Beauty & Health & Home","Mother & Bady","Yuantian","11-10-2025/0.0","0.0","2025-11-10","20.0","20.0","5*7=35","Case","12.462","","1095","16.5","Crestline Northwest Inc"
"L351203191","","VCA83276","Yuantian Pickled Vegetable Fashion Jewelry 400ml","Beauty & Health & Home","Fashion Jewelry","Yuantian","12-04-2035/0.0","166.0","2035-12-04","494.0","792.0","15*14=210","each","7.265","","3650","10.5","Crestline Northwest Inc"
"L350703192","","VCA83276","Yuantian Pickled Vegetable Fashion Jewelry 400ml","Beauty & Health & Home","Fashion Jewelry","Yuantian","07-06-2035/0.0","164.0","2035-07-06","494.0","792.0","15*14=210","each","7.265","","3650","10.5","Crestline Northwest Inc"
"L310303193","","VCA83276","Yuantian Pickled Vegetable Fashion Jewelry 400ml","Beauty & Health & Home","Fashion Jewelry","Yuantian","03-27-2031/0.0","164.0","2031-03-27","494.0","792.0","15*14=210","each","7.265","","3650","10.5","Crestline Northwest Inc"
"L260103194","","VCA83276","Yuantian Pickled Vegetable Fashion Jewelry 400ml","Beauty & Health & Home","Fashion Jewelry","Yuantian","01-01-2026/0.0","0.0","2026-01-01","494.0","792.0","15*14=210","each","7.265","","3650","10.5","Crestline Northwest Inc"
"2025-10-17","","VCA83276","Yuantian Pickled Vegetable Fashion Jewelry 400ml","Beauty & Health & Home","Fashion Jewelry","Yuantian","10-17-2025/0.0","0.0","2025-10-17","494.0","792.0","15*14=210","each","7.265","","3650","10.5","Crestline Northwest Inc"
"L270903196","","VFM27131","XIANZHU Honey Derma Care 100ml","Beauty & Health & Home","Derma Care","XIANZHU","09-27-2027/0.0","284.0","2027-09-27","284.0","430.0","","each","3.101","","1095","3.5","Crestline Northwest Inc"
"L270903197","","H13235","YOULING Tomato Pickled Products 8bags*70g","Dried Vegetables","Pickled Products","YOULING","09-29-2027/0.0","0.0","2027-09-29","0.0","17.0","8*12=96","Case","49.582","","540","63.0","Crestline Northwest Inc"
"L270103198","","H13235","YOULING Tomato Pickled Products 8bags*70g","Dried Vegetables","Pickled Products","YOULING","01-31-2027/0.0","0.0","2027-01-31","0.0","17.0","8*12=96","Case","49.582","","540","63.0","Crestline Northwest Inc"
"L270303199","","H13235","YOULING Tomato Pickled Products 8bags*70g","Dried Vegetables","Pickled Products","YOULING","03-06-2027/0.0","0.0","2027-03-06","0.0","17.0","8*12=96","Case","49.582","","540","63.0","Crestline Northwest Inc"
"L260403200","","H13235","YOULING Tomato Pickled Products 8bags*70g","Dried Vegetables","Pickled Products","YOULING","04-05-2026/0.0","0.0","2026-04-05","0.0","17.0","8*12=96","Case","49.582","","540","63.0","Crestline Northwest Inc"
"L270903201","","H05147","YOULING Honey Pickled Products 8bags*200g","Dried Vegetables","Pickled Products","YOULING","09-27-2027/0.0","3.0","2027-09-27","9.0","16.0","15*12=180","Case","54.512","","540","63.0","Crestline Northwest Inc"
"L270803202","","H05147","YOULING Honey Pickled Products 8bags*200g","Dried Vegetables","Pickled Products","YOULING","08-22-2027/0.0","3.0","2027-08-22","9.0","16.0","15*12=180","Case","54.512","","540","63.0","Crestline Northwest Inc"
"L270203203","","H05147","YOULING Honey Pickled Products 8bags*200g","Dried Vegetables","Pickled Products","YOULING","02-19-2027/0.0","3.0","2027-02-19","9.0","16.0","15*12=180","Case","54.512","","540","999.0","Crestline Northwest Inc"
"L270403204","","G79195","Yuewei Lychee Oyster Sauce 6bags*70g","Seasonings","Oyster Sauce","Yuewei","04-17-2027/0.0","197.0","2027-04-17","589.0","589.0","8*8=64","Case","16.073","","540","22.0","Crestline Northwest Inc"
"L280203205","","G79195","Yuewei Lychee Oyster Sauce 6bags*70g","Seasonings","Oyster Sauce","Yuewei","02-05-2028/0.0","196.0","2028-02-05","589.0","589.0","8*8=64","Case","16.073","","540","22.0","Crestline Northwest Inc"
"L261003206","","G79195","Yuewei Lychee Oyster Sauce 6bags*70g","Seasonings","Oyster Sauce","Yuewei","10-26-2026/0.0","196.0","2026-10-26","589.0","589.0","8*8=64","Case","16.073","Alert Date Reached","540","22.0","Crestline Northwest Inc"
"L260403207","","G79195","Yuewei Lychee Oyster Sauce 6bags*70g","Seasonings","Oyster Sauce","Yuewei","04-29-2026/0.0","0.0","2026-04-29","589.0","589.0","8*8=64","Case","16.073","","540","22.0","Crestline Northwest Inc"
"L280703208","","E73395","Yuewei Tomato Chili Seasonings 24bags*1000g","Seasonings","Chili Seasonings","Yuewei","07-25-2028/0.0","33.0","2028-07-25","33.0","33.0","","Case","24.718","","1080","29.5","Crestline Northwest Inc"
"L270603209","","R71231","Maiqing Grape Fruit 12bags*400g","Fruit & Vegetables","Fruit","Maiqing","06-29-2027/0.0","0.0","2027-06-29","0.0","26.0","11*7=77","Case","18.974","","360","25.5","Crestline Northwest Inc"
"L270703210","","R80133","Maiqing Seafood Fruit 8bags*500g","Fruit & Vegetables","Fruit","Maiqing","07-02-2027/0.0","52.0","2027-07-02","154.0","154.0","10*7=70","Case","40.004","","360","54.5","Crestline Northwest Inc"
"L270403211","","R80133","Maiqing Seafood Fruit 8bags*500g","Fruit & Vegetables","Fruit","Maiqing","04-15-2027/0.0","51.0","2027-04-15","154.0","154.0","10*7=70","Case","40.004","","360","54.5","Crestline Northwest Inc"
"L261103212","","R80133","Maiqing Seafood Fruit 8bags*500g","Fruit & Vegetables","Fruit","Maiqing","11-21-2026/0.0","51.0","2026-11-21","154.0","154.0","10*7=70","Case","40.004","Alert Date Reached","360","54.5","Crestline Northwest Inc"
"L260403213","","R37133","Maiqing Lemon Vegetables 6bags*1000g","Fruit & Vegetables","Vegetables","Maiqing","04-28-2026/0.0","12.0","2026-04-28","36.0","36.0","6*5=30","Case","17.686","Alert Date Reached","60","26.5","Crestline Northwest Inc"
"L270103214","","R37133","Maiqing Lemon Vegetables 6bags*1000g","Fruit & Vegetables","Vegetables","Maiqing","01-19-2027/0.0","12.0","2027-01-19","36.0","36.0","6*5=30","Case","17.686","","60","26.5","Crestline Northwest Inc"
"L261203215","","R37133","Maiqing Lemon Vegetables 6bags*1000g","Fruit & Vegetables","Vegetables","Maiqing","12-28-2026/0.0","12.0","2026-12-28","36.0","36.0","6*5=30","Case","17.686","","60","26.5","Crestline Northwest Inc"
"L270103216","","R75300","Maiqing BBQ Vegetables 10bags*500g","Fruit & Vegetables","Vegetables","Maiqing","01-01-2027/0.0","122.0","2027-01-01","122.0","122.0","5*7=35","Case","13.133","","60","16.5","Crestline Northwest Inc"
"2026-02-17","","R75300","Maiqing BBQ Vegetables 10bags*500g","Fruit & Vegetables","Vegetables","Maiqing","02-17-2026/0.0","0.0","2026-02-17","122.0","122.0","5*7=35","Case","13.133","","60","16.5","Crestline Northwest Inc"
"2025-12-23","","R75300","Maiqing BBQ Vegetables 10bags*500g","Fruit & Vegetables","Vegetables","Maiqing","12-23-2025/0.0","0.0","2025-12-23","122.0","122.0","5*7=35","Case","13.133","","60","16.5","Crestline Northwest Inc"
"L261003219","","VHB71327","BAOCHUAN Mango Hair Care 60ml","Beauty & Health & Home","Hair Care","BAOCHUAN","10-15-2026/0.0","14.0","2026-10-15","40.0","71.0","17*5=85","each","3.757","Alert Date Reached","1095","999.0","Crestline Northwest Inc"
"L290103220","","VHB71327","BAOCHUAN Mango Hair Care 60ml","Beauty & Health & Home","Hair Care","BAOCHUAN","01-10-2029/0.0","13.0","2029-01-10","40.0","71.0","17*5=85","each","3.757","","1095","5.5","Crestline Northwest Inc"
"L290203221","","VHB71327","BAOCHUAN Mango Hair Care 60ml","Beauty & Health & Home","Hair Care","BAOCHUAN","02-06-2029/0.0","13.0","2029-02-06","40.0","71.0","17*5=85","each","3.757","","1095","5.5","Crestline Northwest Inc"
"L251003222","","VHB71327","BAOCHUAN Mango Hair Care 60ml","Beauty & Health & Home","Hair Care","BAOCHUAN","10-30-2025/0.0","0.0","2025-10-30","40.0","71.0","17*5=85","each","3.757","","1095","5.5","Crestline Northwest Inc"
"L280303223","","VPC62164","BAOCHUAN Lychee Personal Care 60ml","Beauty & Health & Home","Personal Care","BAOCHUAN","03-13-2028/0.0","136.0","2028-03-13","136.0","413.0","16*11=176","each","3.459","","1095","5.0","Crestline Northwest Inc"
"L250903224","","VPC62164","BAOCHUAN Lychee Personal Care 60ml","Beauty & Health & Home","Personal Care","BAOCHUAN","09-13-2025/0.0","0.0","2025-09-13","136.0","413.0","16*11=176","each","3.459","","1095","5.0","Crestline Northwest Inc"
"L270303225","","A84146","Songzhu Mango Milk 20btls*480ml","Beverages","Milk","Songzhu","03-23-2027/0.0","0.0","2027-03-23","0.0","0.0","6*13=78","Case","12.471","","360","15.0","Crestline Northwest Inc"
"2026-01-27","","A84146","Songzhu Mango Milk 20btls*480ml","Beverages","Milk","Songzhu","01-27-2026/0.0","0.0","2026-01-27","0.0","0.0","6*13=78","Case","12.471","","360","15.0","Crestline Northwest Inc"
"L271003227","","VHB56132","Wanyuan Spicy Hair Care 250ml","Beauty & Health & Home","Hair Care","Wanyuan","10-05-2027/0.0","11.0","2027-10-05","33.0","33.0","","each","17.313","","1095","19.5","Crestline Northwest Inc"
"L290603228","","VHB56132","Wanyuan Spicy Hair Care 250ml","Beauty & Health & Home","Hair Care","Wanyuan","06-26-2029/0.0","11.0","2029-06-26","33.0","33.0","","each","17.313","","1095","19.5","Crestline Northwest Inc"
"L280303229","","VHB56132","Wanyuan Spicy Hair Care 250ml","Beauty & Health & Home","Hair Care","Wanyuan","03-07-2028/0.0","11.0","2028-03-07","33.0","33.0","","each","17.313","","1095","19.5","Crestline Northwest Inc"
"L270403230","","G18355","MEIJIN Five Spice Soy Sauce 30bags*400g","Seasonings","Soy Sauce","MEIJIN","04-02-2027/0.0","53.0","2027-04-02","53.0","81.0","11*7=77","Case","34.158","","540","48.0","Crestline Northwest Inc"
"L280303231","","VHB80201","Youle Honey Bath & Body Care 250ml","Beauty & Health & Home","Bath & Body Care","Youle","03-29-2028/0.0","0.0","2028-03-29","0.0","0.0","","each","9.397","","1095","10.5","Crestline Northwest Inc"
"L270103232","","VHB80201","Youle Honey Bath & Body Care 250ml","Beauty & Health & Home","Bath & Body Care","Youle","01-09-2027/0.0","0.0","2027-01-09","0.0","0.0","","each","9.397","","1095","10.5","Crestline Northwest Inc"
"L280703233","","VHB79275","Youle Oolong Hair Care 250ml","Beauty & Health & Home","Hair Care","Youle","07-13-2028/0.0","68.0","2028-07-13","204.0","204.0","15*13=195","each","14.04","","1095","20.5","Crestline Northwest Inc"
"L290103234","","VHB79275","Youle Oolong Hair Care 250ml","Beauty & Health & Home","Hair Care","Youle","01-10-2029/0.0","68.0","2029-01-10","204.0","204.0","15*13=195","each","14.04","","1095","20.5","Crestline Northwest Inc"
"L280803235","","VHB79275","Youle Oolong Hair Care 250ml","Beauty & Health & Home","Hair Care","Youle","08-14-2028/0.0","68.0","2028-08-14","204.0","204.0","15*13=195","each","14.04","","1095","20.5","Crestline Northwest Inc"
"L281203236","","VPC79398","Youle Sea Salt Personal Care 24bags*1000g","Beauty & Health & Home","Personal Care","Youle","12-11-2028/0.0","114.0","2028-12-11","227.0","227.0","14*13=182","Case","15.658","","1095","19.0","Crestline Northwest Inc"
"L261003237","","VPC79398","Youle Sea Salt Personal Care 24bags*1000g","Beauty & Health & Home","Personal Care","Youle","10-18-2026/0.0","113.0","2026-10-18","227.0","227.0","14*13=182","Case","15.658","Alert Date Reached","1095","19.0","Crestline Northwest Inc"
"2026-06-10","","VPC79398","Youle Sea Salt Personal Care 24bags*1000g","Beauty & Health & Home","Personal Care","Youle","06-10-2026/0.0","0.0","2026-06-10","227.0","227.0","14*13=182","Case","15.658","","1095","19.0","Crestline Northwest Inc"
"L270303239","","G71266","ZHUYUN Pineapple Syrup 8bags*70g","Honey & Jam","Syrup","ZHUYUN","03-02-2027/0.0","2.0","2027-03-02","4.0","7.0","13*5=65","Case","25.79","","720","29.5","Crestline Northwest Inc"
"L280503240","","G71266","ZHUYUN Pineapple Syrup 8bags*70g","Honey & Jam","Syrup","ZHUYUN","05-24-2028/0.0","1.0","2028-05-24","4.0","7.0","13*5=65","Case","25.79","","720","29.5","Crestline Northwest Inc"
"L270903241","","G71266","ZHUYUN Pineapple Syrup 8bags*70g","Honey & Jam","Syrup","ZHUYUN","09-07-2027/0.0","1.0","2027-09-07","4.0","7.0","13*5=65","Case","25.79","","720","999.0","Crestline Northwest Inc"
"L260703242","","G71266","ZHUYUN Pineapple Syrup 8bags*70g","Honey & Jam","Syrup","ZHUYUN","07-09-2026/0.0","0.0","2026-07-09","4.0","7.0","13*5=65","Case","25.79","","720","29.5","Crestline Northwest Inc"
"L280603243","","E39262","ZHUYUN Coconut White Sugar 10bags*400g","Honey & Jam","White Sugar","ZHUYUN","06-01-2028/0.0","0.0","2028-06-01","0.0","3.0","16*14=224","Case","31.687","","1080","38.0","Crestline Northwest Inc"
"L290403244","","E39262","ZHUYUN Coconut White Sugar 10bags*400g","Honey & Jam","White Sugar","ZHUYUN","04-08-2029/0.0","0.0","2029-04-08","0.0","3.0","16*14=224","Case","31.687","","1080","38.0","Crestline Northwest Inc"
"L290303245","","E39262","ZHUYUN Coconut White Sugar 10bags*400g","Honey & Jam","White Sugar","ZHUYUN","03-16-2029/0.0","0.0","2029-03-16","0.0","3.0","16*14=224","Case","31.687","","1080","38.0","Crestline Northwest Inc"
"2025-12-04","","E39262","ZHUYUN Coconut White Sugar 10bags*400g","Honey & Jam","White Sugar","ZHUYUN","12-04-2025/0.0","0.0","2025-12-04","0.0","3.0","16*14=224","Case","31.687","","1080","38.0","Crestline Northwest Inc"
"L270503247","","G69350","ANZHU Original Oyster Sauce 10bags*100g","Seasonings","Oyster Sauce","ANZHU","05-18-2027/0.0","34.0","2027-05-18","34.0","34.0","9*13=117","Case","32.985","","540","45.5","Crestline Northwest Inc"
"L260403248","","G69350","ANZHU Original Oyster Sauce 10bags*100g","Seasonings","Oyster Sauce","ANZHU","04-27-2026/0.0","0.0","2026-04-27","34.0","34.0","9*13=117","Case","32.985","","540","45.5","Crestline Northwest Inc"
"L260403249","","G69350","ANZHU Original Oyster Sauce 10bags*100g","Seasonings","Oyster Sauce","ANZHU","04-07-2026/0.0","0.0","2026-04-07","34.0","34.0","9*13=117","Case","32.985","","540","45.5","Crestline Northwest Inc"
"L270203250","","G44345","ANZHU Strawberry Dipping Sauce 24bags*70g","Seasonings","Dipping Sauce","ANZHU","02-24-2027/0.0","1.0","2027-02-24","1.0","1.0","","Case","13.718","","360","20.0","Crestline Northwest Inc"
"L261103251","","G44345","ANZHU Strawberry Dipping Sauce 24bags*70g","Seasonings","Dipping Sauce","ANZHU","11-04-2026/0.0","0.0","2026-11-04","1.0","1.0","","Case","13.718","","360","20.0","Crestline Northwest Inc"
"L270203252","","G44345","ANZHU Strawberry Dipping Sauce 24bags*70g","Seasonings","Dipping Sauce","ANZHU","02-23-2027/0.0","0.0","2027-02-23","1.0","1.0","","Case","13.718","","360","20.0","Crestline Northwest Inc"
"2025-11-12","","G44345","ANZHU Strawberry Dipping Sauce 24bags*70g","Seasonings","Dipping Sauce","ANZHU","11-12-2025/0.0","0.0","2025-11-12","1.0","1.0","","Case","13.718","","360","20.0","Crestline Northwest Inc"
"L270103254","","E75275","ANZHU Beef Sichuan Pepper Seasonings 20bags*400g","Seasonings","Sichuan Pepper Seasonings","ANZHU","01-21-2027/0.0","34.0","2027-01-21","98.0","98.0","16*8=128","Case","34.171","","1080","42.5","Crestline Northwest Inc"
"L261003255","","E75275","ANZHU Beef Sichuan Pepper Seasonings 20bags*400g","Seasonings","Sichuan Pepper Seasonings","ANZHU","10-01-2026/0.0","32.0","2026-10-01","98.0","98.0","16*8=128","Case","34.171","Alert Date Reached","1080","42.5","Crestline Northwest Inc"
"L280403256","","E75275","ANZHU Beef Sichuan Pepper Seasonings 20bags*400g","Seasonings","Sichuan Pepper Seasonings","ANZHU","04-02-2028/0.0","32.0","2028-04-02","98.0","98.0","16*8=128","Case","34.171","","1080","42.5","Crestline Northwest Inc"
"2025-11-13","","E75275","ANZHU Beef Sichuan Pepper Seasonings 20bags*400g","Seasonings","Sichuan Pepper Seasonings","ANZHU","11-13-2025/0.0","0.0","2025-11-13","98.0","98.0","16*8=128","Case","34.171","","1080","42.5","Crestline Northwest Inc"
"L260403258","","E75275","ANZHU Beef Sichuan Pepper Seasonings 20bags*400g","Seasonings","Sichuan Pepper Seasonings","ANZHU","04-25-2026/0.0","0.0","2026-04-25","98.0","98.0","16*8=128","Case","34.171","","1080","42.5","Crestline Northwest Inc"
"L270203259","","E52272","ANZHU Jujube Chili Seasonings 10bags*200g","Seasonings","Chili Seasonings","ANZHU","02-06-2027/0.0","69.0","2027-02-06","203.0","203.0","11*14=154","Case","25.304","","1080","29.0","Crestline Northwest Inc"
"L290703260","","E52272","ANZHU Jujube Chili Seasonings 10bags*200g","Seasonings","Chili Seasonings","ANZHU","07-12-2029/0.0","67.0","2029-07-12","203.0","203.0","11*14=154","Case","25.304","","1080","29.0","Crestline Northwest Inc"
"L260503261","","E52272","ANZHU Jujube Chili Seasonings 10bags*200g","Seasonings","Chili Seasonings","ANZHU","05-26-2026/0.0","67.0","2026-05-26","203.0","203.0","11*14=154","Case","25.304","Alert Date Reached","1080","29.0","Crestline Northwest Inc"
"L280903262","","E66311","Shunling Grape Chili Seasonings 30bags*1000g","Seasonings","Chili Seasonings","Shunling","09-17-2028/0.0","5.0","2028-09-17","9.0","9.0","","Case","23.087","","1080","26.0","Crestline Northwest Inc"
"L281003263","","E66311","Shunling Grape Chili Seasonings 30bags*1000g","Seasonings","Chili Seasonings","Shunling","10-17-2028/0.0","4.0","2028-10-17","9.0","9.0","","Case","23.087","","1080","26.0","Crestline Northwest Inc"
"L270603264","","G98339","Shunling Coconut Sesame Paste 10bags*1000g","Seasonings","Sesame Paste","Shunling","06-29-2027/0.0","1.0","2027-06-29","3.0","5.0","5*5=25","Case","35.116","","360","52.0","Crestline Northwest Inc"
"L270603265","","G98339","Shunling Coconut Sesame Paste 10bags*1000g","Seasonings","Sesame Paste","Shunling","06-02-2027/0.0","1.0","2027-06-02","3.0","5.0","5*5=25","Case","35.116","","360","52.0","Crestline Northwest Inc"
"L270603266","","G98339","Shunling Coconut Sesame Paste 10bags*1000g","Seasonings","Sesame Paste","Shunling","06-24-2027/0.0","1.0","2027-06-24","3.0","5.0","5*5=25","Case","35.116","","360","52.0","Crestline Northwest Inc"
"L270403267","","I63262","Tianxian Oolong Peanut Oil 10bags*100g","Cooking Oil","Peanut Oil","Tianxian","04-08-2027/0.0","104.0","2027-04-08","207.0","207.0","5*12=60","Case","29.431","","540","44.0","Crestline Northwest Inc"
"L261203268","","I63262","Tianxian Oolong Peanut Oil 10bags*100g","Cooking Oil","Peanut Oil","Tianxian","12-25-2026/0.0","103.0","2026-12-25","207.0","207.0","5*12=60","Case","29.431","","540","44.0","Crestline Northwest Inc"
"L250903269","","I63262","Tianxian Oolong Peanut Oil 10bags*100g","Cooking Oil","Peanut Oil","Tianxian","09-01-2025/0.0","0.0","2025-09-01","207.0","207.0","5*12=60","Case","29.431","","540","44.0","Crestline Northwest Inc"
"L290303270","","VFM62191","Qiaohe Strawberry Derma Care 500ml","Beauty & Health & Home","Derma Care","Qiaohe","03-19-2029/0.0","11.0","2029-03-19","31.0","31.0","9*14=126","each","5.339","","1095","6.5","Crestline Northwest Inc"
"L290703271","","VFM62191","Qiaohe Strawberry Derma Care 500ml","Beauty & Health & Home","Derma Care","Qiaohe","07-26-2029/0.0","10.0","2029-07-26","31.0","31.0","9*14=126","each","5.339","","1095","6.5","Crestline Northwest Inc"
"L280803272","","VFM62191","Qiaohe Strawberry Derma Care 500ml","Beauty & Health & Home","Derma Care","Qiaohe","08-04-2028/0.0","10.0","2028-08-04","31.0","31.0","9*14=126","each","5.339","","1095","6.5","Crestline Northwest Inc"
"L261103273","","M83183","Lingyou Matcha Bread 24bags*100g","Candy & Snacks","Bread","Lingyou","11-03-2026/0.0","1.0","2026-11-03","1.0","5.0","15*11=165","Case","34.675","Alert Date Reached","180","41.5","Crestline Northwest Inc"
"L271103274","","B15255","Lingyou Garlic Candy 8bags*70g","Candy & Snacks","Candy","Lingyou","11-08-2027/0.0","0.0","2027-11-08","0.0","2.0","","Case","28.755","","540","41.0","Crestline Northwest Inc"
"2026-02-18","","B15255","Lingyou Garlic Candy 8bags*70g","Candy & Snacks","Candy","Lingyou","02-18-2026/0.0","0.0","2026-02-18","0.0","2.0","","Case","28.755","","540","41.0","Crestline Northwest Inc"
"L270503276","","I05237","Xisong Pineapple Sichuan Pepper Oil 30bags*70g","Cooking Oil","Sichuan Pepper Oil","Xisong","05-10-2027/0.0","84.0","2027-05-10","84.0","92.0","13*8=104","Case","26.953","","540","34.0","Crestline Northwest Inc"
"L251203277","","I05237","Xisong Pineapple Sichuan Pepper Oil 30bags*70g","Cooking Oil","Sichuan Pepper Oil","Xisong","12-12-2025/0.0","0.0","2025-12-12","84.0","92.0","13*8=104","Case","26.953","","540","34.0","Crestline Northwest Inc"
"L270103278","","VBB25279","CHUANBAO Lemon Baby Products 200ml","Beauty & Health & Home","Baby Products","CHUANBAO","01-19-2027/0.0","77.0","2027-01-19","227.0","227.0","18*9=162","each","12.027","","1095","14.5","Crestline Northwest Inc"
"L290403279","","VBB25279","CHUANBAO Lemon Baby Products 200ml","Beauty & Health & Home","Baby Products","CHUANBAO","04-26-2029/0.0","75.0","2029-04-26","227.0","227.0","18*9=162","each","12.027","","1095","14.5","Crestline Northwest Inc"
"L280203280","","VBB25279","CHUANBAO Lemon Baby Products 200ml","Beauty & Health & Home","Baby Products","CHUANBAO","02-03-2028/0.0","75.0","2028-02-03","227.0","227.0","18*9=162","each","12.027","","1095","14.5","Crestline Northwest Inc"
"L270303281","","VHB13133","CHUANBAO Spicy Hand & Body Care 100ml","Beauty & Health & Home","Hand & Body Care","CHUANBAO","03-07-2027/0.0","7.0","2027-03-07","17.0","25.0","9*9=81","each","3.563","","1095","5.0","Crestline Northwest Inc"
"L280603282","","VHB13133","CHUANBAO Spicy Hand & Body Care 100ml","Beauty & Health & Home","Hand & Body Care","CHUANBAO","06-25-2028/0.0","5.0","2028-06-25","17.0","25.0","9*9=81","each","3.563","","1095","5.0","Crestline Northwest Inc"
"L290603283","","VHB13133","CHUANBAO Spicy Hand & Body Care 100ml","Beauty & Health & Home","Hand & Body Care","CHUANBAO","06-05-2029/0.0","5.0","2029-06-05","17.0","25.0","9*9=81","each","3.563","","1095","5.0","Crestline Northwest Inc"
"L280403284","","VHK93396","CHUANBAO Pickled Vegetable Home Cleaning 250ml","Beauty & Health & Home","Home Cleaning","CHUANBAO","04-12-2028/0.0","21.0","2028-04-12","63.0","146.0","14*11=154","each","18.5","","1095","22.0","Crestline Northwest Inc"
"L260803285","","VHK93396","CHUANBAO Pickled Vegetable Home Cleaning 250ml","Beauty & Health & Home","Home Cleaning","CHUANBAO","08-14-2026/0.0","21.0","2026-08-14","63.0","146.0","14*11=154","each","18.5","Alert Date Reached","1095","22.0","Crestline Northwest Inc"
"L271003286","","VHK93396","CHUANBAO Pickled Vegetable Home Cleaning 250ml","Beauty & Health & Home","Home Cleaning","CHUANBAO","10-10-2027/0.0","21.0","2027-10-10","63.0","146.0","14*11=154","each","18.5","","1095","22.0","Crestline Northwest Inc"
"2025-12-30","","VHK93396","CHUANBAO Pickled Vegetable Home Cleaning 250ml","Beauty & Health & Home","Home Cleaning","CHUANBAO","12-30-2025/0.0","0.0","2025-12-30","63.0","146.0","14*11=154","each","18.5","","1095","22.0","Crestline Northwest Inc"
"L250803288","","VHK93396","CHUANBAO Pickled Vegetable Home Cleaning 250ml","Beauty & Health & Home","Home Cleaning","CHUANBAO","08-24-2025/0.0","0.0","2025-08-24","63.0","146.0","14*11=154","each","18.5","","1095","22.0","Crestline Northwest Inc"
"L270603289","","G50228","XIANGYOU Red Bean Cooking Wine 20bags*100g","Seasonings","Cooking Wine","XIANGYOU","06-12-2027/0.0","13.0","2027-06-12","13.0","21.0","18*13=234","Case","38.655","","540","44.0","Crestline Northwest Inc"
"L270103290","","Z61305","Shunfeng Seafood Detergent 30bags*400g","Kitchenware","Detergent","Shunfeng","01-27-2027/0.0","2.0","2027-01-27","3.0","4.0","14*10=140","Case","39.65","","360","46.0","Crestline Northwest Inc"
"L260503291","","Z61305","Shunfeng Seafood Detergent 30bags*400g","Kitchenware","Detergent","Shunfeng","05-31-2026/0.0","1.0","2026-05-31","3.0","4.0","14*10=140","Case","39.65","Alert Date Reached","360","46.0","Crestline Northwest Inc"
"2025-09-08","","Z61305","Shunfeng Seafood Detergent 30bags*400g","Kitchenware","Detergent","Shunfeng","09-08-2025/0.0","0.0","2025-09-08","3.0","4.0","14*10=140","Case","39.65","","360","46.0","Crestline Northwest Inc"
"L270303293","","Z93139","Shunfeng Sea Salt Detergent 20bags*1000g","Kitchenware","Detergent","Shunfeng","03-25-2027/0.0","57.0","2027-03-25","113.0","113.0","16*11=176","Case","20.265","","360","24.0","Crestline Northwest Inc"
"L270403294","","Z93139","Shunfeng Sea Salt Detergent 20bags*1000g","Kitchenware","Detergent","Shunfeng","04-30-2027/0.0","56.0","2027-04-30","113.0","113.0","16*11=176","Case","20.265","","360","24.0","Crestline Northwest Inc"
"L270403295","","VEL96371","JINXI Seafood Electronics 200ml","Beauty & Health & Home","Electronics","JINXI","04-03-2027/0.0","61.0","2027-04-03","183.0","183.0","12*12=144","each","17.387","","1095","20.5","Crestline Northwest Inc"
"L290103296","","VEL96371","JINXI Seafood Electronics 200ml","Beauty & Health & Home","Electronics","JINXI","01-23-2029/0.0","61.0","2029-01-23","183.0","183.0","12*12=144","each","17.387","","1095","20.5","Crestline Northwest Inc"
"L270503297","","VEL96371","JINXI Seafood Electronics 200ml","Beauty & Health & Home","Electronics","JINXI","05-09-2027/0.0","61.0","2027-05-09","183.0","183.0","12*12=144","each","17.387","","1095","20.5","Crestline Northwest Inc"
"L300603298","","VCA98202","JINXI Peach Fashion Jewelry 150ml","Beauty & Health & Home","Fashion Jewelry","JINXI","06-14-2030/0.0","107.0","2030-06-14","214.0","214.0","10*13=130","each","9.46","","3650","11.0","Crestline Northwest Inc"
"L270803299","","VCA98202","JINXI Peach Fashion Jewelry 150ml","Beauty & Health & Home","Fashion Jewelry","JINXI","08-17-2027/0.0","107.0","2027-08-17","214.0","214.0","10*13=130","each","9.46","","3650","11.0","Crestline Northwest Inc"
"2026-03-04","","VCA98202","JINXI Peach Fashion Jewelry 150ml","Beauty & Health & Home","Fashion Jewelry","JINXI","03-04-2026/0.0","0.0","2026-03-04","214.0","214.0","10*13=130","each","9.46","","3650","11.0","Crestline Northwest Inc"
"2026-06-02","","VCA98202","JINXI Peach Fashion Jewelry 150ml","Beauty & Health & Home","Fashion Jewelry","JINXI","06-02-2026/0.0","0.0","2026-06-02","214.0","214.0","10*13=130","each","9.46","","3650","11.0","Crestline Northwest Inc"
"L290203302","","VHS82354","YUEMEI Red Bean Health & Nutrition Drinks 400ml","Beauty & Health & Home","Health & Nutrition Drinks","YUEMEI","02-16-2029/0.0","196.0","2029-02-16","196.0","260.0","8*5=40","each","4.622","","1095","5.5","Crestline Northwest Inc"
"L261203303","","A97366","Tianxi Oolong Juice 20btls*330ml","Beverages","Juice","Tianxi","12-17-2026/0.0","0.0","2026-12-17","0.0","1.0","","Case","11.827","","360","17.5","Crestline Northwest Inc"
"L260603304","","A79170","Tianxi Chocolate Electrolyte Drinks 15btls*330ml","Beverages","Electrolyte Drinks","Tianxi","06-25-2026/0.0","5.0","2026-06-25","9.0","9.0","10*6=60","Case","15.473","Alert Date Reached","360","21.0","Crestline Northwest Inc"
"L270403305","","A79170","Tianxi Chocolate Electrolyte Drinks 15btls*330ml","Beverages","Electrolyte Drinks","Tianxi","04-06-2027/0.0","4.0","2027-04-06","9.0","9.0","10*6=60","Case","15.473","","360","21.0","Crestline Northwest Inc"
"L270103306","","A43160","Tianxi BBQ Sparkling Water 15btls*480ml","Beverages","Sparkling Water","Tianxi","01-07-2027/0.0","3.0","2027-01-07","3.0","6.0","9*13=117","Case","18.191","","360","23.0","Crestline Northwest Inc"
"2026-04-03","","A43160","Tianxi BBQ Sparkling Water 15btls*480ml","Beverages","Sparkling Water","Tianxi","04-03-2026/0.0","0.0","2026-04-03","3.0","6.0","9*13=117","Case","18.191","","360","23.0","Crestline Northwest Inc"
"L260803308","","A43160","Tianxi BBQ Sparkling Water 15btls*480ml","Beverages","Sparkling Water","Tianxi","08-18-2026/0.0","0.0","2026-08-18","3.0","6.0","9*13=117","Case","18.191","","360","23.0","Crestline Northwest Inc"
"L270203309","","E55188","Maijia Red Bean Cumin 8bags*1000g","Seasonings","Cumin","Maijia","02-07-2027/0.0","0.0","2027-02-07","0.0","5.0","","Case","17.983","","1080","25.5","Crestline Northwest Inc"
"L290703310","","E55188","Maijia Red Bean Cumin 8bags*1000g","Seasonings","Cumin","Maijia","07-12-2029/0.0","0.0","2029-07-12","0.0","5.0","","Case","17.983","","1080","25.5","Crestline Northwest Inc"
"L260403311","","E55188","Maijia Red Bean Cumin 8bags*1000g","Seasonings","Cumin","Maijia","04-16-2026/0.0","0.0","2026-04-16","0.0","5.0","","Case","17.983","","1080","25.5","Crestline Northwest Inc"
"L251203312","","E55188","Maijia Red Bean Cumin 8bags*1000g","Seasonings","Cumin","Maijia","12-04-2025/0.0","0.0","2025-12-04","0.0","5.0","","Case","17.983","","1080","25.5","Crestline Northwest Inc"
"L290703313","","F06157","Xixiang Chocolate Mixed Grains 6bags*70g","Grains","Mixed Grains","Xixiang","07-08-2029/0.0","21.0","2029-07-08","63.0","63.0","13*5=65","Case","45.395","","1080","50.5","Crestline Northwest Inc"
"L290303314","","F06157","Xixiang Chocolate Mixed Grains 6bags*70g","Grains","Mixed Grains","Xixiang","03-27-2029/0.0","21.0","2029-03-27","63.0","63.0","13*5=65","Case","45.395","","1080","50.5","Crestline Northwest Inc"
"L260603315","","F06157","Xixiang Chocolate Mixed Grains 6bags*70g","Grains","Mixed Grains","Xixiang","06-09-2026/0.0","21.0","2026-06-09","63.0","63.0","13*5=65","Case","45.395","Alert Date Reached","1080","50.5","Crestline Northwest Inc"
"2026-06-16","","F06157","Xixiang Chocolate Mixed Grains 6bags*70g","Grains","Mixed Grains","Xixiang","06-16-2026/0.0","0.0","2026-06-16","63.0","63.0","13*5=65","Case","45.395","","1080","50.5","Crestline Northwest Inc"
"2025-08-21","","F06157","Xixiang Chocolate Mixed Grains 6bags*70g","Grains","Mixed Grains","Xixiang","08-21-2025/0.0","0.0","2025-08-21","63.0","63.0","13*5=65","Case","45.395","","1080","50.5","Crestline Northwest Inc"
"L271203318","","L13277","Xianyue Brown Sugar Tofu Skin 8bags*150g","Dried Vegetables","Tofu Skin","Xianyue","12-01-2027/0.0","16.0","2027-12-01","32.0","36.0","9*12=108","Case","78.489","","720","999.0","Crestline Northwest Inc"
"L261203319","","L13277","Xianyue Brown Sugar Tofu Skin 8bags*150g","Dried Vegetables","Tofu Skin","Xianyue","12-11-2026/0.0","16.0","2026-12-11","32.0","36.0","9*12=108","Case","78.489","","720","113.5","Crestline Northwest Inc"
"L281103320","","VHK69225","Ruizhou Sea Salt Household Goods 400ml","Beauty & Health & Home","Household Goods","Ruizhou","11-21-2028/0.0","98.0","2028-11-21","195.0","195.0","14*11=154","each","11.393","","1095","13.5","Crestline Northwest Inc"
"L290403321","","VHK69225","Ruizhou Sea Salt Household Goods 400ml","Beauty & Health & Home","Household Goods","Ruizhou","04-24-2029/0.0","97.0","2029-04-24","195.0","195.0","14*11=154","each","11.393","","1095","13.5","Crestline Northwest Inc"
"L340803322","","VCA68251","Ruizhou Vanilla Clothes & Apparel 8bags*500g","Beauty & Health & Home","Clothes & Apparel","Ruizhou","08-20-2034/0.0","66.0","2034-08-20","66.0","68.0","17*5=85","Case","12.636","","3650","17.0","Crestline Northwest Inc"
"L260803323","","VCA68251","Ruizhou Vanilla Clothes & Apparel 8bags*500g","Beauty & Health & Home","Clothes & Apparel","Ruizhou","08-02-2026/0.0","0.0","2026-08-02","66.0","68.0","17*5=85","Case","12.636","","3650","17.0","Crestline Northwest Inc"
"2025-12-22","","VCA68251","Ruizhou Vanilla Clothes & Apparel 8bags*500g","Beauty & Health & Home","Clothes & Apparel","Ruizhou","12-22-2025/0.0","0.0","2025-12-22","66.0","68.0","17*5=85","Case","12.636","","3650","17.0","Crestline Northwest Inc"
"L270503325","","H48288","Hechen Tomato Pickled Products 24bags*100g","Dried Vegetables","Pickled Products","Hechen","05-10-2027/0.0","1.0","2027-05-10","1.0","1.0","5*5=25","Case","40.785","","540","50.0","Crestline Northwest Inc"
"L270103326","","H48288","Hechen Tomato Pickled Products 24bags*100g","Dried Vegetables","Pickled Products","Hechen","01-30-2027/0.0","0.0","2027-01-30","1.0","1.0","5*5=25","Case","40.785","","540","50.0","Crestline Northwest Inc"
"2026-02-10","","H48288","Hechen Tomato Pickled Products 24bags*100g","Dried Vegetables","Pickled Products","Hechen","02-10-2026/0.0","0.0","2026-02-10","1.0","1.0","5*5=25","Case","40.785","","540","50.0","Crestline Northwest Inc"
"L270403328","","H23351","Hechen Beef Pickled Products 24bags*400g","Dried Vegetables","Pickled Products","Hechen","04-29-2027/0.0","27.0","2027-04-29","81.0","170.0","17*10=170","Case","52.927","","540","61.0","Crestline Northwest Inc"
"L270603329","","H23351","Hechen Beef Pickled Products 24bags*400g","Dried Vegetables","Pickled Products","Hechen","06-20-2027/0.0","27.0","2027-06-20","81.0","170.0","17*10=170","Case","52.927","","540","61.0","Crestline Northwest Inc"
"L270503330","","H23351","Hechen Beef Pickled Products 24bags*400g","Dried Vegetables","Pickled Products","Hechen","05-17-2027/0.0","27.0","2027-05-17","81.0","170.0","17*10=170","Case","52.927","","540","61.0","Crestline Northwest Inc"
"L270303331","","L29176","Hechen Chocolate Jujube 20bags*150g","Dried Vegetables","Jujube","Hechen","03-10-2027/0.0","0.0","2027-03-10","0.0","0.0","","Case","77.181","","360","90.0","Crestline Northwest Inc"
"L270203332","","L29176","Hechen Chocolate Jujube 20bags*150g","Dried Vegetables","Jujube","Hechen","02-17-2027/0.0","0.0","2027-02-17","0.0","0.0","","Case","77.181","","360","90.0","Crestline Northwest Inc"
"L270303333","","FA48131","WEIFENG Corn Frozen Pastries&Pancakes&Baked Pancakes 30bags*70g","Frozen & Chilled Foods","Frozen Pastries&Pancakes&Baked Pancakes","WEIFENG","03-15-2027/0.0","60.0","2027-03-15","176.0","194.0","7*11=77","Case","27.983","","360","40.5","Crestline Northwest Inc"
"L270703334","","FA48131","WEIFENG Corn Frozen Pastries&Pancakes&Baked Pancakes 30bags*70g","Frozen & Chilled Foods","Frozen Pastries&Pancakes&Baked Pancakes","WEIFENG","07-04-2027/0.0","58.0","2027-07-04","176.0","194.0","7*11=77","Case","27.983","","360","40.5","Crestline Northwest Inc"
"L270203335","","FA48131","WEIFENG Corn Frozen Pastries&Pancakes&Baked Pancakes 30bags*70g","Frozen & Chilled Foods","Frozen Pastries&Pancakes&Baked Pancakes","WEIFENG","02-26-2027/0.0","58.0","2027-02-26","176.0","194.0","7*11=77","Case","27.983","","360","40.5","Crestline Northwest Inc"
"L270703336","","G17228","MAISHUN Vanilla MSG&Seasoning Powder 30bags*100g","Seasonings","MSG&Seasoning Powder","MAISHUN","07-11-2027/0.0","168.0","2027-07-11","168.0","168.0","16*5=80","Case","10.662","","720","16.0","Crestline Northwest Inc"
"L260703337","","G17228","MAISHUN Vanilla MSG&Seasoning Powder 30bags*100g","Seasonings","MSG&Seasoning Powder","MAISHUN","07-08-2026/0.0","0.0","2026-07-08","168.0","168.0","16*5=80","Case","10.662","","720","16.0","Crestline Northwest Inc"
"L270403338","","D27221","FENGXI Garlic Vermicelli 30bags*200g","Dry Noodles","Vermicelli","FENGXI","04-09-2027/0.0","20.0","2027-04-09","60.0","60.0","8*13=104","Case","15.616","","300","19.5","Crestline Northwest Inc"
"L260903339","","D27221","FENGXI Garlic Vermicelli 30bags*200g","Dry Noodles","Vermicelli","FENGXI","09-08-2026/0.0","20.0","2026-09-08","60.0","60.0","8*13=104","Case","15.616","Alert Date Reached","300","19.5","Crestline Northwest Inc"
"L261003340","","D27221","FENGXI Garlic Vermicelli 30bags*200g","Dry Noodles","Vermicelli","FENGXI","10-29-2026/0.0","20.0","2026-10-29","60.0","60.0","8*13=104","Case","15.616","Alert Date Reached","300","19.5","Crestline Northwest Inc"
"L260503341","","F86384","Yunyuan Osmanthus Peanuts 12bags*150g","Grains","Peanuts","Yunyuan","05-23-2026/0.0","63.0","2026-05-23","187.0","187.0","","Case","23.219","Alert Date Reached","1080","30.0","Crestline Northwest Inc"
"L270703342","","F86384","Yunyuan Osmanthus Peanuts 12bags*150g","Grains","Peanuts","Yunyuan","07-15-2027/0.0","62.0","2027-07-15","187.0","187.0","","Case","23.219","","1080","30.0","Crestline Northwest Inc"
"L271003343","","F86384","Yunyuan Osmanthus Peanuts 12bags*150g","Grains","Peanuts","Yunyuan","10-23-2027/0.0","62.0","2027-10-23","187.0","187.0","","Case","23.219","","1080","30.0","Crestline Northwest Inc"
"2026-04-20","","F86384","Yunyuan Osmanthus Peanuts 12bags*150g","Grains","Peanuts","Yunyuan","04-20-2026/0.0","0.0","2026-04-20","187.0","187.0","","Case","23.219","","1080","30.0","Crestline Northwest Inc"
"L261003345","","F59323","Yunyuan Corn Rice 8bags*150g","Grains","Rice","Yunyuan","10-27-2026/0.0","3.0","2026-10-27","5.0","9.0","9*13=117","Case","32.687","Alert Date Reached","720","43.5","Crestline Northwest Inc"
"L270203346","","F59323","Yunyuan Corn Rice 8bags*150g","Grains","Rice","Yunyuan","02-18-2027/0.0","1.0","2027-02-18","5.0","9.0","9*13=117","Case","32.687","","720","43.5","Crestline Northwest Inc"
"L261003347","","F59323","Yunyuan Corn Rice 8bags*150g","Grains","Rice","Yunyuan","10-30-2026/0.0","1.0","2026-10-30","5.0","9.0","9*13=117","Case","32.687","Alert Date Reached","720","43.5","Crestline Northwest Inc"
"L281103348","","G30355","Jinrun Osmanthus Canned Seafood 20bags*400g","Canned & Dry Goods","Canned Seafood","Jinrun","11-29-2028/0.0","28.0","2028-11-29","28.0","38.0","13*13=169","Case","17.523","","1080","26.0","Crestline Northwest Inc"
"L270203349","","E30150","YOUSHUN Garlic Garlic 1bag*25lb","Seasonings","Garlic","YOUSHUN","02-02-2027/0.0","0.0","2027-02-02","0.0","63.0","7*14=98","Bag","27.386","","1080","36.5","Crestline Northwest Inc"
"L260603350","","F32229","Guxi Pickled Vegetable Peanuts 8bags*70g","Grains","Peanuts","Guxi","06-13-2026/0.0","1.0","2026-06-13","1.0","1.0","","Case","22.085","Alert Date Reached","1080","33.0","Crestline Northwest Inc"
"L260903351","","F32229","Guxi Pickled Vegetable Peanuts 8bags*70g","Grains","Peanuts","Guxi","09-28-2026/0.0","0.0","2026-09-28","1.0","1.0","","Case","22.085","","1080","33.0","Crestline Northwest Inc"
"L290303352","","F32229","Guxi Pickled Vegetable Peanuts 8bags*70g","Grains","Peanuts","Guxi","03-09-2029/0.0","0.0","2029-03-09","1.0","1.0","","Case","22.085","","1080","33.0","Crestline Northwest Inc"
"L250903353","","F32229","Guxi Pickled Vegetable Peanuts 8bags*70g","Grains","Peanuts","Guxi","09-21-2025/0.0","0.0","2025-09-21","1.0","1.0","","Case","22.085","","1080","33.0","Crestline Northwest Inc"
"L280603354","","VHK62378","BAOXI Pickled Vegetable Home Cleaning 500ml","Beauty & Health & Home","Home Cleaning","BAOXI","06-03-2028/0.0","963.0","2028-06-03","1926.0","2010.0","","each","2.731","","1095","4.0","Crestline Northwest Inc"
"L290703355","","VHK62378","BAOXI Pickled Vegetable Home Cleaning 500ml","Beauty & Health & Home","Home Cleaning","BAOXI","07-11-2029/0.0","963.0","2029-07-11","1926.0","2010.0","","each","2.731","","1095","4.0","Crestline Northwest Inc"
"L271103356","","VCA93361","BAOXI Coconut Fashion Jewelry 400ml","Beauty & Health & Home","Fashion Jewelry","BAOXI","11-12-2027/0.0","201.0","2027-11-12","601.0","739.0","13*9=117","each","20.07","","3650","24.0","Crestline Northwest Inc"
"L320403357","","VCA93361","BAOXI Coconut Fashion Jewelry 400ml","Beauty & Health & Home","Fashion Jewelry","BAOXI","04-12-2032/0.0","200.0","2032-04-12","601.0","739.0","13*9=117","each","20.07","","3650","24.0","Crestline Northwest Inc"
"L301003358","","VCA93361","BAOXI Coconut Fashion Jewelry 400ml","Beauty & Health & Home","Fashion Jewelry","BAOXI","10-12-2030/0.0","200.0","2030-10-12","601.0","739.0","13*9=117","each","20.07","","3650","24.0","Crestline Northwest Inc"
"2025-10-27","","VCA93361","BAOXI Coconut Fashion Jewelry 400ml","Beauty & Health & Home","Fashion Jewelry","BAOXI","10-27-2025/0.0","0.0","2025-10-27","601.0","739.0","13*9=117","each","20.07","","3650","24.0","Crestline Northwest Inc"
"L280103360","","VHB43208","BAOXI Seafood Hair 30bags*500g","Beauty & Health & Home","Hair","BAOXI","01-15-2028/0.0","27.0","2028-01-15","53.0","54.0","7*12=84","Case","5.233","","1095","6.0","Crestline Northwest Inc"
"L290103361","","VHB43208","BAOXI Seafood Hair 30bags*500g","Beauty & Health & Home","Hair","BAOXI","01-02-2029/0.0","26.0","2029-01-02","53.0","54.0","7*12=84","Case","5.233","","1095","6.0","Crestline Northwest Inc"
"L260303362","","VHB43208","BAOXI Seafood Hair 30bags*500g","Beauty & Health & Home","Hair","BAOXI","03-14-2026/0.0","0.0","2026-03-14","53.0","54.0","7*12=84","Case","5.233","","1095","6.0","Crestline Northwest Inc"
"L280903363","","VHS61142","BAOXI Strawberry Health & Nutrition Drinks 250ml","Beauty & Health & Home","Health & Nutrition Drinks","BAOXI","09-07-2028/0.0","161.0","2028-09-07","161.0","194.0","14*6=84","each","21.29","","1095","999.0","Crestline Northwest Inc"
"L250903364","","VHS61142","BAOXI Strawberry Health & Nutrition Drinks 250ml","Beauty & Health & Home","Health & Nutrition Drinks","BAOXI","09-13-2025/0.0","0.0","2025-09-13","161.0","194.0","14*6=84","each","21.29","","1095","24.5","Crestline Northwest Inc"
"L271103365","","F79209","XIANZHOU Oolong Starch 12bags*1000g","Flour&Starches","Starch","XIANZHOU","11-14-2027/0.0","0.0","2027-11-14","0.0","2.0","9*7=63","Case","25.925","","540","32.5","Crestline Northwest Inc"
"L270503366","","F79209","XIANZHOU Oolong Starch 12bags*1000g","Flour&Starches","Starch","XIANZHOU","05-10-2027/0.0","0.0","2027-05-10","0.0","2.0","9*7=63","Case","25.925","","540","32.5","Crestline Northwest Inc"
"L270303367","","F79209","XIANZHOU Oolong Starch 12bags*1000g","Flour&Starches","Starch","XIANZHOU","03-12-2027/0.0","0.0","2027-03-12","0.0","2.0","9*7=63","Case","25.925","","540","32.5","Crestline Northwest Inc"
"L280203368","","F66399","XIANZHOU Lychee Flour Mix & Frying Batter Mix 24bags*70g","Flour&Starches","Flour Mix & Frying Batter Mix","XIANZHOU","02-22-2028/0.0","25.0","2028-02-22","71.0","71.0","","Case","35.706","","730","44.0","Crestline Northwest Inc"
"L270903369","","F66399","XIANZHOU Lychee Flour Mix & Frying Batter Mix 24bags*70g","Flour&Starches","Flour Mix & Frying Batter Mix","XIANZHOU","09-27-2027/0.0","23.0","2027-09-27","71.0","71.0","","Case","35.706","","730","44.0","Crestline Northwest Inc"
"L261003370","","F66399","XIANZHOU Lychee Flour Mix & Frying Batter Mix 24bags*70g","Flour&Starches","Flour Mix & Frying Batter Mix","XIANZHOU","10-10-2026/0.0","23.0","2026-10-10","71.0","71.0","","Case","35.706","Alert Date Reached","730","44.0","Crestline Northwest Inc"
"L270603371","","B51140","FENGJIA Pickled Vegetable Candy 20bags*70g","Candy & Snacks","Candy","FENGJIA","06-22-2027/0.0","10.0","2027-06-22","30.0","30.0","7*14=98","Case","38.672","","540","47.5","Crestline Northwest Inc"
"L261103372","","B51140","FENGJIA Pickled Vegetable Candy 20bags*70g","Candy & Snacks","Candy","FENGJIA","11-18-2026/0.0","10.0","2026-11-18","30.0","30.0","7*14=98","Case","38.672","Alert Date Reached","540","47.5","Crestline Northwest Inc"
"L270403373","","B51140","FENGJIA Pickled Vegetable Candy 20bags*70g","Candy & Snacks","Candy","FENGJIA","04-10-2027/0.0","10.0","2027-04-10","30.0","30.0","7*14=98","Case","38.672","","540","47.5","Crestline Northwest Inc"
"L280103374","","B23165","FENGJIA Sea Salt Seaweed Snacks & Dried Kelp 12bags*1000g","Candy & Snacks","Seaweed Snacks & Dried Kelp","FENGJIA","01-03-2028/0.0","2.0","2028-01-03","4.0","4.0","9*13=117","Case","21.528","","540","28.0","Crestline Northwest Inc"
"L261203375","","B23165","FENGJIA Sea Salt Seaweed Snacks & Dried Kelp 12bags*1000g","Candy & Snacks","Seaweed Snacks & Dried Kelp","FENGJIA","12-14-2026/0.0","2.0","2026-12-14","4.0","4.0","9*13=117","Case","21.528","","540","28.0","Crestline Northwest Inc"
"L260103376","","B23165","FENGJIA Sea Salt Seaweed Snacks & Dried Kelp 12bags*1000g","Candy & Snacks","Seaweed Snacks & Dried Kelp","FENGJIA","01-09-2026/0.0","0.0","2026-01-09","4.0","4.0","9*13=117","Case","21.528","","540","28.0","Crestline Northwest Inc"
"2026-08-20","","B23165","FENGJIA Sea Salt Seaweed Snacks & Dried Kelp 12bags*1000g","Candy & Snacks","Seaweed Snacks & Dried Kelp","FENGJIA","08-20-2026/0.0","0.0","2026-08-20","4.0","4.0","9*13=117","Case","21.528","","540","28.0","Crestline Northwest Inc"
"L270403378","","A38212","CHENGRUN Milk Plant-Based Drinks 24btls*330ml","Beverages","Plant-Based Drinks","CHENGRUN","04-25-2027/0.0","61.0","2027-04-25","122.0","224.0","4*14=56","Case","12.191","","360","14.0","Crestline Northwest Inc"
"L270303379","","A38212","CHENGRUN Milk Plant-Based Drinks 24btls*330ml","Beverages","Plant-Based Drinks","CHENGRUN","03-16-2027/0.0","61.0","2027-03-16","122.0","224.0","4*14=56","Case","12.191","","360","14.0","Crestline Northwest Inc"
"L280503380","","E27158","Chuanlan Taro Scallion 12bags*70g","Seasonings","Scallion","Chuanlan","05-16-2028/0.0","33.0","2028-05-16","95.0","170.0","10*9=90","Case","14.261","","720","21.0","Crestline Northwest Inc"
"L270503381","","E27158","Chuanlan Taro Scallion 12bags*70g","Seasonings","Scallion","Chuanlan","05-26-2027/0.0","31.0","2027-05-26","95.0","170.0","10*9=90","Case","14.261","","720","21.0","Crestline Northwest Inc"
"L271203382","","E27158","Chuanlan Taro Scallion 12bags*70g","Seasonings","Scallion","Chuanlan","12-23-2027/0.0","31.0","2027-12-23","95.0","170.0","10*9=90","Case","14.261","","720","21.0","Crestline Northwest Inc"
"2026-05-09","","E27158","Chuanlan Taro Scallion 12bags*70g","Seasonings","Scallion","Chuanlan","05-09-2026/0.0","0.0","2026-05-09","95.0","170.0","10*9=90","Case","14.261","","720","21.0","Crestline Northwest Inc"
"L270603384","","H41239","JINAN Lemon Century Eggs 10bags*200g","Eggs","Century Eggs","JINAN","06-30-2027/0.0","73.0","2027-06-30","73.0","146.0","","Case","38.818","","360","47.5","Crestline Northwest Inc"
"L260103385","","H41239","JINAN Lemon Century Eggs 10bags*200g","Eggs","Century Eggs","JINAN","01-12-2026/0.0","0.0","2026-01-12","73.0","146.0","","Case","38.818","","360","47.5","Crestline Northwest Inc"
"2026-01-18","","H41239","JINAN Lemon Century Eggs 10bags*200g","Eggs","Century Eggs","JINAN","01-18-2026/0.0","0.0","2026-01-18","73.0","146.0","","Case","38.818","","360","47.5","Crestline Northwest Inc"
"L290703387","","E88177","FENGWEI Osmanthus Garlic 1bag*25lb","Seasonings","Garlic","FENGWEI","07-15-2029/0.0","250.0","2029-07-15","250.0","250.0","14*7=98","Bag","12.463","","1080","18.5","Crestline Northwest Inc"
"2026-08-09","","E88177","FENGWEI Osmanthus Garlic 1bag*25lb","Seasonings","Garlic","FENGWEI","08-09-2026/0.0","0.0","2026-08-09","250.0","250.0","14*7=98","Bag","12.463","","1080","999.0","Crestline Northwest Inc"
"L270503389","","B27179","MAIWAN Five Spice Candy 10bags*70g","Candy & Snacks","Candy","MAIWAN","05-15-2027/0.0","23.0","2027-05-15","65.0","65.0","","Case","27.115","","540","32.0","Crestline Northwest Inc"
"L270203390","","B27179","MAIWAN Five Spice Candy 10bags*70g","Candy & Snacks","Candy","MAIWAN","02-01-2027/0.0","21.0","2027-02-01","65.0","65.0","","Case","27.115","","540","32.0","Crestline Northwest Inc"
"L280103391","","B27179","MAIWAN Five Spice Candy 10bags*70g","Candy & Snacks","Candy","MAIWAN","01-24-2028/0.0","21.0","2028-01-24","65.0","65.0","","Case","27.115","","540","32.0","Crestline Northwest Inc"
"L260703392","","B19354","MAIWAN Beef Seasoned Vegetarian Snacks 20bags*400g","Candy & Snacks","Seasoned Vegetarian Snacks","MAIWAN","07-01-2026/0.0","3.0","2026-07-01","9.0","16.0","17*13=221","Case","32.814","Alert Date Reached","240","37.0","Crestline Northwest Inc"
"L270203393","","B19354","MAIWAN Beef Seasoned Vegetarian Snacks 20bags*400g","Candy & Snacks","Seasoned Vegetarian Snacks","MAIWAN","02-10-2027/0.0","3.0","2027-02-10","9.0","16.0","17*13=221","Case","32.814","","240","37.0","Crestline Northwest Inc"
"L270203394","","B19354","MAIWAN Beef Seasoned Vegetarian Snacks 20bags*400g","Candy & Snacks","Seasoned Vegetarian Snacks","MAIWAN","02-24-2027/0.0","3.0","2027-02-24","9.0","16.0","17*13=221","Case","32.814","","240","37.0","Crestline Northwest Inc"
"L270703395","","H35347","Maicheng Jujube Pickled Products 12bags*70g","Dried Vegetables","Pickled Products","Maicheng","07-23-2027/0.0","22.0","2027-07-23","22.0","22.0","7*7=49","Case","83.658","","540","117.5","Crestline Northwest Inc"
"L250903396","","H35347","Maicheng Jujube Pickled Products 12bags*70g","Dried Vegetables","Pickled Products","Maicheng","09-29-2025/0.0","0.0","2025-09-29","22.0","22.0","7*7=49","Case","83.658","","540","117.5","Crestline Northwest Inc"
"L271203397","","L14205","Maicheng Pineapple Tofu Skin 8bags*70g","Dried Vegetables","Tofu Skin","Maicheng","12-11-2027/0.0","0.0","2027-12-11","0.0","1.0","","Case","60.033","","720","84.0","Crestline Northwest Inc"
"L270503398","","L14205","Maicheng Pineapple Tofu Skin 8bags*70g","Dried Vegetables","Tofu Skin","Maicheng","05-27-2027/0.0","0.0","2027-05-27","0.0","1.0","","Case","60.033","","720","84.0","Crestline Northwest Inc"
"L280103399","","L14205","Maicheng Pineapple Tofu Skin 8bags*70g","Dried Vegetables","Tofu Skin","Maicheng","01-16-2028/0.0","0.0","2028-01-16","0.0","1.0","","Case","60.033","","720","84.0","Crestline Northwest Inc"
"L270303400","","H04302","Maicheng Milk Pickled Products 24bags*100g","Dried Vegetables","Pickled Products","Maicheng","03-18-2027/0.0","2.0","2027-03-18","3.0","5.0","13*11=143","Case","51.539","","540","69.5","Crestline Northwest Inc"
"L270103401","","H04302","Maicheng Milk Pickled Products 24bags*100g","Dried Vegetables","Pickled Products","Maicheng","01-28-2027/0.0","1.0","2027-01-28","3.0","5.0","13*11=143","Case","51.539","","540","69.5","Crestline Northwest Inc"
"L251203402","","H04302","Maicheng Milk Pickled Products 24bags*100g","Dried Vegetables","Pickled Products","Maicheng","12-01-2025/0.0","0.0","2025-12-01","3.0","5.0","13*11=143","Case","51.539","","540","69.5","Crestline Northwest Inc"
"2026-06-06","","H04302","Maicheng Milk Pickled Products 24bags*100g","Dried Vegetables","Pickled Products","Maicheng","06-06-2026/0.0","0.0","2026-06-06","3.0","5.0","13*11=143","Case","51.539","","540","69.5","Crestline Northwest Inc"
"L280303404","","L57112","Maicheng Melon Mushrooms 24bags*1000g","Dried Vegetables","Mushrooms","Maicheng","03-14-2028/0.0","5.0","2028-03-14","5.0","5.0","","Case","29.53","","720","34.0","Crestline Northwest Inc"
"L260503405","","L57112","Maicheng Melon Mushrooms 24bags*1000g","Dried Vegetables","Mushrooms","Maicheng","05-30-2026/0.0","0.0","2026-05-30","5.0","5.0","","Case","29.53","","720","34.0","Crestline Northwest Inc"
"2026-01-03","","L57112","Maicheng Melon Mushrooms 24bags*1000g","Dried Vegetables","Mushrooms","Maicheng","01-03-2026/0.0","0.0","2026-01-03","5.0","5.0","","Case","29.53","","720","34.0","Crestline Northwest Inc"
"L271003407","","G72150","Qingyue Vanilla Oyster Sauce 8bags*400g","Seasonings","Oyster Sauce","Qingyue","10-13-2027/0.0","23.0","2027-10-13","23.0","26.0","4*11=44","Case","24.933","","540","32.0","Crestline Northwest Inc"
"2026-08-04","","G72150","Qingyue Vanilla Oyster Sauce 8bags*400g","Seasonings","Oyster Sauce","Qingyue","08-04-2026/0.0","0.0","2026-08-04","23.0","26.0","4*11=44","Case","24.933","","540","32.0","Crestline Northwest Inc"
"2025-12-27","","G72150","Qingyue Vanilla Oyster Sauce 8bags*400g","Seasonings","Oyster Sauce","Qingyue","12-27-2025/0.0","0.0","2025-12-27","23.0","26.0","4*11=44","Case","24.933","","540","32.0","Crestline Northwest Inc"
"L270403410","","E50292","Qingyue Green Tea Garlic 1bag*10lb","Seasonings","Garlic","Qingyue","04-19-2027/0.0","76.0","2027-04-19","224.0","224.0","","Bag","41.74","","1080","46.5","Crestline Northwest Inc"
"L280203411","","E50292","Qingyue Green Tea Garlic 1bag*10lb","Seasonings","Garlic","Qingyue","02-13-2028/0.0","74.0","2028-02-13","224.0","224.0","","Bag","41.74","","1080","46.5","Crestline Northwest Inc"
"L270803412","","E50292","Qingyue Green Tea Garlic 1bag*10lb","Seasonings","Garlic","Qingyue","08-11-2027/0.0","74.0","2027-08-11","224.0","224.0","","Bag","41.74","","1080","46.5","Crestline Northwest Inc"
"L280103413","","G34175","Qingyue Garlic Soybean Paste 20bags*1000g","Seasonings","Soybean Paste","Qingyue","01-31-2028/0.0","57.0","2028-01-31","57.0","57.0","17*9=153","Case","16.256","","720","19.0","Crestline Northwest Inc"
