"ID","Order Reference","Created Date","Actual Ship Date","Arrival"
"25445","CAP26098395","2026-09-23 18:41:00","",""
"25444","TXP26099201","2026-09-23 17:34:59","",""
"25443","NWP26098323","2026-09-23 14:34:04","",""
"25442","ILP26098433","2026-09-23 13:32:17","",""
"25441","CAP26098137","2026-09-23 12:01:59","",""
"25440","ILP26098978","2026-09-23 08:57:34","",""
"25439","NJP26098037","2026-09-22 18:07:55","",""
"25438","CAP26099019","2026-09-22 17:58:59","",""
"25437","TXP26098141","2026-09-22 17:21:39","2026-09-23",""
"25436","TXP26099014","2026-09-22 14:29:38","",""
"25435","TXP26098184","2026-09-22 13:48:43","",""
"25434","NWP26098693","2026-09-22 13:00:18","",""
"25433","ILP26098101","2026-09-22 11:50:04","",""
"25432","NJP26098897","2026-09-22 11:22:27","",""
"25431","CAP26098833","2026-09-22 10:36:23","",""
"25430","TXP26098758","2026-09-22 10:25:21","",""
"25429","NJP26098143","2026-09-22 09:11:04","",""
"25428","CAP26098157","2026-09-22 08:24:40","",""
"25427","NWP26098114","2026-09-22 07:55:20","",""
"25426","TXP26099109","2026-09-21 19:11:09","",""
"25425","ILP26098882","2026-09-21 17:53:42","",""
"25424","CAP26099083","2026-09-21 12:10:12","",""
"25423","ILP26098161","2026-09-21 11:34:06","",""
"25422","CAP26098531","2026-09-21 10:57:38","",""
"25421","NJP26098236","2026-09-21 09:11:31","",""
"25420","TXP26098333","2026-09-20 18:28:24","",""
"25419","NJP26098215","2026-09-20 17:46:06","",""
"25418","NWP26098298","2026-09-20 09:45:28","",""
"25417","NWP26098435","2026-09-20 09:40:50","",""
"25416","CAP26098752","2026-09-20 09:02:57","",""
"25415","ILP26098766","2026-09-19 14:26:06","",""
"25414","CAP26098590","2026-09-19 14:05:26","",""
"25413","NWP26098219","2026-09-19 13:19:12","",""
"25412","CAP26098441","2026-09-19 12:38:49","",""
"25411","NJP26098764","2026-09-19 12:35:34","",""
"25410","TXP26098622","2026-09-19 11:43:15","",""
"25409","ILP26098612","2026-09-19 10:42:48","",""
"25408","NJP26098800","2026-09-19 08:04:50","",""
"25407","NJP26098598","2026-09-18 17:13:01","",""
"25406","ILP26098668","2026-09-18 16:54:23","",""
"25405","NJP26098433","2026-09-18 15:07:17","",""
"25404","NWP26098356","2026-09-18 14:44:27","",""
"25403","NWP26098025","2026-09-18 13:58:21","",""
"25402","NWP26098819","2026-09-18 13:29:59","",""
"25401","CAP26098910","2026-09-18 09:11:59","",""
"25400","NWP26098555","2026-09-18 08:58:22","",""
"25399","NWP26098516","2026-09-18 08:47:56","",""
"25398","ILP26098045","2026-09-18 08:14:56","",""
"25397","NJP26098539","2026-09-17 17:15:03","",""
"25396","CAP26098136","2026-09-17 16:31:09","2026-09-18",""
"25395","CAP26099213","2026-09-17 14:33:41","",""
"25394","CAP26098394","2026-09-17 14:08:56","",""
"25393","NJP26098713","2026-09-17 13:41:06","",""
"25392","TXP26098435","2026-09-17 13:09:22","","2026-09-21 22:36:10"
"25391","ILP26098339","2026-09-17 12:12:03","",""
"25390","NWP26098393","2026-09-17 11:02:24","",""
"25389","NJP26098394","2026-09-17 09:45:40","",""
"25388","TXP26098140","2026-09-17 09:03:36","","2026-09-22 14:12:49"
"25387","CAP26098694","2026-09-16 18:04:15","",""
"25386","NWP26098113","2026-09-16 17:31:40","","2026-09-21 20:41:10"
"25385","NJP26098086","2026-09-16 16:40:06","","2026-09-22 05:57:58"
"25384","NWP26098775","2026-09-16 16:16:47","","2026-09-21 04:54:21"
"25383","NWP26098641","2026-09-16 09:34:31","",""
"25382","TXP26099013","2026-09-16 09:32:50","","2026-09-21 09:40:29"
"25381","NJP26098108","2026-09-16 09:28:57","2026-09-22",""
"25380","CAP26098879","2026-09-15 13:36:15","",""
"25379","TXP26098332","2026-09-15 12:48:52","",""
"25378","TXP26098779","2026-09-15 12:20:05","",""
"25377","CAP26098271","2026-09-15 10:45:19","",""
"25376","TXP26098231","2026-09-15 10:24:09","",""
"25375","TXP26098757","2026-09-15 09:08:40","",""
"25374","ILP26098432","2026-09-15 08:55:54","",""
"25373","TXP26098501","2026-09-15 08:19:36","",""
"25372","NWP26098714","2026-09-15 08:10:50","",""
"25371","NJP26098837","2026-09-15 07:54:43","",""
"25370","ILP26099039","2026-09-14 18:49:22","",""
"25369","ILP26098284","2026-09-14 18:45:45","","2026-09-21 14:53:39"
"25368","ILP26098237","2026-09-14 18:43:26","",""
"25367","NJP26098681","2026-09-14 18:29:00","",""
"25366","CAP26099018","2026-09-14 16:25:31","2026-09-15","2026-09-19 08:29:01"
"25365","ILP26098494","2026-09-14 15:44:48","",""
"25364","ILP26098916","2026-09-14 13:59:29","",""
"25363","NWP26098893","2026-09-14 13:27:17","",""
"25362","TXP26098833","2026-09-14 13:25:08","",""
"25361","ILP26098881","2026-09-14 12:39:00","2026-09-15","2026-09-21 14:39:48"
"25360","NWP26098865","2026-09-13 19:36:49","",""
"25359","NWP26098160","2026-09-13 17:03:37","",""
"25358","TXP26098480","2026-09-13 16:59:04","",""
"25357","CAP26098135","2026-09-13 13:15:02","","2026-09-18 22:25:06"
"25356","ILP26098611","2026-09-13 08:43:22","",""
"25355","CAP26098393","2026-09-12 18:14:21","","2026-09-17 21:37:55"
"25354","CAP26098612","2026-09-12 17:07:21","2026-09-18",""
"25353","TXP26098538","2026-09-12 15:52:15","",""
"25352","ILP26098136","2026-09-12 15:37:19","",""
"25351","ILP26098100","2026-09-12 14:50:40","","2026-09-16 20:39:20"
"25350","NJP26098956","2026-09-12 08:50:31","",""
"25349","NWP26098253","2026-09-12 08:27:17","",""
"25348","NJP26098472","2026-09-12 08:13:20","",""
"25347","ILP26099067","2026-09-11 19:35:07","",""
"25346","NWP26098413","2026-09-11 18:25:14","",""
"25345","NJP26098635","2026-09-11 18:19:06","",""
"25344","TXP26098586","2026-09-11 17:23:18","",""
"25343","CAP26099082","2026-09-11 13:23:53","",""
"25342","CAP26098022","2026-09-11 12:42:27","",""
"25341","CAP26099154","2026-09-11 11:36:15","",""
"25340","TXP26099147","2026-09-11 11:13:33","",""
"25339","TXP26098756","2026-09-11 10:55:15","","2026-09-18 01:31:08"
"25338","NJP26098659","2026-09-11 08:42:20","",""
"25337","CAP26098185","2026-09-11 08:21:06","",""
"25336","ILP26098738","2026-09-10 19:08:38","",""
"25335","CAP26098589","2026-09-10 18:24:31","",""
"25334","ILP26098207","2026-09-10 15:44:53","2026-09-15",""
"25333","NJP26098350","2026-09-10 14:12:18","",""
"25332","TXP26099061","2026-09-10 12:10:07","",""
"25331","TXP26099012","2026-09-10 11:57:42","","2026-09-14 13:25:50"
"25330","NJP26098280","2026-09-10 11:46:05","","2026-09-16 00:52:54"
"25329","CAP26098237","2026-09-10 10:52:48","",""
"25328","NWP26098796","2026-09-10 10:08:05","",""
"25327","TXP26098139","2026-09-10 09:46:09","","2026-09-15 16:58:04"
"25326","TXP26098811","2026-09-10 07:43:52","",""
"25325","CAP26098530","2026-09-09 18:56:13","",""
"25324","CAP26099017","2026-09-09 13:23:45","2026-09-10","2026-09-14 22:25:20"
"25323","NJP26098214","2026-09-09 11:09:55","","2026-09-20 16:05:01"
"25322","TXP26099167","2026-09-09 08:31:31","",""
"25321","TXP26098564","2026-09-09 07:52:17","",""
"25320","TXP26098331","2026-09-08 19:26:21","","2026-09-18 13:09:18"
"25319","NWP26098640","2026-09-08 17:26:15","",""
"25318","CAP26098795","2026-09-08 17:12:56","",""
"25317","ILP26098880","2026-09-08 16:36:02","","2026-09-11 21:40:17"
"25316","NWP26098515","2026-09-08 15:45:29","2026-09-11","2026-09-16 21:20:26"
"25315","NWP26098112","2026-09-08 13:25:18","","2026-09-13 06:51:39"
"25314","NWP26098583","2026-09-08 13:14:18","2026-09-15",""
"25313","CAP26098134","2026-09-08 12:47:53","2026-09-09","2026-09-14 11:36:36"
"25312","NJP26098763","2026-09-08 11:14:35","2026-09-09","2026-09-13 09:36:39"
"25311","ILP26099087","2026-09-08 10:19:52","",""
"25310","TXP26098364","2026-09-08 10:12:48","",""
"25309","ILP26098464","2026-09-08 08:59:52","",""
"25308","NJP26098036","2026-09-07 18:48:08","",""
"25307","CAP26098751","2026-09-07 17:43:38","",""
"25306","CAP26098693","2026-09-07 16:13:22","","2026-09-18 20:50:57"
"25305","NJP26098597","2026-09-07 14:09:00","",""
"25304","TXP26099200","2026-09-07 13:25:04","",""
"25303","ILP26098365","2026-09-07 10:48:38","",""
"25302","ILP26098044","2026-09-06 18:04:12","",""
"25301","CAP26098392","2026-09-06 16:37:53","","2026-09-12 23:42:47"
"25300","ILP26098977","2026-09-06 15:42:16","",""
"25299","ILP26098431","2026-09-06 11:02:17","",""
"25298","TXP26098434","2026-09-06 10:28:42","","2026-09-11 21:49:29"
"25297","NJP26098988","2026-09-06 10:19:30","",""
"25296","TXP26098755","2026-09-06 09:48:30","","2026-09-16 05:26:04"
"25295","TXP26098138","2026-09-05 18:04:03","","2026-09-10 07:45:19"
"25294","CAP26098418","2026-09-05 16:48:39","",""
"25293","NWP26098774","2026-09-05 15:20:51","","2026-09-09 07:06:20"
"25292","NJP26098317","2026-09-05 15:20:42","",""
"25291","TXP26098621","2026-09-05 15:13:22","",""
"25290","NJP26098085","2026-09-05 14:47:12","2026-09-06","2026-09-10 17:30:08"
"25289","NJP26098538","2026-09-05 13:55:32","","2026-09-12 00:15:10"
"25288","NWP26098692","2026-09-05 13:44:33","",""
"25287","CAP26099181","2026-09-05 13:33:09","",""
"25286","NWP26098218","2026-09-05 10:07:39","","2026-09-18 10:10:07"
"25285","ILP26098338","2026-09-04 19:31:25","",""
"25284","NJP26098432","2026-09-04 18:34:34","",""
"25283","TXP26099011","2026-09-04 16:56:35","","2026-09-09 05:46:21"
"25282","TXP26099108","2026-09-04 16:02:49","",""
"25281","CAP26099016","2026-09-04 13:55:22","","2026-09-09 05:47:15"
"25280","ILP26098610","2026-09-04 13:52:56","","2026-09-12 09:49:28"
"25279","CAP26098462","2026-09-04 13:28:33","",""
"25278","CAP26099250","2026-09-03 13:59:47","",""
"25277","TXP26098896","2026-09-03 13:17:15","",""
"25276","NWP26098920","2026-09-03 10:38:10","2026-09-23",""
"25275","CAP26098391","2026-09-02 18:56:53","","2026-09-08 22:20:31"
"25274","NJP26098142","2026-09-02 16:31:25","2026-09-11",""
"25273","ILP26098879","2026-09-02 13:52:20","","2026-09-06 12:26:22"
"25272","CAP26098832","2026-09-02 13:37:05","",""
"25271","TXP26098183","2026-09-02 11:59:53","",""
"25270","NJP26098213","2026-09-02 09:41:20","","2026-09-19 00:07:52"
"25269","TXP26098754","2026-09-02 08:52:02","2026-09-04","2026-09-14 07:22:41"
"25268","NJP26098393","2026-09-02 08:21:25","",""
"25267","NJP26098955","2026-09-01 19:34:01","",""
"25266","TXP26098330","2026-09-01 19:01:42","","2026-09-15 22:28:41"
"25265","ILP26098283","2026-09-01 18:41:25","","2026-09-07 04:15:51"
"25264","CAP26098529","2026-09-01 18:16:24","2026-09-07",""
"25263","ILP26098939","2026-09-01 17:59:56","",""
"25262","CAP26098692","2026-09-01 17:12:32","2026-09-02","2026-09-12 00:48:52"
"25261","ILP26098634","2026-09-01 15:03:47","",""
"25260","TXP26098479","2026-09-01 14:32:57","",""
"25259","NWP26098297","2026-09-01 11:03:54","","2026-09-07 06:22:32"
"25258","CAP26098133","2026-09-01 10:07:40","","2026-09-05 06:29:11"
"25257","TXP26088230","2026-08-31 19:56:09","",""
"25256","NWP26088514","2026-08-31 19:41:46","2026-09-04","2026-09-12 05:22:32"
"25255","ILP26088667","2026-08-31 16:26:26","",""
"25254","CAP26089081","2026-08-31 16:13:38","",""
"25253","NJP26088799","2026-08-31 15:31:13","",""
"25252","ILP26088691","2026-08-31 12:29:31","",""
"25251","NJP26088495","2026-08-31 10:54:59","",""
"25250","NJP26088471","2026-08-30 17:36:23","",""
"25249","TXP26088137","2026-08-30 15:32:56","","2026-09-03 15:25:23"
"25248","ILP26089038","2026-08-30 13:30:04","",""
"25247","CAP26088878","2026-08-30 11:15:10","",""
"25246","CAP26089015","2026-08-30 08:23:40","","2026-09-02 20:38:11"
"25245","NWP26088864","2026-08-29 18:13:52","",""
"25244","NJP26088859","2026-08-29 17:21:52","",""
"25243","ILP26088519","2026-08-29 16:06:13","",""
"25242","NWP26088554","2026-08-29 15:12:33","",""
"25241","TXP26088753","2026-08-29 14:37:32","","2026-09-09 19:14:04"
"25240","NJP26088762","2026-08-29 11:04:47","","2026-09-03 10:07:19"
"25239","CAP26088750","2026-08-29 10:41:22","",""
"25238","NWP26088111","2026-08-29 10:40:40","","2026-09-03 10:50:37"
"25237","TXP26088433","2026-08-29 08:23:50","","2026-09-02 17:59:34"
"25236","ILP26088099","2026-08-29 08:21:39","","2026-09-02 10:30:33"
"25235","NJP26088896","2026-08-28 18:02:41","",""
"25234","CAP26088588","2026-08-28 17:36:28","2026-09-09",""
"25233","NWP26088252","2026-08-28 17:33:51","",""
"25232","TXP26089010","2026-08-28 14:27:26","","2026-08-31 14:25:20"
"25231","ILP26088609","2026-08-28 14:21:31","","2026-09-09 11:26:16"
"25230","NJP26088235","2026-08-28 09:20:01","",""
"25229","ILP26088430","2026-08-28 08:57:26","",""
"25228","NWP26088392","2026-08-27 18:11:58","",""
"25227","ILP26088737","2026-08-27 17:04:35","",""
"25226","CAP26089153","2026-08-27 13:36:16","",""
"25225","ILP26088915","2026-08-27 12:56:18","",""
"25224","CAP26088236","2026-08-27 12:04:19","","2026-09-08 06:47:21"
"25223","ILP26088206","2026-08-27 11:34:48","","2026-09-05 23:45:10"
"25222","CAP26088390","2026-08-27 11:13:15","","2026-09-03 01:46:10"
"25221","NJP26088596","2026-08-26 19:43:28","",""
"25220","TXP26089146","2026-08-26 15:40:37","",""
"25219","TXP26088329","2026-08-26 10:44:45","","2026-09-08 23:31:11"
"25218","CAP26088132","2026-08-26 08:52:30","","2026-08-31 02:10:30"
"25217","CAP26089212","2026-08-25 19:48:58","2026-09-08",""
"25216","NJP26088212","2026-08-25 15:55:37","","2026-09-15 09:40:59"
"25215","ILP26088043","2026-08-25 15:04:04","",""
"25214","NJP26088279","2026-08-25 13:53:41","","2026-08-30 16:13:59"
"25213","ILP26088878","2026-08-25 11:54:56","2026-08-26","2026-08-30 16:03:00"
"25212","CAP26088909","2026-08-25 10:31:43","",""
"25211","NWP26088355","2026-08-25 09:59:18","",""
"25210","CAP26088270","2026-08-24 19:28:47","",""
"25209","TXP26089060","2026-08-24 16:13:42","2026-09-04",""
"25208","NWP26088217","2026-08-24 15:03:46","","2026-09-10 19:51:45"
"25207","NJP26088537","2026-08-24 14:34:54","2026-08-26","2026-08-31 13:36:14"
"25206","ILP26088337","2026-08-24 12:20:09","",""
"25205","NWP26088133","2026-08-24 09:46:39","2026-09-05",""
"25204","NWP26088434","2026-08-23 17:45:59","",""
"25203","TXP26088810","2026-08-23 17:19:10","",""
"25202","ILP26088608","2026-08-23 15:30:12","","2026-09-04 02:37:54"
"25201","ILP26088976","2026-08-23 15:09:24","",""
"25200","ILP26088463","2026-08-23 15:02:42","",""
"25199","NJP26088836","2026-08-23 14:43:31","2026-09-11",""
"25198","NWP26088639","2026-08-23 13:00:12","",""
"25197","TXP26088537","2026-08-23 12:45:34","2026-09-23",""
"25196","TXP26089009","2026-08-23 12:12:07","","2026-08-27 12:22:24"
"25195","CAP26088691","2026-08-23 09:49:07","","2026-09-06 20:53:16"
"25194","CAP26089014","2026-08-23 08:55:11","","2026-08-31 04:46:37"
"25193","TXP26088136","2026-08-23 08:19:10","","2026-08-28 18:33:24"
"25192","ILP26089066","2026-08-22 19:26:38","",""
"25191","CAP26089103","2026-08-22 19:02:39","2026-09-04",""
"25190","TXP26089107","2026-08-22 16:31:20","",""
"25189","TXP26088752","2026-08-22 15:50:12","2026-08-23","2026-08-28 14:44:58"
"25188","NJP26088634","2026-08-22 15:04:09","",""
"25187","CAP26088794","2026-08-22 14:41:30","",""
"25186","NWP26088773","2026-08-22 11:27:47","","2026-08-27 09:08:13"
"25185","NJP26088954","2026-08-22 11:01:59","",""
"25184","TXP26088895","2026-08-22 10:23:05","",""
"25183","TXP26088856","2026-08-22 10:16:59","",""
"25182","NJP26088107","2026-08-22 07:59:22","",""
"25181","NWP26088892","2026-08-21 16:05:48","2026-09-14",""
"25180","ILP26088765","2026-08-21 14:50:57","",""
"25179","NJP26088712","2026-08-21 10:04:49","",""
"25178","NWP26088513","2026-08-21 09:32:22","","2026-08-29 21:09:04"
"25177","CAP26088389","2026-08-21 09:02:24","","2026-08-27 05:59:36"
"25176","NWP26088110","2026-08-20 18:50:50","","2026-08-27 13:52:56"
"25175","ILP26088135","2026-08-20 16:35:26","",""
"25174","NWP26088322","2026-08-20 16:24:16","",""
"25173","ILP26088236","2026-08-20 15:03:02","",""
"25172","TXP26088832","2026-08-20 14:24:46","2026-09-08",""
"25171","TXP26088432","2026-08-20 13:27:17","","2026-08-28 18:44:10"
"25170","ILP26089037","2026-08-20 10:35:14","",""
"25169","CAP26088528","2026-08-20 09:46:45","",""
"25168","NJP26088392","2026-08-19 16:54:01","",""
"25167","NJP26088987","2026-08-19 13:37:58","",""
"25166","NJP26088761","2026-08-19 10:34:42","","2026-08-23 22:05:46"
"25165","CAP26088877","2026-08-19 09:24:32","2026-09-09",""
"25164","NWP26088691","2026-08-19 08:12:25","2026-09-01",""
"25163","NJP26088084","2026-08-18 19:25:36","","2026-08-23 13:37:21"
"25162","TXP26088563","2026-08-18 19:17:55","",""
"25161","ILP26088877","2026-08-18 18:51:08","","2026-08-25 17:13:44"
"25160","TXP26088020","2026-08-18 18:49:35","",""
"25159","TXP26088328","2026-08-18 18:31:30","","2026-08-31 17:56:50"
"25158","NJP26088349","2026-08-18 16:34:27","",""
"25157","CAP26089080","2026-08-18 16:03:58","",""
"25156","CAP26088131","2026-08-18 15:18:09","","2026-08-24 05:22:58"
"25155","NWP26088582","2026-08-18 14:03:36","",""
"25154","ILP26088160","2026-08-18 13:54:57","",""
"25153","TXP26088500","2026-08-18 12:29:09","",""
"25152","TXP26089008","2026-08-18 12:16:13","","2026-08-22 18:59:09"
"25151","TXP26088363","2026-08-18 12:06:34","",""
"25150","NWP26088818","2026-08-18 10:24:30","2026-09-01",""
"25149","NJP26088211","2026-08-17 18:31:29","","2026-08-30 06:03:56"
"25148","ILP26088364","2026-08-17 17:31:38","",""
"25147","ILP26088493","2026-08-17 17:27:58","2026-08-27",""
"25146","NJP26088798","2026-08-17 15:49:16","",""
"25145","NWP26088919","2026-08-17 15:00:06","",""
"25144","NWP26088024","2026-08-17 14:30:55","",""
"25143","CAP26088388","2026-08-17 13:47:28","","2026-08-24 16:51:51"
"25142","CAP26088156","2026-08-17 13:06:48","",""
"25141","CAP26089249","2026-08-17 13:01:26","",""
"25140","ILP26088429","2026-08-17 12:45:45","",""
"25139","TXP26088478","2026-08-17 12:35:44","",""
"25138","NJP26088035","2026-08-17 10:38:49","",""
"25137","TXP26088229","2026-08-17 10:18:18","",""
"25136","NJP26088470","2026-08-17 09:18:00","",""
"25135","CAP26089013","2026-08-17 08:43:15","2026-08-17","2026-08-21 07:16:41"
"25134","TXP26089199","2026-08-16 19:49:13","2026-09-01",""
"25133","ILP26088607","2026-08-16 19:19:18","","2026-08-24 16:23:20"
"25132","TXP26088135","2026-08-16 15:49:40","","2026-08-21 17:56:10"
"25131","NWP26088296","2026-08-16 15:00:20","","2026-08-22 21:07:20"
"25130","TXP26088751","2026-08-16 09:05:13","","2026-08-26 05:34:35"
"25129","NJP26088595","2026-08-16 08:34:00","",""
"25128","CAP26088749","2026-08-15 19:24:02","",""
"25127","ILP26088336","2026-08-15 17:16:57","",""
"25126","NJP26088316","2026-08-15 17:03:00","",""
"25125","NWP26088553","2026-08-15 13:52:50","",""
"25124","CAP26088587","2026-08-15 10:57:45","",""
"25123","CAP26088440","2026-08-15 09:44:19","","2026-09-05 12:37:23"
"25122","NWP26088159","2026-08-14 18:36:41","",""
"25121","CAP26088021","2026-08-14 16:22:26","",""
"25120","CAP26088690","2026-08-14 15:42:01","","2026-08-21 08:02:26"
"25119","NWP26088863","2026-08-14 15:04:26","",""
"25118","TXP26088778","2026-08-14 14:15:54","2026-08-23",""
"25117","NJP26088141","2026-08-14 11:14:27","","2026-09-19 19:15:17"
"25116","NJP26088431","2026-08-14 10:50:43","",""
"25115","NJP26088658","2026-08-14 10:02:39","",""
"25114","ILP26088282","2026-08-14 09:52:42","","2026-08-18 10:25:59"
"25113","CAP26089152","2026-08-14 08:58:46","2026-09-06",""
"25112","TXP26088620","2026-08-13 18:23:14","2026-08-21",""
"25111","ILP26088098","2026-08-13 16:28:32","","2026-08-18 12:04:53"
"25110","TXP26088327","2026-08-13 14:53:19","","2026-08-29 07:59:34"
"25109","TXP26088182","2026-08-13 10:41:40","",""
"25108","TXP26088431","2026-08-13 10:03:29","","2026-08-18 00:54:47"
"25107","CAP26088611","2026-08-13 08:52:29","",""
"25106","TXP26089007","2026-08-12 19:13:02","","2026-08-20 06:42:39"
"25105","CAP26088235","2026-08-12 19:01:44","","2026-08-29 15:28:28"
"25104","NJP26088953","2026-08-12 15:50:04","",""
"25103","CAP26088184","2026-08-12 13:37:12","","2026-09-21 11:09:46"
"25102","ILP26088042","2026-08-12 10:42:16","",""
"25101","CAP26088831","2026-08-12 09:16:56","2026-09-07",""
"25100","NWP26088216","2026-08-12 07:49:25","","2026-08-24 08:15:21"
"25099","NJP26088895","2026-08-11 18:50:07","","2026-09-20 05:29:56"
"25098","ILP26088876","2026-08-11 18:40:52","","2026-08-18 12:18:34"
"25097","NWP26088391","2026-08-11 18:17:26","",""
"25096","CAP26088130","2026-08-11 17:42:21","","2026-08-16 23:01:29"
"25095","TXP26088585","2026-08-11 16:46:48","2026-08-23",""
"25094","TXP26088134","2026-08-11 12:50:53","","2026-08-15 17:08:30"
"25093","TXP26089059","2026-08-11 12:47:58","",""
"25092","TXP26088750","2026-08-11 11:18:27","2026-08-13","2026-08-20 11:26:05"
"25091","NWP26088109","2026-08-11 10:17:20","","2026-08-17 03:22:42"
"25090","NJP26088680","2026-08-11 09:24:15","",""
"25089","CAP26089012","2026-08-11 08:30:47","","2026-08-18 00:17:10"
"25088","NWP26088512","2026-08-11 07:42:56","","2026-08-17 03:27:40"
"25087","NWP26088638","2026-08-10 16:43:45","",""
"25086","CAP26088387","2026-08-10 15:15:29","","2026-08-16 05:10:04"
"25085","ILP26088975","2026-08-10 15:08:17","",""
"25084","ILP26088606","2026-08-10 12:33:22","","2026-08-22 14:40:59"
"25083","NJP26088835","2026-08-09 19:08:42","",""
"25082","ILP26088736","2026-08-09 15:42:58","",""
"25081","CAP26088527","2026-08-09 15:27:07","",""
"25080","ILP26088666","2026-08-09 14:41:33","",""
"25079","NWP26088412","2026-08-09 13:59:31","",""
"25078","NJP26088536","2026-08-09 13:59:01","","2026-08-20 17:10:44"
"25077","NWP26088772","2026-08-09 13:51:11","","2026-08-12 06:46:44"
"25076","ILP26088205","2026-08-09 09:07:21","","2026-08-21 14:36:23"
"25075","CAP26088417","2026-08-09 08:41:08","",""
"25074","TXP26089145","2026-08-09 08:19:05","",""
"25073","NJP26088278","2026-08-08 19:11:08","","2026-08-14 11:40:42"
"25072","CAP26089079","2026-08-08 15:38:18","",""
"25071","NJP26088760","2026-08-08 13:22:57","","2026-08-17 01:29:18"
"25070","TXP26089106","2026-08-08 11:01:40","",""
"25069","CAP26088793","2026-08-07 17:16:43","",""
"25068","CAP26088876","2026-08-07 11:27:45","",""
"25067","NWP26088713","2026-08-07 11:23:20","2026-08-18",""
"25066","CAP26089211","2026-08-07 09:56:54","","2026-09-22 19:36:30"
"25065","NJP26088210","2026-08-07 09:14:11","","2026-08-22 17:02:06"
"25064","TXP26088326","2026-08-07 08:52:42","","2026-08-22 17:40:16"
"25063","TXP26088749","2026-08-06 17:24:34","","2026-08-16 06:56:26"
"25062","CAP26089180","2026-08-06 16:25:58","",""
"25061","ILP26089036","2026-08-06 14:38:16","",""
"25060","NWP26088795","2026-08-06 13:46:07","","2026-09-20 15:54:40"
"25059","TXP26089006","2026-08-06 13:17:14","","2026-08-11 06:50:22"
"25058","CAP26088386","2026-08-06 11:11:25","","2026-08-14 09:58:42"
"25057","NJP26088594","2026-08-06 09:23:15","",""
"25056","CAP26088586","2026-08-06 09:13:19","",""
"25055","NJP26088083","2026-08-06 08:39:07","","2026-08-10 20:34:20"
"25054","ILP26088335","2026-08-05 19:12:47","","2026-09-21 04:44:11"
"25053","NWP26088690","2026-08-05 18:53:19","",""
"25052","NWP26088251","2026-08-05 16:32:51","",""
"25051","CAP26088748","2026-08-05 14:01:51","",""
"25050","TXP26088894","2026-08-05 13:14:43","",""
"25049","NJP26088633","2026-08-05 10:31:16","","2026-09-10 11:50:09"
"25048","CAP26088689","2026-08-05 09:28:26","2026-08-06","2026-08-12 09:20:52"
"25047","TXP26088536","2026-08-05 09:17:04","","2026-09-13 12:35:00"
"25046","NWP26088511","2026-08-04 18:40:45","","2026-08-19 19:41:21"
"25045","ILP26088914","2026-08-04 18:32:19","",""
"25044","NWP26088354","2026-08-04 18:12:58","",""
"25043","NJP26088494","2026-08-04 17:23:58","","2026-09-18 17:29:49"
"25042","TXP26088133","2026-08-04 17:04:12","","2026-08-11 02:06:42"
"25041","TXP26088430","2026-08-04 16:06:17","","2026-08-10 05:07:40"
"25040","CAP26088129","2026-08-04 10:46:37","","2026-08-09 12:25:21"
"25039","NJP26088391","2026-08-04 08:33:15","",""
"25038","NWP26088108","2026-08-04 07:51:49","2026-08-06","2026-08-09 17:22:49"
"25037","ILP26088428","2026-08-03 19:49:04","",""
"25036","NJP26088952","2026-08-03 19:29:21","","2026-09-13 01:50:00"
"25035","NJP26088234","2026-08-03 17:54:17","",""
"25034","ILP26088605","2026-08-03 17:25:26","","2026-08-11 11:21:05"
"25033","CAP26089011","2026-08-03 13:52:59","","2026-08-08 13:20:31"
"25032","ILP26088875","2026-08-03 08:45:02","","2026-08-09 00:17:49"
"25031","ILP26088518","2026-08-02 18:59:23","2026-08-10",""
"25030","ILP26088633","2026-08-02 18:57:48","",""
"25029","CAP26088385","2026-08-02 17:57:41","","2026-08-07 07:27:33"
"25028","ILP26088281","2026-08-02 09:55:28","","2026-08-07 08:58:18"
"25027","CAP26088461","2026-08-02 09:28:18","2026-08-22",""
"25026","NWP26088891","2026-08-02 09:27:16","","2026-09-07 13:00:22"
"25025","ILP26089086","2026-08-01 19:09:42","",""
"25024","CAP26088269","2026-08-01 18:20:52","",""
"25023","NJP26088986","2026-08-01 17:52:28","",""
"25022","TXP26088325","2026-08-01 17:09:39","","2026-08-16 09:16:42"
"25021","TXP26089005","2026-08-01 15:22:59","","2026-08-06 00:04:47"
"25020","CAP26089248","2026-08-01 15:01:19","",""
"25019","ILP26088097","2026-08-01 14:22:39","","2026-08-05 19:45:47"
"25018","CAP26088908","2026-08-01 12:35:34","","2026-09-09 08:05:32"
"25017","NWP26088215","2026-08-01 12:23:40","2026-08-06","2026-08-17 11:37:01"
"25016","ILP26088134","2026-08-01 11:41:17","","2026-09-06 17:54:51"
"25015","TXP26088362","2026-08-01 09:48:27","2026-08-10",""
"25014","NJP26088469","2026-08-01 08:37:21","2026-08-20",""
"25013","NWP26088637","2026-08-01 08:25:46","",""
"25012","TXP26078228","2026-07-31 17:07:34","","2026-09-03 21:46:05"
"25011","CAP26079151","2026-07-31 16:35:30","2026-08-19",""
"25010","NWP26078862","2026-07-31 16:31:35","",""
"25009","TXP26079166","2026-07-31 16:26:18","",""
"25008","TXP26078748","2026-07-31 11:34:31","","2026-08-09 09:59:31"
"25007","NJP26078315","2026-07-31 09:17:50","",""
"25006","NWP26078552","2026-07-31 09:00:05","",""
"25005","TXP26078809","2026-07-30 15:41:04","","2026-09-08 07:15:42"
"25004","CAP26079078","2026-07-30 14:51:06","",""
"25003","TXP26078477","2026-07-30 12:01:07","","2026-09-09 09:49:50"
"25002","CAP26078526","2026-07-30 09:18:27","",""
"25001","NWP26078295","2026-07-30 08:25:46","","2026-08-04 07:45:29"
"25000","CAP26078234","2026-07-29 19:20:15","","2026-08-15 05:41:05"
"24999","CAP26078688","2026-07-29 18:41:23","","2026-08-09 00:34:33"
"24998","ILP26078159","2026-07-29 18:39:09","","2026-09-07 23:11:04"
"24997","CAP26079010","2026-07-29 18:22:00","","2026-08-02 17:35:47"
"24996","NWP26078771","2026-07-29 18:09:43","","2026-08-02 18:02:07"
"24995","TXP26078132","2026-07-29 17:39:35","2026-07-30","2026-08-04 16:29:44"
"24994","CAP26078384","2026-07-29 17:01:25","","2026-08-03 04:41:30"
"24993","NWP26078107","2026-07-29 15:19:40","","2026-08-02 21:56:29"
"24992","ILP26078492","2026-07-29 14:47:12","",""
"24991","ILP26078204","2026-07-28 18:43:23","","2026-08-13 04:19:18"
"24990","ILP26078938","2026-07-28 17:12:05","",""
"24989","NWP26078510","2026-07-28 13:56:14","","2026-08-05 19:25:55"
"24988","ILP26079065","2026-07-28 11:47:57","","2026-09-09 11:30:04"
"24987","CAP26078128","2026-07-28 11:12:58","","2026-08-02 20:06:16"
"24986","ILP26078604","2026-07-28 09:27:03","","2026-08-03 23:07:47"
"24985","CAP26078747","2026-07-27 19:42:58","2026-08-05",""
"24984","NJP26078106","2026-07-27 18:56:21","","2026-09-09 04:25:25"
"24983","NJP26078711","2026-07-27 12:36:22","","2026-09-07 18:55:01"
"24982","ILP26078874","2026-07-27 10:43:48","","2026-07-30 02:43:45"
"24981","CAP26079102","2026-07-27 10:31:51","",""
"24980","TXP26079004","2026-07-27 10:16:12","","2026-07-31 23:30:04"
"24979","ILP26079035","2026-07-27 10:11:34","","2026-09-08 14:25:02"
"24978","NWP26078581","2026-07-27 10:06:31","","2026-09-08 10:46:29"
"24977","TXP26079198","2026-07-27 08:35:40","","2026-09-17 12:54:29"
"24976","TXP26078619","2026-07-26 19:17:30","","2026-09-13 00:12:02"
"24975","TXP26079058","2026-07-26 17:18:38","","2026-09-04 22:57:24"
"24974","ILP26078235","2026-07-26 14:28:06","","2026-09-12 14:43:30"
"24973","ILP26078462","2026-07-26 12:01:40","",""
"24972","CAP26078585","2026-07-26 10:48:11","","2026-09-23 17:03:11"
"24971","ILP26078690","2026-07-26 10:27:59","",""
"24970","TXP26078429","2026-07-26 09:13:49","","2026-08-02 02:27:55"
"24969","TXP26078747","2026-07-25 18:03:25","","2026-08-01 06:29:25"
"24968","NWP26078817","2026-07-25 15:42:59","","2026-09-23 21:18:14"
"24967","TXP26078562","2026-07-25 15:13:04","","2026-09-23 02:33:50"
"24966","NJP26078593","2026-07-25 15:10:38","",""
"24965","NJP26078277","2026-07-25 13:42:43","2026-07-26","2026-07-28 23:21:25"
"24964","NJP26078034","2026-07-25 13:28:57","","2026-09-16 01:12:24"
"24963","TXP26078324","2026-07-25 12:38:28","","2026-08-10 22:30:24"
"24962","NJP26078209","2026-07-25 09:45:25","","2026-08-06 13:41:42"
"24961","TXP26078181","2026-07-25 09:34:32","","2026-09-05 05:27:32"
"24960","NWP26078433","2026-07-25 09:23:10","",""
"24959","ILP26078735","2026-07-25 08:37:15","",""
"24958","NJP26078082","2026-07-25 08:25:36","","2026-07-29 23:39:52"
"24957","TXP26079144","2026-07-24 16:48:15","","2026-09-21 17:41:03"
"24956","TXP26079105","2026-07-24 16:21:05","2026-08-04",""
"24955","ILP26078974","2026-07-24 14:04:59","","2026-09-08 12:32:36"
"24954","NJP26078759","2026-07-24 09:36:27","","2026-07-29 16:51:04"
"24953","TXP26078131","2026-07-24 07:58:27","","2026-07-28 01:13:56"
"24952","CAP26078525","2026-07-23 18:46:19","","2026-09-20 21:30:30"
"24951","ILP26078041","2026-07-23 18:37:41","","2026-09-09 10:56:24"
"24950","NJP26078951","2026-07-23 18:12:51","","2026-09-10 20:45:17"
"24949","NWP26078636","2026-07-23 16:35:45","",""
"24948","NJP26078348","2026-07-23 16:29:41","",""
"24947","NWP26078214","2026-07-23 14:29:02","","2026-07-30 20:31:39"
"24946","TXP26078893","2026-07-23 14:15:40","","2026-09-07 11:57:56"
"24945","ILP26078603","2026-07-23 12:33:17","","2026-08-01 06:27:53"
"24944","CAP26078830","2026-07-23 12:14:28","","2026-09-23 03:28:40"
"24943","NJP26078894","2026-07-23 12:05:34","","2026-09-11 09:10:49"
"24942","NWP26078132","2026-07-23 08:46:24","","2026-09-02 19:17:13"
"24941","NJP26078797","2026-07-23 08:27:41","","2026-09-02 06:30:26"
"24940","NJP26078430","2026-07-22 17:39:19","",""
"24939","TXP26078831","2026-07-22 16:53:10","","2026-09-21 13:52:21"
"24938","NJP26078858","2026-07-22 16:32:02","","2026-09-08 07:27:30"
"24937","CAP26078792","2026-07-22 15:27:42","2026-07-30","2026-08-29 17:54:13"
"24936","NWP26078689","2026-07-22 15:07:29","",""
"24935","ILP26078764","2026-07-22 13:03:40","","2026-09-02 12:48:08"
"24934","CAP26079009","2026-07-22 10:35:52","","2026-07-29 08:18:49"
"24933","CAP26078383","2026-07-22 10:30:42","","2026-07-29 14:10:22"
"24932","ILP26078334","2026-07-21 18:00:53","","2026-09-01 09:45:47"
"24931","ILP26078427","2026-07-21 17:47:10","","2026-09-12 08:17:18"
"24930","CAP26079150","2026-07-21 16:15:34","","2026-09-16 08:57:41"
"24929","CAP26078687","2026-07-21 15:36:00","","2026-07-31 16:07:26"
"24928","NJP26078535","2026-07-21 11:53:55","","2026-08-02 06:52:07"
"24927","CAP26078610","2026-07-21 10:50:52","",""
"24926","CAP26078127","2026-07-21 09:39:41","","2026-07-26 23:52:06"
"24925","CAP26078875","2026-07-21 09:13:23","","2026-09-17 11:32:04"
"24924","TXP26078746","2026-07-20 18:27:39","","2026-07-29 05:07:12"
"24923","ILP26078913","2026-07-20 16:40:15","","2026-09-03 10:37:52"
"24922","ILP26078873","2026-07-20 16:24:29","2026-07-21","2026-07-25 10:10:25"
"24921","NWP26078390","2026-07-20 14:29:51","","2026-08-21 00:07:28"
"24920","CAP26078183","2026-07-20 14:20:15","","2026-08-29 10:19:11"
"24919","CAP26078020","2026-07-20 12:11:11","","2026-09-15 08:59:03"
"24918","NWP26078023","2026-07-20 11:53:30","","2026-09-21 18:36:12"
"24917","TXP26078855","2026-07-20 10:38:59","","2026-09-19 12:26:37"
"24916","TXP26079003","2026-07-20 08:39:26","","2026-07-23 20:45:43"
"24915","NWP26078918","2026-07-19 19:42:42","","2026-09-21 06:58:31"
"24914","NJP26078140","2026-07-19 15:54:57","","2026-08-29 18:17:42"
"24913","NJP26078632","2026-07-19 14:03:22","","2026-09-09 05:00:34"
"24912","ILP26078363","2026-07-19 12:00:14","2026-07-27",""
"24911","NJP26078390","2026-07-19 09:33:37","","2026-09-11 03:41:57"
"24910","NWP26078158","2026-07-19 09:23:55","","2026-08-29 23:44:26"
"24909","NWP26078106","2026-07-19 08:00:40","","2026-07-24 08:57:54"
"24908","NWP26078353","2026-07-18 17:27:34","","2026-08-29 04:33:32"
"24907","CAP26078746","2026-07-18 16:50:45","",""
"24906","TXP26078535","2026-07-18 15:14:57","","2026-09-10 09:49:25"
"24905","TXP26078130","2026-07-18 08:14:02","","2026-07-23 10:27:55"
"24904","NWP26078250","2026-07-18 07:55:03","2026-08-09","2026-09-13 16:35:00"
"24903","CAP26078268","2026-07-17 19:34:26","","2026-09-07 05:31:57"
"24902","NWP26078509","2026-07-17 16:34:11","","2026-07-26 00:57:48"
"24901","NWP26078770","2026-07-17 14:54:29","","2026-07-21 09:26:09"
"24900","CAP26079210","2026-07-17 14:36:42","","2026-08-22 13:26:01"
"24899","CAP26079077","2026-07-17 14:18:50","","2026-09-16 09:10:26"
"24898","TXP26078428","2026-07-17 13:00:29","","2026-07-24 01:45:17"
"24897","CAP26078382","2026-07-17 11:57:14","","2026-07-22 08:43:04"
"24896","CAP26079008","2026-07-17 11:43:02","","2026-07-21 20:44:19"
"24895","NJP26078592","2026-07-17 09:42:09","",""
"24894","TXP26078323","2026-07-17 09:17:07","","2026-08-03 20:34:11"
"24893","NWP26078294","2026-07-17 08:22:24","","2026-07-23 04:11:02"
"24892","NJP26078834","2026-07-17 08:17:57","",""
"24891","ILP26078096","2026-07-17 07:50:15","","2026-07-23 01:02:33"
"24890","CAP26078439","2026-07-16 17:46:04","","2026-08-15 05:45:08"
"24889","NWP26078321","2026-07-16 17:39:41","","2026-09-06 10:40:49"
"24888","ILP26078665","2026-07-16 17:09:06","2026-07-23","2026-09-12 06:55:38"
"24887","CAP26078416","2026-07-16 17:04:07","","2026-08-28 03:03:55"
"24886","TXP26078227","2026-07-16 12:26:08","","2026-08-30 15:32:54"
"24885","ILP26078203","2026-07-16 10:58:01","","2026-07-28 05:31:37"
"24884","CAP26078126","2026-07-16 08:20:14","","2026-07-22 15:39:23"
"24883","NJP26078276","2026-07-15 15:58:46","","2026-07-21 05:24:00"
"24882","ILP26078872","2026-07-15 10:18:41","","2026-07-21 02:02:05"
"24881","TXP26078745","2026-07-14 19:36:30","","2026-07-24 19:19:45"
"24880","NJP26078208","2026-07-14 17:32:00","","2026-07-28 13:09:47"
"24879","ILP26078280","2026-07-14 17:29:37","2026-07-15","2026-07-21 11:36:04"
"24878","TXP26078129","2026-07-14 16:52:39","","2026-07-18 18:17:29"
"24877","ILP26079034","2026-07-14 16:04:08","","2026-09-20 06:45:45"
"24876","NJP26078657","2026-07-14 15:07:03","",""
"24875","CAP26078524","2026-07-14 14:09:24","","2026-08-27 06:07:37"
"24874","NJP26078758","2026-07-14 13:42:26","","2026-07-18 06:30:12"
"24873","CAP26078155","2026-07-14 08:17:40","","2026-08-18 04:46:06"
"24872","NJP26078985","2026-07-13 19:44:38","","2026-09-06 23:42:58"
"24871","ILP26078602","2026-07-13 19:23:41","","2026-07-22 15:14:47"
"24870","NJP26078679","2026-07-13 19:22:55","","2026-09-08 20:08:34"
"24869","ILP26078133","2026-07-13 16:56:13","2026-07-23","2026-08-28 02:01:33"
"24868","NWP26078861","2026-07-13 16:32:01","","2026-09-01 11:18:12"
"24867","NWP26078105","2026-07-13 12:46:29","","2026-07-19 09:19:08"
"24866","CAP26079007","2026-07-12 19:58:09","","2026-07-18 03:17:52"
"24865","TXP26078808","2026-07-12 17:46:04","2026-07-23","2026-09-03 15:26:22"
"24864","CAP26078584","2026-07-12 14:49:57","","2026-09-12 18:48:08"
"24863","NJP26078314","2026-07-12 14:41:42","2026-07-30","2026-08-26 11:00:56"
"24862","TXP26079002","2026-07-12 14:14:20","","2026-07-18 00:27:14"
"24861","CAP26078233","2026-07-12 13:51:50","","2026-07-29 07:30:06"
"24860","TXP26078476","2026-07-12 12:25:18","","2026-09-04 14:39:56"
"24859","NJP26078468","2026-07-12 12:10:41","2026-07-31",""
"24858","CAP26078686","2026-07-12 12:08:31","2026-07-17","2026-07-26 09:24:26"
"24857","NWP26078411","2026-07-12 09:11:20","","2026-09-21 17:06:37"
"24856","NWP26078213","2026-07-12 08:03:20","","2026-08-02 23:39:34"
"24855","NWP26078635","2026-07-11 19:32:36","","2026-09-04 19:10:18"
"24854","ILP26078040","2026-07-11 18:39:44","","2026-09-02 13:01:05"
"24853","NWP26078508","2026-07-11 18:29:20","","2026-07-23 11:57:33"
"24852","NJP26078081","2026-07-11 15:05:33","","2026-07-15 04:27:26"
"24851","CAP26078381","2026-07-11 13:00:44","2026-07-13","2026-07-17 12:11:54"
"24850","TXP26078322","2026-07-11 11:01:14","","2026-07-21 02:11:40"
"24849","TXP26078019","2026-07-11 10:05:42","","2026-08-30 04:28:45"
"24848","ILP26078734","2026-07-11 08:15:13","","2026-09-05 12:09:56"
"24847","TXP26079057","2026-07-10 17:39:30","2026-07-16","2026-08-25 15:06:45"
"24846","NWP26078688","2026-07-10 14:05:21","","2026-09-08 20:06:39"
"24845","TXP26078777","2026-07-10 11:01:52","","2026-09-08 12:10:29"
"24844","CAP26079247","2026-07-10 08:53:28","2026-07-28","2026-09-04 22:01:02"
"24843","ILP26078426","2026-07-09 19:38:29","","2026-09-19 04:58:41"
"24842","TXP26078744","2026-07-09 17:14:21","","2026-07-17 04:17:17"
"24841","NJP26078950","2026-07-09 14:35:41","","2026-08-08 07:16:33"
"24840","CAP26078125","2026-07-09 12:54:56","2026-07-11","2026-07-15 05:21:11"
"24839","CAP26078829","2026-07-09 11:47:43","","2026-09-10 17:02:20"
"24838","ILP26078333","2026-07-09 08:14:36","","2026-08-27 22:20:20"
"24837","TXP26078128","2026-07-08 18:30:16","","2026-07-12 16:41:14"
"24836","NJP26078893","2026-07-08 13:04:01","","2026-09-08 05:30:55"
"24835","NWP26078890","2026-07-08 12:34:07","","2026-08-21 10:37:48"
"24834","CAP26078460","2026-07-08 12:06:33","","2026-08-17 00:21:05"
"24833","TXP26079001","2026-07-08 10:50:28","2026-07-09","2026-07-11 17:21:52"
"24832","NWP26078551","2026-07-08 10:18:52","","2026-09-07 03:04:59"
"24831","TXP26078499","2026-07-07 19:30:47","","2026-09-03 15:18:23"
"24830","ILP26078491","2026-07-07 19:22:42","","2026-09-07 05:24:04"
"24829","CAP26079076","2026-07-07 19:17:43","","2026-08-19 21:57:14"
"24828","NWP26078794","2026-07-07 19:08:26","","2026-08-30 00:18:06"
"24827","TXP26078584","2026-07-07 18:09:40","","2026-09-13 23:21:10"
"24826","CAP26078874","2026-07-07 16:00:30","","2026-09-12 21:15:37"
"24825","TXP26079104","2026-07-07 14:59:07","","2026-09-18 00:16:16"
"24824","ILP26078871","2026-07-07 09:42:33","","2026-07-12 14:04:54"
"24823","CAP26078745","2026-07-07 08:58:59","","2026-09-12 06:26:04"
"24822","ILP26078234","2026-07-06 18:44:39","","2026-09-11 01:29:40"
"24821","TXP26078427","2026-07-06 18:40:38","","2026-07-11 08:29:53"
"24820","NJP26078534","2026-07-06 17:45:07","","2026-07-17 22:54:16"
"24819","CAP26079179","2026-07-06 17:28:32","","2026-08-29 06:55:34"
"24818","NWP26078389","2026-07-06 15:56:27","","2026-09-07 20:29:25"
"24817","CAP26078907","2026-07-06 12:16:30","","2026-08-19 03:07:33"
"24816","CAP26078380","2026-07-06 11:03:40","","2026-07-13 11:23:29"
"24815","CAP26078791","2026-07-06 09:15:32","","2026-08-31 20:38:58"
"24814","CAP26079149","2026-07-06 09:01:37","2026-07-21","2026-09-01 04:35:33"
"24813","NJP26078347","2026-07-05 18:53:23","","2026-09-06 10:07:04"
"24812","TXP26078743","2026-07-05 17:22:00","","2026-07-14 15:53:46"
"24811","TXP26078361","2026-07-05 15:02:38","","2026-09-02 03:49:58"
"24810","TXP26078180","2026-07-05 12:31:06","","2026-07-16 12:28:56"
"24809","NJP26078389","2026-07-05 10:24:43","2026-07-25","2026-09-19 14:31:58"
"24808","NWP26078104","2026-07-05 07:53:55","","2026-07-10 07:27:52"
"24807","TXP26078321","2026-07-04 18:58:44","2026-07-06","2026-07-15 16:45:46"
"24806","ILP26078689","2026-07-04 18:47:41","2026-07-22","2026-08-30 20:39:17"
"24805","NJP26078833","2026-07-04 18:10:14","","2026-09-21 07:30:19"
"24804","NWP26078580","2026-07-04 17:51:23","2026-07-19","2026-08-24 06:00:00"
"24803","NJP26078796","2026-07-04 16:09:13","","2026-08-10 15:06:14"
"24802","ILP26078601","2026-07-04 16:01:50","","2026-07-11 21:12:55"
"24801","NWP26078769","2026-07-04 13:26:43","2026-07-05","2026-07-10 06:35:09"
"24800","ILP26078517","2026-07-04 13:07:04","","2026-09-11 06:16:49"
"24799","CAP26078685","2026-07-04 11:34:01","","2026-07-17 11:03:16"
"24798","CAP26079006","2026-07-04 11:04:13","","2026-07-08 06:07:43"
"24797","TXP26079143","2026-07-04 10:58:19","","2026-09-08 07:35:17"
"24796","NWP26078507","2026-07-04 09:22:13","","2026-07-13 19:02:45"
"24795","NJP26078710","2026-07-04 08:57:13","","2026-08-18 15:58:17"
"24794","TXP26078127","2026-07-04 08:26:19","","2026-07-07 19:11:48"
"24793","TXP26079197","2026-07-04 08:04:24","","2026-08-26 06:32:00"
"24792","NJP26078033","2026-07-03 16:02:05","","2026-08-30 20:14:11"
"24791","CAP26078124","2026-07-03 15:22:45","","2026-07-09 19:44:00"
"24790","TXP26078618","2026-07-03 14:38:27","","2026-09-03 18:50:48"
"24789","NJP26078591","2026-07-03 13:55:21","","2026-09-10 00:02:14"
"24788","ILP26078870","2026-07-03 11:43:07","","2026-07-07 09:49:53"
"24787","TXP26078892","2026-07-03 11:38:03","","2026-08-17 05:51:37"
"24786","ILP26079033","2026-07-03 10:32:57","","2026-08-27 05:54:06"
"24785","NJP26078631","2026-07-03 10:16:25","","2026-08-26 16:31:57"
"24784","NJP26078207","2026-07-03 08:01:39","2026-07-05","2026-07-18 00:12:59"
"24783","CAP26078523","2026-07-02 14:01:47","","2026-08-25 03:08:26"
"24782","ILP26078202","2026-07-02 12:19:58","","2026-07-16 01:22:49"
"24781","ILP26079064","2026-07-02 08:17:16","","2026-08-20 15:35:24"
"24780","TXP26079000","2026-07-02 08:07:10","","2026-07-07 06:21:36"
"24779","ILP26078973","2026-07-01 19:15:07","","2026-08-25 19:37:15"
"24778","ILP26078095","2026-07-01 17:03:32","","2026-07-06 22:33:37"
"24777","CAP26078182","2026-07-01 15:35:03","","2026-08-14 22:23:17"
"24776","NWP26078212","2026-07-01 15:31:08","","2026-07-17 09:35:44"
"24775","NWP26078022","2026-07-01 14:25:31","","2026-08-25 23:10:39"
"24774","TXP26078534","2026-07-01 13:30:22","","2026-08-22 19:34:50"
"24773","NJP26078429","2026-07-01 10:27:56","","2026-08-25 18:16:41"
"24772","CAP26078379","2026-07-01 09:42:12","","2026-07-07 04:38:07"
"24771","CAP26079101","2026-07-01 08:19:43","","2026-09-01 19:00:50"
"24770","ILP26068733","2026-06-30 18:47:50","","2026-09-02 04:46:42"
"24769","ILP26068332","2026-06-30 14:35:09","","2026-08-23 11:22:00"
"24768","ILP26068912","2026-06-30 13:26:23","","2026-08-19 18:11:26"
"24767","NWP26068860","2026-06-30 12:55:24","","2026-08-19 08:24:51"
"24766","TXP26068475","2026-06-30 10:03:02","","2026-08-22 06:40:08"
"24765","CAP26068583","2026-06-30 09:01:43","","2026-08-25 07:44:56"
"24764","NJP26068493","2026-06-30 08:05:21","","2026-08-10 13:20:47"
"24763","NWP26068687","2026-06-29 18:59:01","","2026-08-25 07:31:48"
"24762","ILP26068425","2026-06-29 15:22:26","","2026-09-03 02:06:33"
"24761","TXP26068742","2026-06-29 14:51:00","2026-07-03","2026-07-09 17:49:30"
"24760","NWP26068634","2026-06-29 12:54:11","","2026-08-20 19:35:29"
"24759","ILP26068600","2026-06-29 10:36:02","","2026-07-11 01:52:33"
"24758","ILP26068937","2026-06-29 09:51:55","","2026-09-05 20:07:22"
"24757","NJP26068275","2026-06-29 09:39:37","","2026-07-03 06:38:54"
"24756","ILP26068869","2026-06-28 17:05:34","","2026-06-30 17:18:47"
"24755","TXP26068320","2026-06-28 17:02:54","","2026-07-11 13:28:34"
"24754","CAP26069005","2026-06-28 14:56:00","","2026-07-03 16:35:43"
"24753","NJP26068080","2026-06-28 14:29:15","","2026-07-04 02:48:25"
"24752","NWP26068293","2026-06-28 11:16:39","","2026-07-04 01:21:10"
"24751","TXP26068126","2026-06-27 19:23:40","","2026-07-03 07:17:09"
"24750","NJP26068233","2026-06-27 17:41:25","","2026-08-25 21:16:34"
"24749","ILP26068132","2026-06-27 15:33:14","","2026-08-18 21:10:20"
"24748","TXP26068426","2026-06-27 15:07:48","","2026-07-04 09:43:01"
"24747","CAP26068267","2026-06-27 14:52:42","2026-07-04","2026-08-20 09:22:25"
"24746","NWP26068103","2026-06-27 14:44:12","","2026-07-02 02:51:11"
"24745","TXP26068226","2026-06-27 14:40:05","","2026-08-19 13:09:03"
"24744","NJP26068857","2026-06-27 14:12:52","","2026-08-15 06:23:41"
"24743","CAP26068232","2026-06-27 12:28:05","","2026-07-13 17:08:36"
"24742","ILP26068039","2026-06-27 12:03:04","","2026-08-12 19:56:18"
"24741","ILP26068632","2026-06-27 11:30:13","2026-07-09","2026-08-30 12:43:14"
"24740","ILP26068461","2026-06-27 11:01:52","","2026-08-26 01:16:20"
"24739","NWP26068917","2026-06-27 10:40:53","","2026-08-28 11:59:09"
"24738","NJP26068757","2026-06-27 10:18:19","","2026-06-30 06:47:25"
"24737","TXP26068999","2026-06-27 09:27:27","","2026-07-03 22:09:06"
"24736","NWP26068712","2026-06-26 15:35:03","","2026-08-17 15:03:05"
"24735","ILP26068279","2026-06-26 15:04:26","","2026-07-02 07:24:05"
"24734","NWP26068768","2026-06-26 14:35:03","","2026-07-01 18:05:34"
"24733","CAP26068123","2026-06-26 10:11:17","","2026-07-01 20:27:11"
"24732","ILP26068763","2026-06-26 08:43:02","","2026-08-17 11:59:01"
"24731","TXP26068561","2026-06-26 08:27:33","","2026-08-21 05:57:28"
"24730","TXP26069103","2026-06-25 18:25:38","","2026-08-21 16:25:51"
"24729","NWP26068506","2026-06-25 16:31:59","","2026-07-03 10:32:32"
"24728","CAP26069246","2026-06-25 16:24:20","","2026-08-29 23:12:44"
"24727","NJP26068105","2026-06-25 16:09:18","","2026-08-23 02:51:59"
"24726","NWP26068249","2026-06-25 14:03:15","","2026-09-01 06:30:07"
"24725","ILP26068158","2026-06-25 12:25:27","2026-07-03","2026-08-04 23:36:08"
"24724","TXP26069056","2026-06-25 10:02:34","2026-07-04","2026-08-12 20:24:39"
"24723","CAP26069075","2026-06-25 09:21:35","","2026-08-06 20:16:46"
"24722","TXP26069165","2026-06-25 08:35:40","","2026-07-28 04:22:32"
"24721","CAP26068744","2026-06-24 17:49:34","","2026-08-20 19:42:09"
"24720","TXP26068741","2026-06-24 17:30:14","","2026-07-04 04:02:19"
"24719","NJP26068139","2026-06-24 17:20:09","","2026-08-03 18:21:48"
"24718","NJP26068388","2026-06-24 15:38:59","","2026-09-11 19:57:58"
"24717","NJP26068984","2026-06-24 15:19:10","","2026-08-17 19:19:28"
"24716","NJP26068590","2026-06-24 12:26:59","","2026-08-24 14:48:54"
"24715","ILP26068868","2026-06-24 10:52:30","","2026-07-02 01:14:10"
"24714","CAP26068378","2026-06-24 10:48:53","","2026-06-29 20:49:44"
"24713","NJP26068949","2026-06-24 10:21:16","","2026-07-31 03:15:04"
"24712","CAP26068609","2026-06-23 18:25:46","2026-07-05","2026-08-27 14:02:23"
"24711","CAP26068684","2026-06-23 12:53:01","","2026-07-04 20:34:35"
"24710","CAP26069209","2026-06-23 08:01:29","","2026-07-30 09:23:38"
"24709","TXP26068125","2026-06-22 17:51:34","","2026-06-27 02:12:14"
"24708","ILP26069085","2026-06-22 15:19:18","","2026-09-03 05:10:56"
"24707","NWP26068352","2026-06-22 14:44:50","2026-07-14","2026-09-16 02:56:14"
"24706","NWP26068320","2026-06-22 14:41:32","","2026-08-14 11:35:39"
"24705","TXP26068830","2026-06-22 12:32:20","","2026-08-21 20:25:49"
"24704","ILP26068599","2026-06-22 12:15:36","","2026-06-30 15:41:09"
"24703","CAP26068522","2026-06-22 12:15:19","","2026-08-29 05:57:03"
"24702","TXP26068319","2026-06-22 11:54:41","","2026-07-02 11:03:41"
"24701","NWP26068157","2026-06-21 18:28:07","","2026-07-31 11:37:07"
"24700","NJP26068467","2026-06-21 18:27:38","","2026-09-03 19:29:29"
"24699","CAP26068582","2026-06-21 17:52:24","","2026-08-22 04:54:26"
"24698","ILP26068664","2026-06-21 14:36:23","2026-07-03","2026-08-10 13:36:30"
"24697","NJP26068892","2026-06-21 14:12:57","","2026-07-19 13:09:32"
"24696","CAP26068122","2026-06-21 11:27:41","","2026-06-25 23:22:04"
"24695","CAP26069148","2026-06-21 10:44:04","","2026-08-23 05:14:25"
"24694","NJP26068656","2026-06-20 19:16:56","","2026-08-25 01:29:37"
"24693","NJP26068313","2026-06-20 18:45:17","2026-07-02","2026-08-07 06:54:45"
"24692","NWP26068102","2026-06-20 18:35:57","","2026-06-26 02:19:17"
"24691","ILP26068424","2026-06-20 16:55:56","",""
"24690","TXP26068740","2026-06-20 14:40:06","2026-06-22","2026-06-28 11:38:18"
"24689","CAP26069004","2026-06-20 14:29:59","","2026-06-26 17:08:56"
"24688","NWP26068816","2026-06-20 10:33:51","","2026-08-17 23:56:43"
"24687","NJP26068206","2026-06-20 10:28:16","","2026-07-03 18:45:55"
"24686","TXP26068179","2026-06-20 09:51:08","","2026-07-19 21:49:22"
"24685","NJP26068533","2026-06-20 08:43:21","","2026-06-30 01:00:50"
"24684","NWP26068432","2026-06-20 07:36:50","","2026-08-04 13:34:43"
"24683","NWP26068211","2026-06-19 19:38:34","2026-06-24","2026-07-02 16:27:54"
"24682","ILP26068201","2026-06-19 16:58:09","","2026-07-05 11:24:40"
"24681","CAP26068377","2026-06-19 16:24:32","2026-06-21","2026-06-25 23:26:11"
"24680","TXP26068998","2026-06-19 15:03:37","","2026-06-23 23:53:39"
"24679","TXP26069142","2026-06-19 12:49:02","","2026-08-22 01:02:02"
"24678","ILP26069032","2026-06-19 12:27:08","","2026-08-09 07:22:57"
"24677","ILP26068732","2026-06-19 10:20:27","","2026-08-22 04:16:38"
"24676","NWP26068633","2026-06-19 08:21:28","","2026-08-21 09:05:25"
"24675","ILP26068867","2026-06-18 18:28:50","","2026-06-22 13:05:40"
"24674","NWP26068550","2026-06-17 19:48:11","","2026-08-25 07:33:38"
"24673","CAP26068438","2026-06-17 19:11:40","","2026-09-22 23:27:31"
"24672","CAP26068873","2026-06-17 19:08:50","","2026-08-14 19:46:11"
"24671","TXP26068617","2026-06-17 18:06:46","","2026-07-06 14:36:27"
"24670","ILP26068490","2026-06-17 17:42:40","2026-07-09","2026-08-24 04:40:02"
"24669","CAP26069178","2026-06-17 16:34:56","","2026-07-29 00:50:35"
"24668","NJP26068079","2026-06-17 14:21:21","2026-06-18","2026-06-22 20:33:01"
"24667","ILP26068331","2026-06-17 13:34:21","2026-06-29","2026-07-28 16:54:00"
"24666","CAP26068828","2026-06-17 10:38:22","","2026-08-01 14:36:12"
"24665","NWP26068579","2026-06-17 10:27:56","","2026-07-28 11:26:26"
"24664","ILP26068094","2026-06-17 10:09:11","","2026-06-21 22:17:02"
"24663","NWP26068505","2026-06-17 08:59:49","","2026-06-27 07:34:23"
"24662","NWP26068889","2026-06-17 07:48:26","","2026-08-06 14:23:50"
"24661","TXP26068124","2026-06-16 18:01:19","","2026-06-21 17:09:54"
"24660","ILP26068598","2026-06-16 15:28:19","","2026-06-28 17:29:59"
"24659","TXP26068425","2026-06-16 12:55:54","","2026-06-21 12:29:30"
"24658","CAP26068231","2026-06-16 12:35:53","","2026-06-28 10:00:56"
"24657","NWP26068131","2026-06-16 12:19:57","","2026-08-04 05:19:52"
"24656","NWP26068767","2026-06-16 10:12:33","","2026-06-22 11:47:18"
"24655","NJP26068346","2026-06-16 09:51:23","","2026-08-17 10:19:12"
"24654","ILP26068362","2026-06-16 09:35:33","","2026-08-08 13:12:16"
"24653","CAP26069003","2026-06-15 16:03:40","","2026-06-19 12:59:22"
"24652","CAP26068415","2026-06-15 14:48:40","","2026-07-26 06:26:23"
"24651","CAP26068790","2026-06-15 13:54:11","","2026-08-08 01:57:32"
"24650","TXP26068891","2026-06-15 13:41:42","2026-06-22","2026-08-02 15:10:10"
"24649","TXP26068318","2026-06-15 12:32:07","","2026-06-29 09:23:52"
"24648","TXP26068807","2026-06-15 11:58:47","","2026-08-15 19:03:12"
"24647","TXP26068739","2026-06-15 11:54:09","","2026-06-25 20:00:15"
"24646","NWP26068686","2026-06-15 09:11:25","2026-07-02","2026-08-19 20:16:31"
"24645","NWP26068388","2026-06-14 18:51:46","","2026-08-28 04:26:02"
"24644","NWP26068101","2026-06-14 18:20:41","","2026-06-19 02:51:01"
"24643","NJP26068630","2026-06-14 18:14:14","2026-06-23","2026-07-23 14:44:03"
"24642","NJP26068274","2026-06-14 17:32:25","","2026-06-21 05:34:23"
"24641","CAP26068521","2026-06-14 14:56:59","","2026-07-31 07:44:06"
"24640","NWP26068859","2026-06-14 14:43:25","","2026-08-15 16:48:45"
"24639","TXP26068225","2026-06-14 12:55:33","","2026-07-26 19:14:13"
"24638","CAP26068181","2026-06-14 10:38:55","","2026-07-18 02:01:00"
"24637","CAP26068376","2026-06-14 09:34:32","2026-06-15","2026-06-21 10:42:57"
"24636","CAP26068121","2026-06-14 08:44:05","","2026-06-19 16:05:29"
"24635","CAP26069074","2026-06-13 18:32:57","","2026-09-03 05:51:26"
"24634","ILP26068278","2026-06-13 17:21:07","","2026-06-18 11:14:32"
"24633","TXP26068474","2026-06-13 14:27:02","","2026-07-29 17:22:34"
"24632","TXP26068997","2026-06-13 12:24:52","2026-06-14","2026-06-16 13:03:51"
"24631","CAP26068683","2026-06-13 09:00:13","","2026-06-21 03:04:49"
"24630","NJP26068795","2026-06-13 08:51:52","","2026-08-11 13:02:25"
"24629","ILP26068866","2026-06-12 19:43:32","","2026-06-14 13:43:05"
"24628","ILP26068233","2026-06-12 17:38:30","","2026-08-23 11:17:51"
"24627","NJP26068428","2026-06-12 14:56:46","","2026-08-13 03:43:41"
"24626","NJP26068832","2026-06-12 14:27:02","","2026-08-21 00:57:18"
"24625","TXP26069102","2026-06-12 13:16:16","2026-07-04","2026-08-23 12:48:41"
"24624","CAP26068906","2026-06-12 11:46:30","","2026-07-20 23:05:05"
"24623","TXP26068854","2026-06-12 11:16:38","","2026-08-16 11:09:32"
"24622","TXP26068360","2026-06-11 18:19:30","","2026-08-08 21:51:34"
"24621","NJP26068948","2026-06-11 17:08:10","2026-06-17","2026-07-18 00:01:54"
"24620","NJP26068589","2026-06-11 16:45:29","","2026-08-09 15:04:20"
"24619","TXP26068738","2026-06-11 14:35:26","","2026-06-21 03:34:10"
"24618","TXP26069196","2026-06-11 09:40:13","","2026-07-27 04:02:52"
"24617","NWP26068292","2026-06-11 08:22:47","","2026-06-18 11:10:26"
"24616","NJP26068678","2026-06-10 17:41:20","2026-06-30","2026-08-14 23:54:37"
"24615","TXP26069055","2026-06-10 16:20:55","","2026-07-26 14:51:56"
"24614","TXP26068776","2026-06-10 15:58:49","","2026-08-22 05:38:04"
"24613","ILP26069063","2026-06-10 13:48:48","","2026-07-21 20:28:42"
"24612","CAP26068019","2026-06-10 13:27:08","","2026-07-29 13:04:48"
"24611","ILP26068972","2026-06-10 12:29:44","2026-06-23","2026-08-02 20:55:52"
"24610","NJP26068709","2026-06-10 12:27:44","","2026-07-22 10:19:20"
"24609","NJP26068205","2026-06-10 10:36:43","","2026-06-28 08:09:15"
"24608","NWP26068504","2026-06-10 10:27:20","","2026-06-17 23:03:16"
"24607","CAP26068154","2026-06-10 09:44:19","","2026-08-03 04:19:31"
"24606","NJP26068032","2026-06-10 09:16:01","","2026-07-23 00:20:52"
"24605","NJP26068756","2026-06-10 08:15:28","","2026-06-18 00:10:56"
"24604","NWP26068793","2026-06-10 07:59:37","","2026-08-07 11:19:46"
"24603","CAP26068120","2026-06-09 18:57:26","2026-06-11","2026-06-15 15:19:54"
"24602","CAP26068743","2026-06-09 18:47:04","2026-06-19","2026-08-10 09:02:05"
"24601","TXP26068123","2026-06-09 14:28:16","","2026-06-14 00:33:56"
"24600","NWP26068410","2026-06-09 13:52:18","","2026-08-10 20:11:27"
"24599","ILP26068597","2026-06-09 11:56:11","","2026-06-20 16:06:22"
"24598","CAP26068375","2026-06-09 08:39:53","","2026-06-15 22:55:05"
"24597","CAP26068581","2026-06-09 08:15:27","","2026-08-15 08:25:21"
"24596","NJP26068387","2026-06-08 15:31:55","","2026-08-07 01:35:54"
"24595","CAP26069002","2026-06-08 15:31:35","2026-06-09","2026-06-16 10:00:06"
"24594","TXP26068533","2026-06-08 14:39:32","","2026-08-08 02:11:51"
"24593","TXP26068317","2026-06-08 11:27:19","","2026-06-18 07:22:58"
"24592","NWP26068766","2026-06-08 07:58:34","2026-06-09","2026-06-14 07:15:23"
"24591","TXP26068996","2026-06-07 18:15:49","","2026-06-14 04:41:13"
"24590","ILP26069031","2026-06-07 18:04:39","","2026-07-26 21:55:39"
"24589","ILP26068038","2026-06-07 17:24:13","","2026-07-19 11:34:37"
"24588","TXP26068424","2026-06-07 17:21:33","","2026-06-12 16:05:29"
"24587","ILP26068200","2026-06-07 17:08:31","","2026-06-26 02:40:26"
"24586","ILP26068460","2026-06-07 16:23:02","","2026-08-07 01:03:17"
"24585","ILP26068423","2026-06-07 15:31:49","","2026-08-14 09:43:49"
"24584","NJP26068466","2026-06-07 14:49:51","","2026-08-05 22:42:33"
"24583","CAP26068266","2026-06-07 14:36:48","","2026-08-11 09:46:45"
"24582","CAP26068459","2026-06-07 14:03:03","","2026-08-02 15:34:46"
"24581","ILP26068762","2026-06-07 13:24:34","","2026-07-26 23:48:15"
"24580","NWP26068248","2026-06-07 12:22:41","","2026-08-19 19:58:15"
"24579","ILP26068663","2026-06-07 10:30:35","","2026-07-19 15:01:48"
"24578","NJP26068138","2026-06-07 09:27:01","","2026-07-15 01:45:17"
"24577","CAP26069245","2026-06-06 19:28:38","","2026-08-18 06:06:10"
"24576","TXP26068018","2026-06-06 19:08:43","","2026-07-25 07:19:08"
"24575","ILP26068911","2026-06-06 18:49:58","2026-06-24","2026-08-02 07:53:02"
"24574","ILP26068688","2026-06-06 14:05:42","","2026-07-29 11:17:24"
"24573","NWP26068100","2026-06-06 12:35:27","","2026-06-11 06:19:44"
"24572","CAP26069208","2026-06-06 10:30:29","","2026-07-13 05:49:02"
"24571","ILP26068516","2026-06-06 08:41:13","","2026-07-14 02:10:56"
"24570","CAP26068682","2026-06-05 16:28:40","","2026-06-16 00:15:33"
"24569","ILP26068865","2026-06-05 15:50:53","","2026-06-10 12:14:21"
"24568","NWP26068021","2026-06-05 15:05:02","","2026-07-17 00:29:50"
"24567","TXP26068737","2026-06-05 12:01:25","2026-06-06","2026-06-10 09:15:37"
"24566","CAP26069147","2026-06-05 11:41:29","","2026-08-06 22:08:05"
"24565","NWP26068210","2026-06-05 10:56:56","","2026-06-22 04:10:52"
"24564","TXP26068583","2026-06-05 09:01:55","","2026-08-16 03:40:03"
"24563","NWP26068632","2026-06-04 19:03:26","","2026-07-31 06:27:46"
"24562","ILP26068093","2026-06-04 18:17:18","","2026-06-09 06:11:09"
"24561","NJP26068492","2026-06-04 17:11:43","","2026-08-05 18:59:53"
"24560","CAP26068520","2026-06-04 13:47:25","","2026-08-15 01:36:59"
"24559","CAP26068119","2026-06-03 17:59:27","","2026-06-08 05:04:11"
"24558","NWP26068549","2026-06-03 17:56:59","","2026-08-10 23:34:41"
"24557","CAP26068789","2026-06-03 16:34:42","","2026-07-07 11:50:45"
"24556","NWP26068685","2026-06-03 16:25:56","","2026-08-04 16:46:27"
"24555","NJP26068532","2026-06-03 15:04:30","","2026-06-11 05:40:41"
"24554","CAP26068374","2026-06-03 14:02:54","","2026-06-09 21:44:30"
"24553","ILP26068936","2026-06-03 10:35:25","2026-06-19","2026-08-12 06:13:07"
"24552","TXP26068122","2026-06-03 08:58:42","","2026-06-08 19:38:38"
"24551","TXP26068560","2026-06-02 17:30:46","","2026-07-21 19:23:59"
"24550","ILP26068330","2026-06-02 17:17:15","","2026-07-25 16:56:57"
"24549","NJP26068947","2026-06-02 15:03:32","2026-06-12","2026-07-13 17:36:19"
"24548","NJP26068856","2026-06-02 14:54:05","2026-06-14","2026-07-29 07:11:52"
"24547","CAP26069001","2026-06-02 12:32:32","","2026-06-07 02:07:33"
"24546","TXP26068995","2026-06-02 11:05:47","","2026-06-05 02:42:15"
"24545","ILP26068596","2026-06-02 09:39:05","","2026-06-11 06:19:57"
"24544","ILP26068131","2026-06-02 09:29:26","","2026-07-18 04:45:19"
"24543","TXP26068178","2026-06-02 08:39:15","","2026-07-10 13:43:26"
"24542","CAP26069073","2026-06-01 18:45:31","","2026-07-15 23:19:00"
"24541","NWP26068916","2026-06-01 18:35:16","2026-06-17","2026-07-13 09:32:58"
"24540","NJP26068204","2026-06-01 16:10:28","","2026-06-12 15:00:05"
"24539","NJP26068104","2026-06-01 14:23:34","","2026-07-10 21:51:17"
"24538","CAP26068872","2026-06-01 13:51:49","","2026-07-30 18:12:28"
"24537","NJP26068588","2026-06-01 13:49:25","","2026-08-19 19:57:57"
"24536","NWP26068503","2026-06-01 13:16:01","","2026-06-08 19:40:52"
"24535","ILP26068731","2026-06-01 13:12:42","","2026-07-29 13:07:39"
"24534","TXP26069101","2026-06-01 12:29:02","","2026-08-03 11:17:20"
"24533","NWP26068858","2026-06-01 11:01:16","","2026-08-04 22:39:42"
"24532","TXP26068316","2026-06-01 10:15:20","","2026-06-14 15:18:23"
"24531","TXP26068224","2026-06-01 09:31:05","","2026-07-17 02:16:27"
"24530","TXP26058736","2026-05-31 18:46:52","","2026-06-06 10:50:39"
"24529","NJP26058891","2026-05-31 17:25:42","","2026-07-21 17:43:12"
"24528","CAP26058827","2026-05-31 17:03:52","","2026-08-06 18:08:52"
"24527","NJP26058312","2026-05-31 15:15:51","","2026-07-14 14:52:48"
"24526","CAP26058230","2026-05-31 11:25:38","","2026-06-18 00:19:58"
"24525","ILP26058864","2026-05-31 10:39:22","","2026-06-05 19:50:47"
"24524","NJP26058078","2026-05-30 16:59:08","","2026-06-04 14:11:33"
"24523","NJP26058273","2026-05-30 16:39:56","","2026-06-04 22:44:51"
"24522","CAP26058580","2026-05-30 10:55:54","2026-06-14","2026-08-10 02:47:04"
"24521","NJP26058983","2026-05-30 10:54:14","","2026-08-17 10:34:20"
"24520","NWP26058351","2026-05-29 18:25:58","","2026-07-30 07:46:49"
"24519","TXP26058806","2026-05-29 16:31:51","","2026-07-28 20:25:47"
"24518","CAP26058681","2026-05-29 15:21:31","","2026-06-09 21:48:59"
"24517","NWP26058291","2026-05-29 14:50:14","","2026-06-03 12:20:04"
"24516","ILP26058277","2026-05-29 14:42:15","","2026-06-06 18:23:49"
"24515","TXP26058121","2026-05-29 12:59:13","","2026-06-02 15:25:30"
"24514","TXP26058473","2026-05-29 12:28:29","","2026-07-13 06:47:36"
"24513","NJP26058655","2026-05-29 10:07:31","","2026-07-21 05:55:37"
"24512","CAP26059177","2026-05-29 08:58:15","","2026-07-14 20:49:17"
"24511","TXP26058616","2026-05-29 07:29:33","","2026-07-15 19:48:56"
"24510","TXP26059141","2026-05-28 19:22:06","","2026-07-23 03:32:02"
"24509","NWP26058099","2026-05-28 17:52:06","","2026-06-01 20:40:03"
"24508","ILP26058422","2026-05-28 17:48:59","2026-06-09","2026-07-02 07:57:15"
"24507","CAP26058180","2026-05-28 17:05:21","","2026-07-16 10:04:11"
"24506","CAP26058373","2026-05-28 16:57:16","","2026-05-30 18:20:34"
"24505","CAP26058118","2026-05-28 13:45:05","","2026-06-02 09:29:39"
"24504","CAP26058519","2026-05-28 13:20:58","","2026-07-12 19:12:51"
"24503","ILP26058595","2026-05-27 18:03:17","","2026-06-05 08:18:17"
"24502","TXP26058994","2026-05-27 15:58:03","","2026-06-01 17:20:59"
"24501","NJP26058629","2026-05-27 15:57:08","","2026-07-24 17:16:31"
"24500","CAP26058742","2026-05-27 13:52:28","","2026-08-08 03:00:40"
"24499","CAP26059000","2026-05-27 11:40:20","","2026-06-02 04:06:04"
"24498","ILP26058971","2026-05-26 18:49:31","","2026-07-19 17:52:02"
"24497","NWP26058502","2026-05-26 16:35:56","","2026-06-03 15:59:06"
"24496","TXP26058890","2026-05-26 15:22:25","","2026-07-12 12:34:16"
"24495","ILP26058863","2026-05-26 15:17:18","","2026-05-27 15:56:18"
"24494","ILP26059030","2026-05-26 13:35:19","","2026-06-19 16:15:22"
"24493","ILP26058489","2026-05-26 12:35:59","","2026-07-23 06:50:34"
"24492","NWP26058209","2026-05-26 10:44:35","","2026-06-08 05:18:31"
"24491","NJP26058794","2026-05-25 14:57:18","","2026-07-16 01:38:39"
"24490","TXP26058423","2026-05-25 14:18:26","","2026-05-31 15:09:09"
"24489","NWP26058387","2026-05-25 14:06:39","2026-06-07","2026-07-28 12:32:44"
"24488","CAP26059146","2026-05-25 13:41:58","","2026-08-04 16:04:03"
"24487","ILP26058199","2026-05-25 13:22:50","","2026-06-10 02:03:07"
"24486","TXP26058735","2026-05-25 10:11:17","","2026-06-07 08:53:12"
"24485","TXP26058498","2026-05-25 10:09:26","","2026-08-05 22:13:24"
"24484","NJP26058755","2026-05-25 08:52:32","2026-05-26","2026-05-28 17:31:25"
"24483","NWP26058765","2026-05-24 14:59:49","","2026-05-29 13:34:29"
"24482","TXP26058120","2026-05-24 14:55:57","","2026-05-29 05:08:49"
"24481","TXP26058315","2026-05-24 12:41:28","","2026-06-07 03:52:03"
"24480","NJP26058345","2026-05-24 10:30:30","","2026-07-30 16:22:14"
"24479","NJP26058465","2026-05-23 17:21:36","2026-06-18","2026-07-29 04:52:05"
"24478","TXP26058359","2026-05-23 16:44:34","","2026-08-07 17:48:17"
"24477","NJP26058386","2026-05-23 13:47:25","","2026-06-16 04:01:27"
"24476","TXP26059054","2026-05-23 13:32:00","","2026-07-18 10:11:51"
"24475","NJP26058427","2026-05-23 13:23:55","","2026-07-05 17:30:25"
"24474","NWP26058815","2026-05-23 12:09:02","","2026-08-04 22:33:00"
"24473","NJP26058031","2026-05-23 11:27:01","","2026-07-18 16:14:50"
"24472","NJP26058232","2026-05-23 11:26:16","","2026-08-02 12:04:18"
"24471","TXP26058829","2026-05-23 10:24:56","","2026-08-06 06:51:17"
"24470","NWP26058098","2026-05-22 19:53:46","","2026-05-27 15:05:13"
"24469","NJP26058587","2026-05-22 19:45:54","","2026-07-31 11:47:49"
"24468","NJP26058946","2026-05-22 19:22:07","","2026-06-12 14:26:35"
"24467","CAP26058999","2026-05-22 15:04:33","","2026-05-26 23:42:09"
"24466","NWP26058631","2026-05-22 13:19:06","","2026-08-07 11:56:40"
"24465","NWP26058156","2026-05-22 11:41:48","","2026-07-11 03:11:23"
"24464","CAP26058372","2026-05-22 11:32:28","","2026-05-28 23:17:26"
"24463","NWP26058578","2026-05-21 19:09:35","","2026-07-14 09:01:55"
"24462","NJP26058203","2026-05-21 15:11:17","","2026-05-30 10:46:54"
"24461","NJP26058831","2026-05-21 14:56:17","2026-06-12","2026-08-08 20:54:56"
"24460","CAP26058905","2026-05-21 11:38:55","2026-06-08","2026-07-08 08:21:47"
"24459","CAP26058117","2026-05-21 09:52:17","","2026-05-27 16:34:00"
"24458","CAP26058788","2026-05-21 08:27:40","","2026-07-17 02:28:08"
"24457","TXP26058223","2026-05-21 07:33:34","","2026-06-28 03:51:15"
"24456","CAP26058265","2026-05-20 19:43:07","","2026-08-02 12:16:27"
"24455","ILP26058594","2026-05-20 18:34:05","","2026-06-01 17:02:48"
"24454","ILP26058361","2026-05-20 18:07:00","","2026-06-21 13:15:01"
"24453","CAP26058414","2026-05-20 15:34:57","","2026-07-20 16:45:39"
"24452","ILP26058862","2026-05-20 15:21:56","","2026-05-25 00:19:01"
"24451","CAP26058229","2026-05-20 13:47:50","","2026-06-04 14:57:14"
"24450","TXP26058993","2026-05-20 11:42:03","","2026-05-23 14:13:03"
"24449","NWP26058888","2026-05-20 09:17:34","","2026-07-09 22:13:10"
"24448","TXP26058734","2026-05-20 08:20:15","","2026-05-28 04:32:12"
"24447","ILP26058037","2026-05-20 07:34:43","","2026-07-14 12:34:25"
"24446","NJP26058137","2026-05-19 18:24:12","","2026-06-22 18:48:28"
"24445","TXP26058119","2026-05-19 17:35:32","","2026-05-24 21:44:52"
"24444","CAP26059100","2026-05-19 17:20:45","2026-06-07","2026-08-01 03:16:43"
"24443","NWP26058711","2026-05-19 14:03:49","","2026-06-30 20:27:09"
"24442","NWP26058548","2026-05-19 13:11:43","","2026-07-27 07:11:48"
"24441","TXP26058532","2026-05-19 13:09:44","","2026-08-02 04:46:28"
"24440","ILP26058157","2026-05-19 13:06:12","","2026-07-04 15:10:47"
"24439","ILP26058092","2026-05-19 12:08:40","","2026-05-23 09:48:21"
"24438","NWP26058684","2026-05-19 10:29:43","","2026-07-28 04:16:38"
"24437","ILP26059084","2026-05-19 08:56:22","2026-05-27","2026-07-15 21:35:48"
"24436","CAP26058680","2026-05-19 08:32:14","","2026-05-25 16:56:19"
"24435","CAP26059072","2026-05-18 18:44:16","","2026-06-25 06:15:05"
"24434","NWP26058247","2026-05-18 18:06:31","2026-05-28","2026-08-07 06:20:32"
"24433","ILP26058730","2026-05-18 14:45:34","","2026-07-28 03:48:27"
"24432","NWP26058857","2026-05-18 12:02:01","","2026-07-05 06:02:16"
"24431","CAP26059244","2026-05-18 10:14:51","","2026-07-22 17:15:30"
"24430","CAP26058608","2026-05-18 09:46:12","","2026-07-21 10:59:16"
"24429","ILP26058329","2026-05-18 08:40:34","","2026-07-04 16:52:29"
"24428","NJP26058272","2026-05-17 17:04:47","","2026-05-25 02:39:43"
"24427","NWP26058319","2026-05-17 14:48:45","","2026-06-28 19:01:48"
"24426","NWP26058130","2026-05-17 14:48:25","","2026-06-20 01:48:43"
"24425","NJP26058708","2026-05-17 14:41:13","","2026-07-07 02:48:49"
"24424","CAP26058998","2026-05-17 14:13:44","","2026-05-20 16:25:21"
"24423","ILP26059029","2026-05-17 13:36:44","","2026-07-10 18:29:36"
"24422","TXP26059195","2026-05-17 13:11:32","","2026-07-10 15:22:15"
"24421","ILP26059062","2026-05-17 12:46:22","","2026-06-24 04:58:55"
"24420","NWP26058431","2026-05-17 12:30:39","","2026-07-16 18:07:23"
"24419","ILP26058631","2026-05-17 11:35:55","","2026-07-28 04:55:01"
"24418","CAP26059207","2026-05-17 09:22:08","","2026-07-06 12:32:09"
"24417","NJP26058531","2026-05-17 09:06:44","","2026-05-24 23:46:18"
"24416","TXP26058314","2026-05-16 16:56:40","2026-05-18","2026-05-29 09:56:25"
"24415","NWP26058764","2026-05-16 15:31:03","","2026-05-23 11:27:57"
"24414","TXP26059100","2026-05-16 13:02:28","","2026-07-19 11:21:09"
"24413","CAP26058371","2026-05-16 11:49:30","2026-05-17","2026-05-22 10:49:49"
"24412","TXP26058733","2026-05-16 08:44:30","","2026-05-27 05:30:14"
"24411","TXP26058472","2026-05-16 08:15:57","","2026-06-23 14:23:49"
"24410","NWP26058097","2026-05-15 19:43:48","","2026-05-21 00:29:51"
"24409","NJP26058077","2026-05-15 18:15:51","","2026-05-20 09:49:42"
"24408","TXP26058177","2026-05-15 16:30:46","","2026-07-05 21:58:16"
"24407","TXP26059164","2026-05-15 14:56:01","2026-05-21","2026-07-04 22:22:41"
"24406","CAP26058579","2026-05-15 14:53:29","","2026-07-07 07:45:51"
"24405","ILP26058232","2026-05-15 14:44:41","","2026-07-22 12:40:58"
"24404","NJP26058890","2026-05-15 14:18:08","","2026-06-30 22:30:44"
"24403","CAP26058116","2026-05-15 14:09:47","","2026-05-20 05:24:40"
"24402","NWP26058501","2026-05-15 14:05:53","","2026-05-23 19:23:27"
"24401","CAP26058518","2026-05-15 14:03:08","","2026-07-04 20:45:07"
"24400","ILP26058761","2026-05-15 11:19:35","","2026-06-28 14:55:57"
"24399","ILP26058421","2026-05-15 10:03:16","","2026-07-28 23:45:26"
"24398","CAP26059145","2026-05-15 09:56:52","","2026-07-15 21:48:45"
"24397","TXP26058118","2026-05-15 09:38:16","","2026-05-17 22:10:28"
"24396","TXP26058422","2026-05-15 09:36:11","","2026-05-22 00:50:25"
"24395","ILP26058593","2026-05-14 11:58:22","","2026-05-20 10:17:17"
"24394","ILP26058662","2026-05-14 11:23:40","","2026-06-08 23:53:29"
"24393","CAP26058741","2026-05-14 09:51:24","","2026-07-20 16:28:16"
"24392","NJP26058311","2026-05-13 19:33:06","","2026-06-30 12:12:46"
"24391","NJP26058677","2026-05-13 18:34:26","","2026-07-05 20:34:17"
"24390","TXP26058559","2026-05-13 14:12:04","","2026-07-13 15:26:13"
"24389","ILP26058687","2026-05-13 11:36:06","","2026-08-03 07:10:00"
"24388","NJP26058754","2026-05-13 11:07:03","","2026-05-18 11:20:22"
"24387","ILP26058910","2026-05-13 10:21:58","","2026-07-20 07:40:13"
"24386","ILP26058861","2026-05-13 10:20:38","","2026-05-19 01:05:44"
"24385","ILP26058130","2026-05-13 10:13:51","","2026-07-02 15:17:35"
"24384","CAP26058679","2026-05-13 08:00:11","","2026-05-26 02:09:29"
"24383","CAP26058871","2026-05-12 18:58:22","","2026-07-14 23:24:31"
"24382","TXP26058853","2026-05-12 16:48:46","","2026-07-11 07:34:08"
"24381","CAP26058826","2026-05-12 14:12:27","","2026-07-13 02:23:41"
"24380","NJP26058945","2026-05-12 11:52:15","","2026-06-25 00:45:46"
"24379","CAP26058437","2026-05-12 10:47:46","","2026-06-29 00:39:12"
"24378","TXP26058805","2026-05-12 10:25:26","","2026-06-27 14:24:05"
"24377","TXP26058732","2026-05-12 09:10:59","2026-05-14","2026-05-21 20:32:27"
"24376","TXP26058992","2026-05-12 09:03:38","","2026-05-17 10:36:31"
"24375","ILP26058459","2026-05-11 18:10:23","","2026-06-29 15:49:54"
"24374","CAP26058370","2026-05-11 16:34:57","","2026-05-17 11:01:09"
"24373","ILP26058276","2026-05-11 14:39:56","","2026-05-18 19:44:21"
"24372","NWP26058208","2026-05-11 13:56:30","2026-05-13","2026-05-25 18:44:42"
"24371","NWP26058792","2026-05-11 11:15:36","2026-05-19","2026-06-27 23:04:09"
"24370","NWP26058630","2026-05-11 08:17:20","","2026-07-08 06:51:43"
"24369","TXP26058889","2026-05-11 07:51:30","","2026-06-23 06:39:11"
"24368","TXP26058615","2026-05-10 19:44:29","","2026-08-06 05:31:17"
"24367","CAP26058997","2026-05-10 18:49:34","","2026-05-17 05:26:01"
"24366","TXP26058017","2026-05-10 18:04:09","","2026-07-04 03:51:25"
"24365","NWP26058290","2026-05-10 17:06:28","","2026-05-15 02:56:46"
"24364","TXP26058313","2026-05-10 15:36:08","","2026-05-23 23:14:08"
"24363","NJP26058628","2026-05-10 11:28:01","","2026-07-05 05:25:45"
"24362","NJP26058586","2026-05-10 10:47:37","","2026-07-17 02:47:33"
"24361","CAP26058228","2026-05-10 08:30:47","","2026-05-23 01:35:40"
"24360","NJP26058202","2026-05-09 19:18:50","","2026-05-23 04:35:15"
"24359","ILP26058592","2026-05-09 16:03:39","","2026-05-18 13:29:23"
"24358","TXP26058222","2026-05-09 15:37:11","","2026-06-24 05:08:26"
"24357","CAP26058115","2026-05-09 08:06:47","","2026-05-14 09:23:19"
"24356","TXP26058117","2026-05-09 07:31:22","","2026-05-14 03:06:20"
"24355","ILP26058420","2026-05-08 17:57:58","","2026-07-06 01:49:59"
"24354","NWP26058020","2026-05-08 17:23:42","","2026-06-18 00:20:21"
"24353","NWP26058096","2026-05-08 16:28:34","","2026-05-14 10:53:54"
"24352","NWP26058386","2026-05-08 14:16:31","2026-05-24","2026-07-07 02:13:52"
"24351","ILP26059028","2026-05-08 09:31:20","","2026-06-24 16:27:25"
"24350","TXP26058991","2026-05-07 14:43:39","","2026-05-11 13:36:07"
"24349","ILP26058091","2026-05-07 13:14:38","","2026-05-12 05:39:39"
"24348","TXP26059140","2026-05-07 08:53:24","","2026-06-20 15:39:50"
"24347","CAP26058787","2026-05-07 08:39:04","","2026-06-17 20:35:24"
"24346","ILP26058328","2026-05-07 08:18:39","","2026-06-18 17:24:38"
"24345","CAP26058740","2026-05-06 19:23:58","2026-05-22","2026-07-13 14:58:42"
"24344","TXP26058358","2026-05-06 18:17:08","","2026-07-06 20:07:00"
"24343","ILP26058860","2026-05-06 18:00:51","","2026-05-11 21:22:52"
"24342","CAP26059176","2026-05-06 17:22:14","","2026-06-21 04:49:25"
"24341","NWP26058500","2026-05-06 16:42:19","","2026-05-19 02:00:56"
"24340","ILP26058198","2026-05-06 15:42:15","","2026-05-22 19:30:42"
"24339","NWP26058763","2026-05-06 14:21:42","","2026-05-10 22:10:47"
"24338","ILP26058036","2026-05-06 14:00:11","","2026-07-08 03:26:16"
"24337","CAP26058179","2026-05-06 12:59:29","2026-05-10","2026-06-12 19:26:43"
"24336","NWP26058856","2026-05-06 11:56:04","","2026-06-28 07:18:43"
"24335","CAP26058458","2026-05-06 11:27:50","","2026-06-18 08:40:54"
"24334","CAP26059071","2026-05-06 11:15:13","","2026-06-18 08:55:00"
"24333","TXP26058421","2026-05-06 11:08:41","","2026-05-11 18:05:55"
"24332","NJP26058830","2026-05-06 10:33:28","","2026-07-29 08:26:35"
"24331","NJP26058793","2026-05-05 19:14:04","","2026-06-19 12:31:25"
"24330","NJP26058464","2026-05-05 18:24:36","","2026-07-28 23:33:07"
"24329","NWP26058547","2026-05-05 16:59:05","","2026-07-18 01:25:34"
"24328","TXP26059053","2026-05-05 15:40:24","","2026-06-17 07:37:07"
"24327","NJP26058076","2026-05-05 14:30:20","","2026-05-11 05:56:01"
"24326","NJP26058385","2026-05-05 13:01:56","2026-05-20","2026-06-14 14:56:27"
"24325","TXP26059099","2026-05-05 09:38:15","","2026-06-30 02:22:56"
"24324","NJP26058344","2026-05-05 09:37:03","","2026-07-08 14:59:28"
"24323","TXP26058731","2026-05-05 07:52:48","","2026-05-10 19:21:31"
"24322","NWP26058350","2026-05-04 18:44:24","","2026-07-10 05:46:29"
"24321","TXP26058116","2026-05-04 17:31:47","2026-05-06","2026-05-09 14:28:14"
"24320","TXP26058582","2026-05-04 17:05:11","","2026-07-28 12:29:19"
"24319","CAP26058369","2026-05-04 15:38:27","","2026-05-11 16:01:26"
"24318","NJP26058426","2026-05-04 13:04:30","","2026-07-05 00:56:21"
"24317","ILP26058515","2026-05-04 10:14:02","","2026-06-24 07:48:49"
"24316","ILP26058970","2026-05-04 09:18:44","2026-05-13","2026-07-04 21:59:43"
"24315","TXP26058312","2026-05-04 08:50:22","","2026-05-16 16:59:37"
"24314","CAP26058678","2026-05-03 16:12:34","","2026-05-14 09:42:29"
"24313","CAP26058018","2026-05-03 15:30:21","","2026-06-17 12:49:51"
"24312","CAP26058517","2026-05-03 13:43:43","","2026-07-11 11:39:58"
"24311","TXP26058471","2026-05-03 12:42:41","","2026-06-26 23:48:30"
"24310","NJP26058530","2026-05-03 09:44:42","","2026-05-13 08:05:04"
"24309","CAP26058114","2026-05-03 08:57:49","","2026-05-07 20:36:15"
"24308","CAP26058578","2026-05-02 19:31:26","","2026-07-21 02:19:07"
"24307","CAP26058904","2026-05-02 17:32:45","2026-05-14","2026-06-21 16:51:19"
"24306","NWP26058095","2026-05-02 14:35:47","","2026-05-08 18:57:11"
"24305","NWP26058409","2026-05-02 12:31:53","","2026-07-11 00:30:02"
"24304","TXP26058775","2026-05-02 12:26:54","","2026-07-17 18:51:59"
"24303","CAP26058996","2026-05-02 11:13:05","","2026-05-06 22:31:09"
"24302","NJP26058136","2026-05-01 18:02:27","2026-05-07","2026-06-13 20:36:14"
"24301","ILP26058859","2026-05-01 15:17:14","","2026-05-05 05:36:55"
"24300","NWP26058683","2026-05-01 14:45:40","","2026-07-08 14:13:30"
"24299","TXP26058730","2026-05-01 13:49:39","","2026-05-09 23:34:41"
"24298","NJP26058982","2026-05-01 12:03:49","","2026-07-18 17:06:08"
"24297","CAP26059144","2026-05-01 11:00:34","","2026-06-30 08:20:10"
"24296","ILP26058591","2026-05-01 10:54:12","","2026-05-11 06:46:20"
"24295","NWP26058915","2026-05-01 10:25:44","","2026-06-10 13:44:19"
"24294","TXP26058990","2026-05-01 09:36:29","","2026-05-05 10:03:45"
"24293","NJP26048944","2026-04-30 18:35:01","","2026-06-09 01:33:55"
"24292","TXP26048176","2026-04-30 18:30:46","","2026-05-10 13:00:13"
"24291","ILP26048729","2026-04-30 18:20:27","","2026-06-30 13:23:00"
"24290","NJP26048753","2026-04-30 17:13:50","","2026-05-03 08:24:34"
"24289","NWP26048246","2026-04-30 13:02:12","","2026-07-06 22:28:04"
"24288","NJP26048271","2026-04-30 11:07:04","","2026-05-04 21:55:35"
"24287","TXP26048888","2026-04-29 19:32:18","","2026-06-21 04:48:04"
"24286","ILP26048935","2026-04-29 18:28:31","","2026-07-04 06:37:15"
"24285","NWP26048629","2026-04-29 16:36:23","","2026-06-22 17:12:26"
"24284","CAP26048368","2026-04-29 16:24:25","","2026-05-04 14:17:14"
"24283","NJP26048030","2026-04-29 14:08:20","","2026-06-15 17:26:33"
"24282","CAP26049206","2026-04-29 13:19:17","","2026-06-20 09:42:56"
"24281","NJP26048855","2026-04-29 12:17:01","","2026-07-12 09:18:10"
"24280","NJP26048889","2026-04-29 12:13:50","","2026-07-02 10:35:40"
"24279","NJP26048585","2026-04-29 09:02:20","","2026-06-20 11:03:38"
"24278","NWP26048499","2026-04-28 19:16:33","","2026-05-09 02:49:32"
"24277","NJP26048707","2026-04-28 17:34:10","","2026-06-13 04:13:38"
"24276","ILP26048419","2026-04-28 15:24:37","","2026-06-13 15:32:57"
"24275","CAP26048264","2026-04-28 15:18:34","","2026-06-18 05:20:15"
"24274","CAP26048153","2026-04-28 15:02:13","","2026-06-08 07:45:13"
"24273","CAP26048113","2026-04-28 13:55:54","","2026-05-03 22:03:22"
"24272","TXP26048221","2026-04-28 12:51:53","","2026-06-13 08:29:56"
"24271","TXP26048420","2026-04-28 12:42:19","","2026-05-01 15:42:25"
"24270","NJP26048201","2026-04-28 09:37:48","2026-04-30","2026-05-13 20:49:11"
"24269","ILP26048760","2026-04-28 07:35:05","","2026-06-11 12:35:51"
"24268","TXP26048531","2026-04-27 18:42:51","","2026-07-01 23:18:06"
"24267","CAP26048825","2026-04-27 17:25:32","","2026-06-29 08:42:34"
"24266","TXP26048311","2026-04-27 15:33:35","","2026-05-10 05:24:51"
"24265","ILP26048488","2026-04-27 14:50:15","","2026-06-20 17:20:28"
"24264","CAP26048227","2026-04-27 13:00:00","2026-05-02","2026-05-12 15:38:42"
"24263","TXP26048115","2026-04-27 12:31:51","2026-04-28","2026-05-02 09:09:08"
"24262","TXP26049194","2026-04-27 11:26:10","","2026-06-16 00:23:11"
"24261","NJP26048491","2026-04-27 11:04:58","","2026-06-25 22:42:12"
"24260","CAP26049070","2026-04-27 08:50:16","2026-05-14","2026-06-10 04:35:25"
"24259","ILP26048858","2026-04-27 08:49:49","2026-04-28","2026-05-02 17:57:43"
"24258","NJP26048627","2026-04-26 19:38:19","","2026-06-24 15:16:57"
"24257","CAP26048995","2026-04-26 17:50:25","","2026-05-01 06:41:20"
"24256","CAP26048677","2026-04-26 17:15:18","","2026-05-06 14:27:17"
"24255","TXP26048989","2026-04-26 16:37:23","","2026-05-02 14:37:30"
"24254","CAP26048739","2026-04-26 16:03:24","","2026-07-04 02:23:48"
"24253","ILP26048129","2026-04-26 14:59:36","","2026-05-25 04:29:50"
"24252","ILP26049027","2026-04-26 14:20:24","","2026-07-12 18:38:43"
"24251","NWP26048207","2026-04-26 11:03:15","","2026-05-11 06:49:22"
"24250","NJP26048654","2026-04-26 09:35:39","2026-05-22","2026-07-16 03:05:53"
"24249","CAP26048367","2026-04-25 17:24:32","","2026-04-29 18:43:06"
"24248","NWP26048577","2026-04-25 16:49:33","","2026-06-11 02:12:59"
"24247","TXP26048729","2026-04-25 11:05:52","","2026-05-04 05:36:36"
"24246","ILP26048156","2026-04-25 10:51:48","","2026-06-15 20:58:35"
"24245","NJP26048103","2026-04-25 09:38:54","","2026-05-13 19:13:16"
"24244","TXP26049052","2026-04-24 18:58:23","","2026-06-08 18:00:06"
"24243","NJP26048075","2026-04-24 18:56:10","","2026-04-29 10:17:16"
"24242","CAP26048870","2026-04-24 17:43:11","","2026-06-24 13:22:25"
"24241","ILP26048090","2026-04-24 15:39:51","","2026-04-29 18:31:33"
"24240","NWP26048318","2026-04-24 13:56:29","","2026-06-08 18:00:55"
"24239","NWP26048155","2026-04-24 12:40:11","","2026-06-14 15:52:18"
"24238","NWP26048094","2026-04-24 12:26:24","","2026-04-29 09:06:19"
"24237","CAP26048516","2026-04-24 09:49:53","2026-05-13","2026-07-06 02:17:40"
"24236","ILP26048275","2026-04-24 09:46:16","","2026-04-28 03:25:22"
"24235","NJP26048310","2026-04-23 17:29:41","","2026-06-05 13:54:31"
"24234","ILP26048590","2026-04-23 17:15:59","","2026-05-05 02:33:44"
"24233","ILP26048661","2026-04-23 16:24:29","","2026-06-08 11:42:05"
"24232","ILP26048035","2026-04-23 15:15:18","2026-05-06","2026-06-13 08:43:41"
"24231","ILP26048327","2026-04-23 11:36:17","","2026-06-10 21:45:38"
"24230","NWP26048762","2026-04-23 07:50:49","","2026-04-26 05:53:27"
"24229","NWP26048887","2026-04-22 19:29:15","","2026-06-18 22:00:06"
"24228","NWP26048710","2026-04-22 18:46:41","","2026-05-31 15:36:36"
"24227","ILP26048857","2026-04-22 15:43:42","","2026-04-26 20:57:09"
"24226","TXP26048114","2026-04-22 15:11:57","","2026-04-27 16:08:38"
"24225","ILP26048909","2026-04-22 14:14:45","","2026-06-14 17:58:19"
"24224","NWP26048289","2026-04-22 12:51:16","","2026-04-27 18:27:13"
"24223","TXP26048614","2026-04-22 11:17:53","","2026-07-12 16:04:05"
"24222","CAP26049243","2026-04-22 10:25:48","","2026-06-29 03:33:15"
"24221","NWP26048855","2026-04-22 08:36:17","","2026-06-10 15:41:39"
"24220","CAP26048413","2026-04-22 07:43:07","","2026-06-01 09:14:05"
"24219","CAP26048786","2026-04-21 18:58:43","","2026-06-21 13:58:08"
"24218","NWP26048385","2026-04-21 16:06:17","2026-05-03","2026-06-25 11:35:10"
"24217","NJP26048200","2026-04-21 14:31:10","","2026-05-04 14:02:14"
"24216","CAP26048112","2026-04-21 11:58:44","","2026-04-26 02:40:42"
"24215","NWP26048546","2026-04-21 11:18:39","","2026-06-25 16:40:53"
"24214","NWP26048628","2026-04-20 18:49:36","2026-05-07","2026-07-05 12:18:26"
"24213","TXP26048728","2026-04-20 17:45:24","2026-04-22","2026-04-26 16:17:12"
"24212","ILP26048686","2026-04-20 16:43:06","","2026-06-30 19:07:01"
"24211","CAP26049143","2026-04-20 15:46:18","","2026-06-09 23:53:50"
"24210","ILP26048630","2026-04-20 15:03:55","","2026-06-21 14:56:29"
"24209","ILP26048458","2026-04-20 14:47:01","","2026-06-16 01:41:49"
"24208","NWP26048498","2026-04-20 11:39:15","","2026-04-29 13:03:17"
"24207","TXP26048310","2026-04-20 11:06:30","","2026-04-29 12:47:11"
"24206","TXP26048804","2026-04-20 09:59:35","","2026-06-23 16:15:58"
"24205","TXP26048497","2026-04-20 09:55:38","","2026-06-06 19:20:07"
"24204","TXP26048357","2026-04-20 09:21:54","","2026-07-04 13:02:45"
"24203","CAP26049099","2026-04-19 18:30:03","","2026-07-17 20:53:11"
"24202","CAP26048994","2026-04-19 16:18:04","2026-04-21","2026-04-24 05:06:01"
"24201","NJP26048384","2026-04-19 13:58:04","","2026-06-15 22:57:51"
"24200","TXP26048988","2026-04-19 12:52:26","","2026-04-24 23:37:22"
"24199","CAP26048577","2026-04-19 07:58:38","","2026-06-21 21:58:20"
"24198","TXP26049098","2026-04-19 07:55:32","","2026-07-10 04:17:11"
"24197","NJP26048584","2026-04-18 19:06:36","","2026-06-25 22:22:23"
"24196","ILP26048231","2026-04-18 14:57:37","","2026-06-27 14:54:04"
"24195","CAP26048226","2026-04-18 14:41:04","2026-04-25","2026-05-06 07:24:33"
"24194","CAP26048366","2026-04-18 14:23:21","","2026-04-21 22:47:38"
"24193","NJP26048752","2026-04-18 11:46:05","","2026-04-23 04:28:26"
"24192","CAP26048676","2026-04-18 11:19:12","","2026-05-01 02:09:41"
"24191","ILP26048360","2026-04-18 10:03:29","","2026-06-20 17:16:43"
"24190","ILP26048197","2026-04-18 09:00:14","","2026-05-02 20:54:18"
"24189","NJP26048943","2026-04-17 17:35:31","","2026-06-01 17:04:17"
"24188","CAP26049069","2026-04-17 17:06:02","","2026-05-31 18:48:55"
"24187","NWP26048814","2026-04-17 16:46:55","","2026-06-21 02:53:09"
"24186","NJP26048829","2026-04-17 12:58:12","","2026-06-16 11:15:13"
"24185","CAP26048738","2026-04-17 12:05:47","2026-04-28","2026-06-21 15:52:09"
"24184","ILP26049061","2026-04-17 11:57:36","","2026-05-26 16:25:38"
"24183","ILP26048418","2026-04-17 11:53:34","","2026-06-22 23:23:06"
"24182","NJP26048792","2026-04-17 07:57:33","","2026-05-29 17:21:01"
"24181","NWP26048682","2026-04-17 07:56:06","","2026-06-14 15:28:12"
"24180","ILP26048589","2026-04-16 18:37:39","2026-04-19","2026-04-23 01:07:14"
"24179","TXP26048828","2026-04-16 17:25:55","","2026-07-03 22:53:41"
"24178","TXP26048558","2026-04-16 15:04:53","","2026-06-24 18:07:18"
"24177","NJP26048135","2026-04-16 13:34:42","","2026-06-04 00:34:18"
"24176","TXP26048113","2026-04-16 10:38:49","2026-04-17","2026-04-22 01:59:59"
"24175","CAP26048515","2026-04-16 08:44:23","","2026-06-07 17:39:40"
"24174","TXP26049139","2026-04-15 16:06:40","","2026-05-29 03:22:37"
"24173","TXP26048852","2026-04-15 14:52:24","","2026-06-08 02:41:00"
"24172","ILP26048856","2026-04-15 14:03:33","","2026-04-20 22:04:07"
"24171","TXP26048419","2026-04-15 11:27:12","","2026-04-21 02:55:42"
"24170","NJP26048463","2026-04-15 10:52:59","","2026-06-08 17:10:10"
"24169","TXP26048175","2026-04-15 09:28:43","","2026-05-29 12:27:51"
"24168","CAP26048111","2026-04-15 08:49:54","","2026-04-19 21:40:51"
"24167","TXP26048220","2026-04-14 18:16:19","","2026-05-20 22:03:37"
"24166","TXP26048470","2026-04-14 17:39:26","","2026-06-10 07:28:48"
"24165","NWP26048761","2026-04-14 16:43:43","","2026-04-20 06:22:48"
"24164","NWP26048914","2026-04-14 15:54:25","","2026-05-19 11:48:14"
"24163","ILP26049083","2026-04-14 12:31:51","","2026-06-06 20:16:48"
"24162","TXP26048727","2026-04-14 08:37:54","2026-04-16","2026-04-24 09:09:23"
"24161","ILP26049026","2026-04-14 08:29:50","2026-05-06","2026-07-04 14:43:05"
"24160","CAP26048824","2026-04-13 19:50:31","","2026-06-24 15:23:04"
"24159","CAP26048365","2026-04-13 18:45:11","","2026-04-17 14:43:09"
"24158","CAP26048263","2026-04-13 18:02:34","","2026-06-22 11:13:14"
"24157","NJP26048270","2026-04-13 13:38:10","","2026-04-20 15:56:20"
"24156","NJP26048529","2026-04-13 12:40:42","","2026-04-18 20:56:58"
"24155","NWP26048093","2026-04-13 11:12:02","","2026-04-17 13:32:51"
"24154","ILP26048728","2026-04-13 11:11:42","","2026-06-16 04:55:47"
"24153","NJP26048074","2026-04-13 11:06:13","","2026-04-18 07:20:13"
"24152","NJP26048706","2026-04-13 09:30:45","","2026-06-01 04:54:38"
"24151","CAP26048178","2026-04-13 08:23:16","","2026-05-31 15:42:26"
"24150","NJP26048231","2026-04-13 07:28:53","","2026-06-21 08:39:25"
"24149","ILP26048326","2026-04-12 19:18:24","","2026-06-05 05:34:41"
"24148","CAP26048993","2026-04-12 18:18:11","","2026-04-16 21:46:29"
"24147","TXP26048987","2026-04-12 17:31:21","","2026-04-15 17:43:37"
"24146","TXP26049051","2026-04-12 16:17:15","","2026-06-16 02:18:43"
"24145","NWP26048206","2026-04-12 15:43:41","","2026-04-28 15:55:50"
"24144","ILP26048089","2026-04-12 14:56:26","","2026-04-18 16:06:55"
"24143","ILP26048969","2026-04-12 13:26:54","2026-04-21","2026-06-10 05:47:22"
"24142","NJP26048199","2026-04-12 12:27:34","","2026-04-25 08:42:18"
"24141","TXP26048530","2026-04-12 10:31:07","","2026-07-04 20:59:44"
"24140","CAP26048869","2026-04-11 17:49:31","","2026-06-04 07:45:47"
"24139","ILP26048274","2026-04-11 15:28:46","","2026-04-16 02:12:51"
"24138","NWP26048497","2026-04-11 14:53:27","","2026-04-22 04:54:44"
"24137","NJP26048425","2026-04-11 13:47:09","","2026-06-15 14:58:47"
"24136","CAP26049142","2026-04-11 11:12:44","","2026-06-14 04:46:46"
"24135","TXP26048309","2026-04-11 10:28:45","","2026-04-26 10:15:50"
"24134","TXP26049193","2026-04-11 10:11:43","","2026-05-26 03:00:20"
"24133","TXP26048112","2026-04-11 09:52:34","","2026-04-16 22:24:26"
"24132","CAP26048675","2026-04-10 18:23:42","","2026-04-17 09:31:38"
"24131","TXP26048016","2026-04-10 17:00:33","2026-04-23","2026-06-01 01:44:43"
"24130","NWP26048349","2026-04-10 16:54:51","","2026-05-08 23:09:24"
"24129","NWP26048627","2026-04-10 13:56:01","","2026-06-15 01:41:57"
"24128","NWP26048430","2026-04-10 13:35:28","","2026-06-07 17:09:32"
"24127","ILP26048128","2026-04-10 11:03:31","2026-04-14","2026-05-08 06:31:19"
"24126","NJP26048343","2026-04-10 09:41:27","","2026-05-18 22:13:39"
"24125","NWP26048245","2026-04-10 09:22:35","","2026-06-23 15:50:48"
"24124","ILP26048855","2026-04-09 16:48:29","","2026-04-13 03:15:53"
"24123","CAP26048607","2026-04-09 12:57:41","","2026-05-28 19:29:52"
"24122","TXP26048887","2026-04-09 12:56:29","","2026-05-26 23:12:27"
"24121","CAP26048364","2026-04-08 19:11:01","","2026-04-15 15:14:18"
"24120","NJP26048029","2026-04-08 16:45:08","","2026-06-03 02:49:09"
"24119","TXP26048986","2026-04-08 15:24:38","2026-04-09","2026-04-12 16:50:34"
"24118","CAP26048737","2026-04-08 13:45:32","","2026-06-15 14:28:08"
"24117","CAP26048110","2026-04-08 11:10:12","","2026-04-11 16:19:26"
"24116","CAP26049068","2026-04-08 08:25:32","","2026-05-23 17:01:24"
"24115","ILP26048588","2026-04-08 07:48:21","","2026-04-20 02:54:49"
"24114","NJP26048981","2026-04-07 19:30:36","","2026-05-25 19:36:03"
"24113","CAP26049175","2026-04-07 17:36:51","","2026-05-09 11:08:24"
"24112","NWP26048019","2026-04-07 16:56:37","","2026-05-19 20:28:06"
"24111","CAP26048514","2026-04-07 16:21:46","","2026-06-17 05:36:51"
"24110","CAP26049242","2026-04-07 14:35:51","","2026-06-13 09:43:39"
"24109","CAP26048017","2026-04-07 14:35:28","","2026-06-06 10:26:17"
"24108","ILP26048934","2026-04-07 13:37:49","","2026-06-14 04:26:52"
"24107","CAP26048992","2026-04-07 11:10:29","","2026-04-11 22:52:23"
"24106","TXP26048581","2026-04-07 10:48:41","","2026-05-30 16:17:06"
"24105","TXP26048726","2026-04-07 10:25:31","","2026-04-17 15:33:57"
"24104","NWP26048791","2026-04-07 09:19:15","","2026-05-25 16:02:10"
"24103","NJP26048583","2026-04-07 07:50:50","","2026-06-10 14:53:29"
"24102","NWP26048854","2026-04-06 19:20:26","","2026-06-23 04:45:43"
"24101","NWP26048681","2026-04-06 15:17:37","","2026-06-08 07:28:30"
"24100","NJP26048888","2026-04-06 15:11:48","","2026-05-22 19:09:24"
"24099","TXP26048111","2026-04-06 10:15:27","","2026-04-11 13:55:59"
"24098","NJP26048942","2026-04-06 10:06:33","","2026-05-21 12:02:07"
"24097","TXP26049163","2026-04-06 08:35:02","","2026-06-06 13:09:09"
"24096","NWP26048092","2026-04-06 08:18:54","","2026-04-11 00:49:39"
"24095","NWP26048288","2026-04-06 08:01:46","","2026-04-12 16:37:21"
"24094","NJP26048198","2026-04-05 18:42:12","","2026-04-23 13:43:17"
"24093","CAP26048225","2026-04-05 16:33:14","","2026-04-13 17:37:38"
"24092","ILP26048034","2026-04-05 15:43:56","","2026-06-08 10:02:20"
"24091","ILP26048660","2026-04-05 15:33:33","","2026-05-21 01:27:35"
"24090","ILP26049025","2026-04-05 15:32:09","","2026-05-13 23:42:39"
"24089","NJP26048676","2026-04-05 12:41:21","","2026-06-04 04:35:33"
"24088","NWP26048576","2026-04-05 11:15:36","","2026-05-01 12:54:56"
"24087","NWP26048129","2026-04-05 10:34:56","","2026-05-25 06:51:01"
"24086","CAP26048576","2026-04-05 09:40:50","","2026-06-10 01:17:32"
"24085","ILP26048417","2026-04-05 09:25:04","","2026-05-25 11:37:31"
"24084","NJP26048626","2026-04-05 08:03:20","","2026-05-18 04:56:08"
"24083","TXP26048613","2026-04-04 16:36:24","","2026-06-22 15:46:52"
"24082","ILP26048514","2026-04-04 12:22:06","","2026-06-02 15:06:12"
"24081","CAP26048903","2026-04-04 10:27:34","","2026-05-13 20:42:40"
"24080","NJP26048751","2026-04-03 19:28:26","","2026-04-09 10:52:16"
"24079","ILP26048196","2026-04-03 18:43:48","","2026-04-22 18:36:47"
"24078","TXP26048308","2026-04-03 16:29:37","","2026-04-17 02:02:47"
"24077","CAP26048436","2026-04-03 16:08:20","","2026-05-14 00:06:42"
"24076","TXP26048418","2026-04-03 14:01:11","","2026-04-10 13:57:32"
"24075","NWP26048384","2026-04-03 12:48:24","","2026-06-10 19:15:31"
"24074","CAP26048991","2026-04-03 12:29:57","","2026-04-08 15:39:45"
"24073","TXP26048725","2026-04-03 12:26:26","","2026-04-10 10:21:15"
"24072","ILP26048727","2026-04-03 11:48:16","2026-04-25","2026-06-01 09:07:13"
"24071","NJP26048490","2026-04-03 10:05:26","","2026-05-30 00:54:27"
"24070","TXP26049097","2026-04-02 17:46:13","","2026-06-21 01:30:38"
"24069","TXP26048356","2026-04-02 17:05:31","","2026-06-10 10:29:11"
"24068","ILP26048854","2026-04-02 14:35:51","","2026-04-08 03:56:32"
"24067","NWP26048205","2026-04-02 13:05:58","","2026-04-16 20:16:51"
"24066","NWP26048496","2026-04-02 11:24:09","2026-04-05","2026-04-14 09:38:44"
"24065","CAP26048363","2026-04-02 11:23:47","2026-04-03","2026-04-06 05:33:46"
"24064","CAP26048785","2026-04-01 18:35:40","","2026-05-10 23:35:28"
"24063","ILP26048487","2026-04-01 18:11:43","","2026-05-28 02:18:37"
"24062","NJP26048309","2026-04-01 16:34:47","","2026-05-11 00:20:16"
"24061","TXP26048985","2026-04-01 12:22:20","","2026-04-05 11:03:33"
"24060","CAP26048674","2026-04-01 12:05:32","","2026-04-11 04:58:59"
"24059","NWP26048760","2026-04-01 11:35:22","","2026-04-05 05:07:31"
"24058","CAP26048109","2026-04-01 10:44:51","","2026-04-06 23:22:26"
"24057","CAP26049205","2026-04-01 09:34:21","","2026-05-16 12:00:38"
"24056","NJP26038791","2026-03-31 19:25:38","","2026-05-24 00:26:00"
"24055","ILP26038759","2026-03-31 17:57:41","","2026-05-13 11:26:53"
"24054","NWP26038545","2026-03-31 17:29:00","","2026-06-05 10:56:09"
"24053","NJP26038854","2026-03-31 17:19:23","","2026-05-13 14:29:51"
"24052","NJP26038383","2026-03-31 17:11:02","","2026-05-20 06:32:45"
"24051","NJP26038102","2026-03-31 10:55:34","","2026-05-14 20:47:58"
"24050","ILP26038908","2026-03-31 09:24:11","","2026-05-18 23:45:22"
"24049","CAP26038868","2026-03-31 08:28:03","","2026-06-07 14:26:55"
"24048","CAP26039141","2026-03-30 18:15:56","","2026-05-08 21:33:37"
"24047","NWP26038626","2026-03-30 17:00:59","","2026-05-09 17:30:55"
"24046","NWP26038886","2026-03-30 14:41:31","","2026-05-21 11:52:00"
"24045","CAP26038152","2026-03-30 13:05:28","","2026-05-18 09:30:24"
"24044","NJP26038073","2026-03-30 12:31:12","","2026-04-04 17:23:32"
"24043","TXP26038110","2026-03-30 12:01:46","","2026-04-06 21:25:01"
"24042","ILP26038088","2026-03-30 08:56:35","","2026-04-03 02:59:18"
"24041","CAP26038513","2026-03-30 07:50:10","","2026-06-18 09:52:39"
"24040","NWP26038154","2026-03-30 07:33:19","","2026-05-04 21:30:25"
"24039","TXP26038307","2026-03-29 19:15:20","","2026-04-12 12:01:12"
"24038","ILP26038587","2026-03-29 18:44:50","","2026-04-09 16:20:31"
"24037","CAP26038990","2026-03-28 16:27:38","","2026-03-30 14:47:42"
"24036","NWP26038091","2026-03-28 15:40:31","","2026-04-02 19:08:16"
"24035","TXP26038469","2026-03-28 14:31:51","","2026-05-24 05:33:54"
"24034","CAP26038457","2026-03-28 12:53:32","","2026-06-11 06:18:49"
"24033","TXP26038174","2026-03-28 11:30:12","","2026-05-29 20:44:25"
"24032","NJP26038462","2026-03-28 11:08:53","","2026-06-07 17:11:55"
"24031","TXP26038724","2026-03-28 09:04:54","","2026-04-09 14:20:23"
"24030","TXP26038219","2026-03-27 19:06:23","","2026-05-09 04:08:46"
"24029","NJP26038197","2026-03-27 18:56:16","","2026-04-06 03:42:49"
"24028","TXP26038886","2026-03-27 18:05:41","","2026-05-15 08:47:36"
"24027","NWP26038408","2026-03-27 17:37:42","","2026-05-30 06:48:25"
"24026","NWP26038317","2026-03-27 16:08:02","2026-04-06","2026-05-17 03:42:12"
"24025","TXP26039050","2026-03-27 15:10:51","","2026-05-22 14:29:30"
"24024","ILP26038325","2026-03-27 14:38:35","","2026-05-16 23:26:20"
"24023","TXP26039138","2026-03-27 12:32:58","","2026-05-16 04:03:08"
"24022","CAP26038575","2026-03-27 11:43:35","2026-04-14","2026-05-28 23:36:32"
"24021","NJP26038424","2026-03-27 11:36:15","","2026-05-17 02:59:34"
"24020","NJP26038269","2026-03-27 11:25:00","","2026-04-04 08:11:34"
"24019","CAP26038362","2026-03-27 10:12:14","","2026-04-02 04:58:51"
"24018","CAP26038108","2026-03-27 09:55:43","","2026-03-31 19:36:11"
"24017","ILP26038457","2026-03-27 09:09:12","2026-04-10","2026-05-23 06:50:46"
"24016","TXP26038984","2026-03-27 08:40:04","2026-03-27","2026-03-29 04:34:53"
"24015","ILP26038230","2026-03-27 08:29:28","2026-04-02","2026-05-16 00:31:10"
"24014","TXP26038774","2026-03-26 18:54:27","","2026-05-26 10:00:40"
"24013","NJP26038582","2026-03-26 18:43:00","","2026-05-22 09:52:06"
"24012","ILP26038155","2026-03-26 16:12:12","2026-04-06","2026-05-08 22:32:19"
"24011","ILP26038853","2026-03-26 13:56:48","","2026-03-31 18:45:17"
"24010","CAP26038736","2026-03-26 13:22:56","","2026-05-31 02:22:43"
"24009","ILP26038416","2026-03-26 11:42:34","","2026-06-04 19:50:58"
"24008","CAP26038224","2026-03-26 10:22:26","","2026-04-06 20:08:53"
"24007","ILP26039024","2026-03-26 08:58:48","","2026-04-18 05:49:31"
"24006","TXP26039192","2026-03-26 07:39:51","","2026-05-14 23:10:26"
"24005","CAP26039067","2026-03-25 16:34:05","","2026-05-10 19:37:27"
"24004","NWP26038348","2026-03-25 16:10:01","","2026-05-13 01:55:44"
"24003","NWP26038204","2026-03-25 15:59:27","","2026-04-16 00:21:33"
"24002","ILP26038127","2026-03-25 14:07:20","","2026-04-20 02:43:57"
"24001","ILP26039060","2026-03-25 14:06:34","","2026-05-08 05:07:58"
"24000","NJP26038750","2026-03-24 18:38:01","","2026-03-28 18:55:16"
"23999","TXP26038529","2026-03-24 16:19:54","","2026-05-11 05:36:44"
"23998","CAP26038673","2026-03-24 16:04:43","2026-03-27","2026-04-05 22:06:58"
"23997","NWP26038495","2026-03-24 14:54:46","","2026-04-02 19:06:36"
"23996","TXP26038803","2026-03-24 13:16:10","","2026-05-24 15:25:55"
"23995","TXP26038109","2026-03-24 12:36:56","","2026-03-29 23:40:34"
"23994","ILP26038273","2026-03-24 11:26:18","","2026-03-29 13:06:49"
"23993","NJP26038528","2026-03-24 09:43:18","","2026-04-05 04:40:58"
"23992","NJP26038828","2026-03-24 07:57:30","","2026-05-29 14:55:17"
"23991","NWP26038913","2026-03-23 19:42:09","","2026-06-01 16:58:28"
"23990","NJP26038941","2026-03-23 19:10:16","","2026-04-28 20:53:03"
"23989","NJP26038134","2026-03-23 19:00:14","","2026-04-20 23:03:03"
"23988","TXP26038723","2026-03-23 17:08:16","","2026-04-04 00:20:34"
"23987","ILP26038629","2026-03-22 18:59:17","","2026-05-30 14:00:15"
"23986","CAP26039241","2026-03-22 18:17:46","2026-04-17","2026-05-30 23:22:19"
"23985","ILP26038968","2026-03-22 17:26:55","","2026-05-24 08:07:08"
"23984","CAP26038107","2026-03-22 15:18:54","","2026-03-27 15:03:38"
"23983","TXP26038417","2026-03-22 14:32:12","","2026-03-26 08:07:17"
"23982","NJP26038028","2026-03-22 13:03:09","2026-04-02","2026-05-18 23:25:03"
"23981","CAP26038361","2026-03-22 12:12:13","","2026-03-28 09:53:39"
"23980","CAP26038262","2026-03-22 10:50:26","","2026-06-15 14:32:58"
"23979","TXP26038983","2026-03-22 07:44:09","","2026-03-27 15:16:11"
"23978","NWP26038090","2026-03-21 19:07:05","","2026-03-26 09:02:44"
"23977","NWP26038853","2026-03-21 17:09:50","","2026-05-20 03:50:47"
"23976","TXP26038306","2026-03-21 16:26:20","","2026-03-31 02:19:21"
"23975","NWP26038680","2026-03-21 15:31:02","","2026-05-23 14:43:28"
"23974","CAP26038823","2026-03-21 14:10:09","","2026-05-20 10:25:22"
"23973","NWP26038759","2026-03-21 13:54:30","","2026-03-25 09:58:02"
"23972","ILP26038586","2026-03-21 13:34:38","","2026-03-31 17:19:06"
"23971","CAP26039098","2026-03-21 12:46:07","","2026-06-02 00:27:13"
"23970","CAP26038989","2026-03-21 11:51:12","2026-03-22","2026-03-26 11:14:53"
"23969","NJP26038653","2026-03-21 10:35:31","","2026-05-19 04:35:36"
"23968","NWP26038287","2026-03-21 09:58:31","","2026-03-27 05:26:13"
"23967","ILP26038033","2026-03-20 19:24:44","2026-04-05","2026-05-12 21:48:46"
"23966","NWP26038813","2026-03-20 18:27:00","","2026-06-01 18:52:04"
"23965","ILP26038087","2026-03-20 18:12:32","","2026-03-25 22:49:17"
"23964","ILP26038852","2026-03-20 15:46:58","","2026-03-22 03:55:43"
"23963","NJP26038705","2026-03-20 12:08:24","","2026-05-09 20:32:34"
"23962","NJP26038342","2026-03-20 11:28:51","","2026-06-05 20:19:57"
"23961","TXP26038496","2026-03-20 08:10:26","","2026-05-02 18:33:32"
"23960","NWP26038709","2026-03-19 19:27:08","","2026-05-06 00:34:29"
"23959","ILP26038685","2026-03-19 13:13:30","","2026-05-27 10:02:57"
"23958","ILP26038659","2026-03-19 11:48:03","","2026-05-04 17:15:25"
"23957","CAP26038512","2026-03-19 08:09:51","2026-03-30","2026-05-26 14:28:55"
"23956","TXP26038722","2026-03-18 17:42:36","","2026-03-25 04:22:34"
"23955","CAP26038177","2026-03-18 16:44:37","","2026-05-03 04:00:22"
"23954","CAP26038360","2026-03-18 12:51:18","","2026-03-25 21:24:37"
"23953","TXP26038982","2026-03-18 10:26:01","","2026-03-24 06:33:36"
"23952","TXP26038108","2026-03-17 17:16:38","","2026-03-22 19:30:35"
"23951","NWP26038244","2026-03-17 16:03:28","","2026-05-24 16:08:19"
"23950","ILP26038195","2026-03-17 15:43:15","","2026-03-28 22:38:31"
"23949","ILP26038907","2026-03-17 14:39:33","","2026-05-16 01:44:46"
"23948","NWP26038625","2026-03-17 14:38:54","","2026-06-07 10:02:06"
"23947","ILP26038324","2026-03-17 12:17:43","","2026-05-04 22:03:10"
"23946","CAP26038574","2026-03-17 12:13:59","","2026-05-20 11:09:39"
"23945","ILP26038359","2026-03-17 11:35:31","","2026-05-29 15:59:36"
"23944","CAP26038106","2026-03-17 11:32:32","","2026-03-23 12:51:20"
"23943","CAP26038784","2026-03-17 09:57:04","","2026-05-05 08:20:19"
"23942","CAP26038412","2026-03-17 09:19:29","","2026-05-06 07:33:08"
"23941","CAP26039204","2026-03-16 18:51:43","","2026-04-28 17:20:48"
"23940","NWP26038544","2026-03-16 16:50:56","","2026-05-20 10:52:00"
"23939","ILP26038726","2026-03-16 16:46:45","","2026-05-14 02:07:19"
"23938","NJP26038196","2026-03-16 15:18:56","","2026-03-29 08:02:03"
"23937","TXP26039096","2026-03-16 12:57:24","","2026-05-18 14:37:02"
"23936","NJP26038887","2026-03-16 12:11:06","","2026-04-30 08:10:57"
"23935","NJP26038308","2026-03-16 08:42:06","","2026-05-02 03:01:59"
"23934","TXP26038416","2026-03-15 17:38:50","","2026-03-21 01:07:00"
"23933","CAP26038735","2026-03-15 16:39:24","","2026-05-09 07:25:22"
"23932","TXP26038851","2026-03-15 12:14:21","","2026-05-17 17:51:03"
"23931","NWP26038494","2026-03-15 09:36:07","","2026-03-27 01:04:00"
"23930","TXP26038173","2026-03-15 08:08:22","","2026-04-24 08:24:44"
"23929","ILP26038585","2026-03-14 19:05:29","","2026-03-22 01:30:01"
"23928","NJP26038980","2026-03-14 16:06:20","","2026-05-22 16:24:10"
"23927","ILP26038415","2026-03-14 16:04:02","","2026-06-10 09:30:55"
"23926","TXP26038827","2026-03-14 16:01:58","","2026-05-05 21:00:30"
"23925","NJP26038581","2026-03-14 15:54:35","","2026-05-29 04:14:16"
"23924","NWP26038089","2026-03-14 15:22:36","","2026-03-19 04:14:39"
"23923","TXP26038981","2026-03-14 11:12:44","","2026-03-20 22:08:46"
"23922","CAP26038672","2026-03-14 09:54:13","","2026-03-25 09:19:24"
"23921","ILP26038851","2026-03-14 09:30:34","","2026-03-19 03:00:52"
"23920","CAP26038988","2026-03-14 08:31:16","","2026-03-16 05:09:17"
"23919","NJP26038382","2026-03-14 08:22:28","","2026-05-24 05:06:21"
"23918","TXP26039049","2026-03-14 08:13:23","","2026-04-23 21:53:00"
"23917","NWP26038203","2026-03-13 18:34:48","2026-03-18","2026-03-28 03:39:00"
"23916","ILP26038486","2026-03-13 16:40:33","2026-04-04","2026-05-17 03:11:24"
"23915","TXP26038557","2026-03-13 16:34:43","","2026-05-04 15:15:24"
"23914","CAP26039140","2026-03-13 15:31:46","","2026-05-25 07:22:14"
"23913","TXP26038305","2026-03-13 15:12:21","","2026-03-28 23:46:31"
"23912","TXP26038218","2026-03-13 13:50:42","","2026-04-28 06:29:33"
"23911","ILP26039082","2026-03-13 13:03:27","","2026-05-22 01:37:31"
"23910","ILP26038272","2026-03-13 11:24:56","","2026-03-17 17:52:34"
"23909","NWP26038575","2026-03-13 11:09:42","","2026-05-05 18:02:54"
"23908","TXP26038612","2026-03-13 07:59:28","2026-04-04","2026-05-22 17:07:50"
"23907","NJP26038625","2026-03-12 17:51:18","","2026-04-14 06:57:33"
"23906","NJP26038423","2026-03-12 15:33:07","","2026-05-20 05:09:20"
"23905","NJP26038072","2026-03-12 15:10:07","","2026-03-18 12:04:53"
"23904","CAP26038511","2026-03-12 14:04:33","","2026-05-10 17:05:14"
"23903","TXP26038107","2026-03-12 13:48:50","","2026-03-16 18:37:04"
"23902","TXP26038721","2026-03-12 12:39:58","","2026-03-20 12:56:42"
"23901","ILP26039023","2026-03-12 07:57:27","","2026-04-15 19:10:19"
"23900","NWP26038383","2026-03-12 07:23:43","","2026-05-11 13:22:50"
"23899","CAP26038359","2026-03-11 19:37:47","","2026-03-18 23:42:20"
"23898","CAP26038223","2026-03-11 18:13:07","","2026-03-25 23:50:23"
"23897","CAP26038105","2026-03-11 17:31:34","","2026-03-16 16:31:35"
"23896","CAP26039174","2026-03-11 16:25:52","","2026-05-01 12:12:49"
"23895","ILP26038086","2026-03-11 15:24:44","","2026-03-16 11:16:40"
"23894","NWP26038679","2026-03-11 14:57:22","2026-03-24","2026-05-13 12:03:39"
"23893","TXP26038885","2026-03-11 11:25:04","","2026-04-27 23:45:34"
"23892","CAP26039066","2026-03-11 10:44:36","","2026-05-05 14:30:07"
"23891","CAP26038867","2026-03-11 10:44:33","2026-03-22","2026-05-20 18:33:03"
"23890","CAP26038902","2026-03-11 10:08:28","","2026-04-26 15:54:28"
"23889","TXP26038468","2026-03-11 09:34:58","","2026-04-17 18:27:39"
"23888","NWP26038758","2026-03-11 09:03:26","","2026-03-18 01:02:03"
"23887","TXP26039137","2026-03-11 08:29:00","","2026-05-09 00:51:32"
"23886","NJP26038940","2026-03-10 17:35:00","","2026-04-25 08:59:13"
"23885","NJP26038268","2026-03-10 15:30:58","","2026-03-16 10:41:23"
"23884","NWP26038153","2026-03-10 11:56:11","","2026-04-20 03:54:08"
"23883","NJP26038461","2026-03-10 11:29:06","","2026-05-19 05:15:07"
"23882","NJP26038790","2026-03-10 10:57:24","","2026-04-26 08:29:20"
"23881","TXP26038528","2026-03-09 18:51:42","","2026-06-06 02:36:24"
"23880","ILP26038126","2026-03-09 18:06:31","","2026-04-30 12:02:05"
"23879","ILP26038850","2026-03-09 17:20:13","","2026-03-13 22:58:42"
"23878","NJP26038133","2026-03-09 15:47:39","","2026-04-26 22:35:41"
"23877","NJP26038527","2026-03-09 10:22:34","","2026-03-22 14:10:47"
"23876","TXP26038980","2026-03-09 09:52:25","","2026-03-12 18:08:59"
"23875","TXP26038304","2026-03-08 17:26:07","","2026-03-14 08:35:20"
"23874","ILP26038456","2026-03-08 16:03:06","","2026-04-29 20:32:42"
"23873","NWP26038493","2026-03-08 14:51:11","","2026-03-16 15:35:29"
"23872","ILP26038513","2026-03-08 14:14:08","","2026-05-05 16:26:18"
"23871","NWP26038018","2026-03-08 14:09:28","","2026-04-26 12:10:46"
"23870","TXP26038720","2026-03-08 12:46:38","","2026-03-19 19:11:26"
"23869","NJP26038853","2026-03-08 12:26:08","","2026-05-18 13:31:13"
"23868","CAP26038987","2026-03-08 10:04:08","","2026-03-11 17:37:49"
"23867","NJP26038230","2026-03-08 09:10:26","","2026-05-12 13:01:29"
"23866","ILP26038584","2026-03-08 08:39:52","","2026-03-16 14:13:57"
"23865","CAP26038606","2026-03-07 18:56:18","","2026-05-01 17:32:52"
"23864","TXP26038415","2026-03-07 16:37:24","","2026-03-10 15:44:22"
"23863","ILP26038758","2026-03-07 11:02:25","","2026-04-17 04:35:09"
"23862","CAP26038573","2026-03-07 09:35:23","","2026-04-26 17:59:07"
"23861","CAP26038435","2026-03-07 07:55:22","","2026-05-05 05:56:27"
"23860","NJP26038580","2026-03-06 18:18:33","2026-03-27","2026-05-14 16:40:58"
"23859","NJP26038827","2026-03-06 14:37:51","2026-03-14","2026-05-18 11:13:48"
"23858","NJP26038749","2026-03-06 08:19:28","","2026-03-09 23:42:07"
"23857","NWP26038088","2026-03-05 19:09:44","","2026-03-09 22:32:10"
"23856","ILP26038194","2026-03-05 18:33:03","","2026-03-18 17:27:58"
"23855","TXP26038106","2026-03-05 16:01:28","","2026-03-10 00:11:35"
"23854","NWP26038790","2026-03-05 16:00:02","","2026-04-20 01:50:28"
"23853","ILP26038032","2026-03-05 13:59:34","","2026-05-01 03:01:21"
"23852","NWP26038852","2026-03-05 11:56:10","","2026-05-03 22:20:38"
"23851","NWP26038286","2026-03-05 11:17:45","2026-03-07","2026-03-09 23:04:41"
"23850","TXP26038802","2026-03-05 11:12:59","","2026-04-25 19:16:24"
"23849","NJP26038195","2026-03-05 10:22:30","","2026-03-18 19:15:28"
"23848","CAP26038104","2026-03-05 09:51:38","","2026-03-10 09:45:30"
"23847","CAP26038671","2026-03-04 18:52:06","","2026-03-12 08:48:47"
"23846","CAP26038358","2026-03-04 18:27:36","","2026-03-11 04:13:33"
"23845","ILP26038849","2026-03-04 17:54:44","","2026-03-11 09:06:02"
"23844","TXP26038355","2026-03-04 15:32:39","","2026-04-24 09:33:10"
"23843","TXP26038979","2026-03-04 11:36:03","","2026-03-10 04:02:17"
"23842","CAP26038734","2026-03-04 11:22:47","","2026-05-03 21:22:54"
"23841","ILP26038414","2026-03-04 09:30:15","","2026-04-28 02:21:29"
"23840","NWP26038885","2026-03-04 09:10:56","","2026-05-02 00:10:36"
"23839","CAP26038016","2026-03-03 19:05:14","","2026-04-27 03:17:35"
"23838","NJP26038704","2026-03-03 17:58:20","","2026-04-14 00:48:19"
"23837","CAP26038783","2026-03-03 15:45:39","","2026-05-03 21:12:20"
"23836","ILP26038323","2026-03-03 14:56:12","","2026-04-28 17:04:02"
"23835","CAP26039240","2026-03-03 11:09:21","","2026-05-30 08:59:28"
"23834","ILP26038933","2026-03-03 10:36:22","2026-03-27","2026-05-04 11:05:32"
"23833","CAP26038986","2026-03-03 07:57:53","","2026-03-09 14:49:57"
"23832","TXP26038719","2026-03-02 18:23:29","","2026-03-11 04:35:14"
"23831","ILP26038583","2026-03-02 18:05:35","","2026-03-10 10:35:59"
"23830","ILP26038154","2026-03-02 17:28:14","","2026-04-23 14:13:55"
"23829","TXP26038172","2026-03-02 15:53:33","2026-03-11","2026-04-14 09:33:48"
"23828","NWP26038429","2026-03-02 13:41:03","","2026-05-06 02:19:07"
"23827","ILP26038271","2026-03-02 13:20:29","","2026-03-07 19:31:09"
"23826","NWP26038492","2026-03-02 10:41:18","","2026-03-11 09:22:30"
"23825","CAP26038510","2026-03-02 10:09:50","","2026-05-07 01:34:51"
"23824","CAP26039065","2026-03-02 09:58:01","","2026-04-27 13:23:33"
"23823","ILP26038967","2026-03-02 09:17:35","","2026-05-10 00:29:27"
"23822","TXP26038580","2026-03-02 07:43:44","","2026-05-01 15:48:05"
"23821","NWP26038624","2026-03-01 18:36:25","","2026-05-14 16:34:51"
"23820","TXP26039095","2026-03-01 13:07:35","","2026-05-20 22:47:05"
"23819","TXP26038015","2026-03-01 11:02:09","","2026-04-14 15:24:00"
"23818","NJP26038381","2026-03-01 09:49:46","","2026-04-28 07:11:31"
"23817","ILP26039022","2026-03-01 07:56:19","","2026-03-23 06:58:06"
"23816","NJP26028886","2026-02-28 18:42:58","","2026-04-20 14:06:33"
"23815","ILP26028658","2026-02-28 17:35:28","","2026-03-30 15:09:32"
"23814","TXP26028978","2026-02-28 17:13:28","","2026-03-05 05:53:27"
"23813","TXP26029191","2026-02-28 15:40:49","","2026-03-25 08:42:19"
"23812","NJP26028675","2026-02-28 15:23:07","","2026-05-02 16:28:45"
"23811","ILP26028085","2026-02-28 12:43:50","","2026-03-05 12:11:49"
"23810","NWP26028347","2026-02-28 11:56:09","","2026-05-17 22:30:28"
"23809","ILP26028848","2026-02-28 11:30:22","","2026-03-03 05:22:38"
"23808","NJP26028027","2026-02-28 10:20:16","","2026-04-27 01:39:29"
"23807","TXP26028217","2026-02-27 19:49:14","","2026-04-10 13:41:57"
"23806","TXP26028105","2026-02-27 18:05:02","","2026-03-03 20:12:44"
"23805","TXP26028414","2026-02-27 17:47:02","2026-02-28","2026-03-06 11:37:59"
"23804","ILP26028725","2026-02-27 17:46:26","","2026-05-06 11:22:51"
"23803","NJP26028939","2026-02-27 17:35:20","","2026-03-26 01:12:02"
"23802","NJP26028624","2026-02-27 16:21:35","","2026-04-15 08:22:30"
"23801","TXP26028773","2026-02-27 14:13:26","","2026-05-07 19:43:46"
"23800","CAP26028222","2026-02-27 13:17:25","","2026-03-16 04:20:18"
"23799","TXP26028303","2026-02-27 13:10:47","","2026-03-08 21:14:34"
"23798","CAP26028261","2026-02-27 11:53:57","","2026-05-18 19:59:14"
"23797","NWP26028757","2026-02-27 11:22:23","","2026-03-03 11:31:55"
"23796","NWP26028202","2026-02-27 10:27:40","","2026-03-12 03:56:42"
"23795","ILP26028229","2026-02-27 09:07:52","","2026-04-21 08:30:11"
"23794","NJP26028341","2026-02-26 19:33:31","","2026-05-03 04:05:13"
"23793","CAP26028822","2026-02-26 18:47:02","","2026-04-22 01:54:20"
"23792","TXP26029048","2026-02-26 14:59:23","","2026-04-27 03:44:32"
"23791","ILP26028628","2026-02-26 13:17:43","","2026-05-05 18:37:47"
"23790","CAP26028985","2026-02-26 12:17:25","","2026-03-01 16:05:28"
"23789","CAP26028103","2026-02-26 09:15:21","","2026-03-04 05:15:03"
"23788","CAP26028357","2026-02-26 08:51:35","2026-02-27","2026-03-02 05:17:56"
"23787","CAP26029139","2026-02-25 18:58:32","","2026-04-25 21:36:12"
"23786","NJP26028579","2026-02-25 18:31:15","","2026-05-10 22:59:51"
"23785","NJP26028267","2026-02-25 18:04:24","","2026-03-03 02:58:53"
"23784","NWP26028678","2026-02-25 17:07:39","2026-03-13","2026-05-05 20:41:48"
"23783","TXP26028718","2026-02-25 17:04:58","","2026-03-08 22:09:46"
"23782","NJP26028526","2026-02-25 16:35:41","","2026-03-12 08:40:22"
"23781","CAP26028176","2026-02-25 15:34:10","","2026-04-19 23:17:03"
"23780","CAP26028866","2026-02-25 10:25:54","","2026-04-27 06:21:39"
"23779","NWP26028087","2026-02-25 07:49:22","2026-02-26","2026-03-02 19:05:04"
"23778","NJP26028979","2026-02-25 07:43:32","","2026-05-04 16:28:14"
"23777","ILP26029059","2026-02-24 18:04:18","","2026-03-28 19:31:10"
"23776","TXP26029162","2026-02-24 17:28:42","","2026-03-22 03:12:25"
"23775","NJP26028489","2026-02-24 11:48:01","","2026-04-11 12:13:33"
"23774","ILP26028413","2026-02-24 08:04:39","","2026-05-03 10:14:40"
"23773","NWP26028128","2026-02-24 07:49:17","","2026-04-17 21:19:14"
"23772","TXP26028467","2026-02-23 19:31:35","","2026-04-18 20:53:27"
"23771","CAP26028572","2026-02-23 13:03:38","","2026-04-28 14:47:39"
"23770","NWP26028316","2026-02-23 11:01:45","","2026-04-21 15:04:44"
"23769","NJP26028101","2026-02-23 10:54:00","","2026-04-17 08:42:39"
"23768","NJP26028071","2026-02-23 10:18:02","","2026-02-28 19:18:09"
"23767","NWP26028812","2026-02-23 10:13:02","","2026-05-06 07:55:17"
"23766","ILP26028582","2026-02-23 07:55:53","","2026-03-05 22:00:23"
"23765","NJP26028307","2026-02-22 17:37:40","","2026-04-05 16:42:29"
"23764","ILP26028125","2026-02-22 17:24:07","","2026-04-20 21:27:42"
"23763","NWP26028407","2026-02-22 17:01:20","","2026-05-06 15:40:06"
"23762","ILP26028684","2026-02-22 16:04:28","","2026-04-23 06:27:23"
"23761","NWP26028708","2026-02-22 15:23:46","","2026-04-13 22:57:24"
"23760","TXP26029136","2026-02-22 11:50:08","","2026-04-19 23:54:50"
"23759","TXP26028104","2026-02-22 11:00:40","2026-02-23","2026-02-28 07:23:48"
"23758","CAP26028670","2026-02-22 08:47:21","","2026-03-03 13:41:38"
"23757","NWP26028243","2026-02-21 19:06:41","","2026-04-30 14:41:21"
"23756","CAP26029064","2026-02-21 16:44:40","","2026-04-04 13:59:49"
"23755","NWP26028912","2026-02-21 11:48:53","","2026-04-21 19:44:28"
"23754","CAP26028456","2026-02-21 10:24:39","","2026-04-11 03:37:22"
"23753","NJP26028194","2026-02-21 09:59:10","","2026-03-06 03:49:50"
"23752","NWP26028574","2026-02-21 09:16:08","","2026-04-06 06:11:25"
"23751","CAP26028102","2026-02-21 08:41:42","","2026-02-26 01:43:18"
"23750","TXP26028884","2026-02-21 07:43:43","","2026-04-06 11:18:13"
"23749","NJP26028422","2026-02-20 19:12:02","","2026-04-28 13:46:56"
"23748","TXP26028413","2026-02-20 17:09:28","","2026-02-25 09:33:45"
"23747","NWP26028491","2026-02-20 15:41:16","","2026-03-01 18:03:58"
"23746","TXP26028977","2026-02-20 15:25:00","","2026-02-24 17:50:05"
"23745","ILP26028906","2026-02-20 14:48:57","","2026-03-25 23:31:40"
"23744","CAP26028733","2026-02-20 12:40:11","2026-03-01","2026-04-21 04:20:30"
"23743","NWP26028851","2026-02-20 12:21:37","","2026-04-16 21:46:01"
"23742","ILP26028847","2026-02-20 10:43:39","2026-02-21","2026-02-23 12:33:59"
"23741","NWP26028543","2026-02-20 10:01:17","","2026-05-01 08:28:31"
"23740","CAP26028356","2026-02-20 09:35:30","","2026-02-26 18:20:35"
"23739","TXP26028302","2026-02-19 17:53:09","","2026-03-01 21:45:54"
"23738","TXP26029094","2026-02-19 17:42:58","","2026-04-30 10:02:10"
"23737","TXP26028527","2026-02-19 15:47:26","","2026-04-26 06:40:39"
"23736","TXP26028717","2026-02-19 15:22:59","2026-02-21","2026-02-25 07:49:30"
"23735","NJP26028132","2026-02-19 14:51:52","","2026-04-08 21:05:53"
"23734","CAP26028901","2026-02-19 14:23:29","","2026-03-25 18:57:19"
"23733","CAP26028984","2026-02-19 14:18:56","2026-02-19","2026-02-23 02:49:58"
"23732","CAP26028509","2026-02-19 11:13:17","","2026-04-14 09:42:37"
"23731","ILP26028193","2026-02-19 10:53:18","","2026-03-03 10:08:19"
"23730","NJP26028748","2026-02-19 08:33:20","","2026-02-26 09:21:01"
"23729","NJP26028460","2026-02-18 18:35:18","","2026-04-14 06:28:12"
"23728","ILP26028031","2026-02-18 16:20:01","","2026-04-23 18:12:22"
"23727","ILP26028485","2026-02-18 15:00:31","","2026-05-03 20:19:52"
"23726","TXP26028611","2026-02-18 14:05:36","2026-03-01","2026-05-10 17:09:16"
"23725","NWP26028382","2026-02-17 19:27:05","","2026-05-10 02:37:58"
"23724","NWP26028086","2026-02-17 18:41:25","","2026-02-22 10:16:33"
"23723","TXP26028850","2026-02-17 13:26:05","","2026-04-21 17:12:40"
"23722","CAP26028221","2026-02-17 11:20:38","2026-02-19","2026-03-03 06:56:44"
"23721","NJP26028789","2026-02-16 15:23:41","2026-03-01","2026-03-23 00:38:03"
"23720","ILP26028084","2026-02-16 12:54:26","2026-02-17","2026-02-22 07:13:59"
"23719","NWP26028756","2026-02-16 12:18:28","","2026-02-20 07:16:33"
"23718","ILP26029021","2026-02-16 09:21:18","","2026-04-20 07:27:00"
"23717","CAP26028151","2026-02-16 08:02:32","","2026-04-11 09:20:29"
"23716","CAP26028669","2026-02-15 19:22:41","2026-02-17","2026-02-27 01:31:40"
"23715","CAP26029203","2026-02-15 18:38:05","","2026-03-25 17:07:15"
"23714","ILP26028455","2026-02-15 16:00:13","","2026-04-15 19:20:38"
"23713","ILP26028512","2026-02-15 15:56:31","","2026-04-14 06:20:44"
"23712","TXP26028976","2026-02-15 15:40:15","","2026-02-19 17:27:49"
"23711","ILP26028581","2026-02-15 15:19:27","2026-02-21","2026-03-02 18:41:35"
"23710","ILP26028966","2026-02-15 15:07:12","","2026-04-16 17:56:01"
"23709","NJP26028652","2026-02-15 12:42:38","","2026-04-18 19:35:56"
"23708","NWP26028623","2026-02-15 11:46:25","","2026-05-01 22:25:59"
"23707","ILP26028322","2026-02-15 10:13:39","","2026-03-29 15:37:50"
"23706","TXP26028826","2026-02-15 09:25:47","","2026-04-12 16:51:42"
"23705","TXP26028103","2026-02-15 07:48:29","","2026-02-19 09:52:48"
"23704","CAP26028101","2026-02-14 19:35:59","2026-02-16","2026-02-19 13:02:48"
"23703","NWP26028152","2026-02-14 19:32:07","","2026-04-05 03:15:48"
"23702","ILP26028846","2026-02-14 17:48:23","","2026-02-20 06:16:27"
"23701","CAP26028983","2026-02-14 17:21:09","","2026-02-21 12:24:39"
"23700","NWP26028285","2026-02-14 16:31:19","","2026-02-19 09:05:06"
"23699","CAP26028865","2026-02-14 15:45:51","2026-02-27","2026-04-06 18:45:05"
"23698","TXP26028716","2026-02-14 14:37:54","","2026-02-26 00:21:02"
"23697","CAP26028355","2026-02-14 14:30:05","","2026-02-20 09:59:57"
"23696","ILP26028270","2026-02-14 11:20:34","","2026-02-19 05:38:52"
"23695","CAP26029173","2026-02-14 09:34:04","","2026-03-30 10:23:39"
"23694","NJP26028026","2026-02-13 17:51:17","","2026-03-30 22:50:46"
"23693","TXP26028301","2026-02-13 16:15:39","","2026-02-27 04:36:56"
"23692","CAP26029138","2026-02-13 15:18:49","","2026-03-28 15:50:22"
"23691","NJP26028826","2026-02-13 14:51:31","","2026-04-15 16:33:21"
"23690","NJP26028938","2026-02-13 10:07:26","","2026-03-28 18:52:56"
"23689","ILP26028657","2026-02-13 08:38:42","","2026-04-05 01:45:57"
"23688","TXP26028216","2026-02-12 19:46:07","","2026-04-07 21:09:15"
"23687","NWP26028490","2026-02-12 18:53:04","","2026-02-26 03:57:01"
"23686","NJP26028578","2026-02-12 18:17:00","2026-02-23","2026-04-19 20:03:16"
"23685","NJP26028193","2026-02-12 16:42:40","","2026-03-01 02:46:18"
"23684","NWP26028201","2026-02-12 15:05:28","2026-02-19","2026-03-03 18:43:40"
"23683","CAP26029063","2026-02-12 11:30:37","","2026-03-16 19:05:09"
"23682","ILP26028724","2026-02-11 17:34:31","","2026-04-13 05:04:15"
"23681","CAP26028782","2026-02-11 16:45:02","","2026-03-27 03:44:19"
"23680","TXP26028171","2026-02-11 14:17:32","","2026-03-27 09:55:15"
"23679","CAP26029239","2026-02-11 14:10:55","","2026-04-04 10:17:39"
"23678","ILP26028412","2026-02-11 13:09:58","","2026-04-22 18:37:03"
"23677","NJP26028525","2026-02-11 11:24:54","","2026-02-20 23:52:21"
"23676","NJP26028380","2026-02-11 07:59:15","","2026-04-14 00:59:17"
"23675","CAP26028260","2026-02-11 07:38:17","","2026-04-15 20:29:35"
"23674","ILP26028358","2026-02-11 07:34:13","","2026-04-13 02:29:08"
"23673","CAP26028411","2026-02-10 19:00:08","","2026-04-07 02:20:28"
"23672","CAP26028354","2026-02-10 17:46:20","","2026-02-17 10:43:05"
"23671","CAP26028571","2026-02-10 17:08:21","","2026-04-20 17:21:19"
"23670","TXP26028801","2026-02-10 14:04:06","","2026-03-26 04:14:58"
"23669","TXP26028715","2026-02-10 12:40:32","","2026-02-21 09:30:17"
"23668","CAP26028434","2026-02-10 11:24:39","2026-03-10","2026-05-11 02:35:52"
"23667","NJP26028266","2026-02-10 08:33:49","","2026-02-13 18:24:39"
"23666","NJP26028623","2026-02-09 18:18:54","","2026-03-29 09:26:16"
"23665","TXP26028466","2026-02-09 17:45:05","","2026-04-04 05:35:50"
"23664","CAP26028982","2026-02-09 17:12:46","","2026-02-13 11:52:18"
"23663","NJP26028747","2026-02-09 15:25:37","","2026-02-16 07:26:36"
"23662","CAP26028821","2026-02-09 15:03:36","","2026-04-14 01:07:42"
"23661","NWP26028677","2026-02-09 13:55:34","","2026-04-14 21:37:58"
"23660","NJP26028070","2026-02-09 13:41:10","","2026-02-15 04:27:33"
"23659","TXP26029190","2026-02-09 08:24:26","","2026-03-10 22:45:47"
"23658","TXP26028102","2026-02-08 18:43:45","","2026-02-14 07:34:26"
"23657","TXP26028354","2026-02-08 17:36:31","","2026-05-02 20:56:22"
"23656","TXP26029047","2026-02-08 17:21:15","","2026-03-31 11:09:52"
"23655","TXP26028556","2026-02-08 13:45:41","","2026-04-12 20:56:45"
"23654","TXP26028975","2026-02-08 11:12:55","2026-02-09","2026-02-12 09:59:47"
"23653","NWP26028346","2026-02-08 10:24:39","","2026-04-08 11:54:01"
"23652","NWP26028789","2026-02-08 08:03:37","","2026-03-28 23:09:38"
"23651","CAP26028732","2026-02-07 17:39:51","","2026-04-11 17:41:42"
"23650","CAP26028100","2026-02-07 17:22:33","","2026-02-12 09:05:18"
"23649","NJP26028978","2026-02-07 16:58:07","","2026-05-01 02:20:39"
"23648","CAP26028508","2026-02-07 16:26:39","","2026-03-30 08:51:27"
"23647","ILP26028757","2026-02-07 15:57:47","","2026-03-20 20:37:38"
"23646","NWP26028850","2026-02-07 15:50:18","","2026-03-28 08:46:02"
"23645","CAP26028668","2026-02-07 15:36:00","","2026-02-18 02:22:40"
"23644","TXP26028495","2026-02-07 13:34:10","","2026-03-27 08:09:39"
"23643","ILP26028845","2026-02-07 13:02:56","","2026-02-08 17:27:08"
"23642","CAP26029097","2026-02-07 11:34:49","","2026-04-14 14:24:44"
"23641","TXP26028300","2026-02-07 10:47:29","","2026-02-21 16:52:55"
"23640","NWP26028755","2026-02-07 10:42:11","","2026-02-13 18:03:22"
"23639","CAP26028605","2026-02-07 10:33:45","","2026-03-31 23:57:36"
"23638","TXP26028412","2026-02-07 10:13:17","","2026-02-13 01:26:47"
"23637","TXP26029135","2026-02-07 09:42:22","","2026-04-11 10:01:52"
"23636","NWP26028085","2026-02-07 08:26:18","","2026-02-12 10:35:15"
"23635","NJP26028674","2026-02-06 18:03:24","","2026-04-08 15:04:52"
"23634","NJP26028306","2026-02-06 16:34:58","","2026-03-18 07:35:59"
"23633","TXP26028714","2026-02-06 15:18:07","","2026-02-13 13:33:54"
"23632","ILP26029020","2026-02-06 10:09:03","","2026-04-15 10:49:20"
"23631","ILP26028321","2026-02-06 10:02:58","","2026-03-21 21:16:49"
"23630","CAP26028220","2026-02-06 09:38:31","","2026-02-21 21:31:12"
"23629","ILP26028580","2026-02-06 08:54:36","","2026-02-16 12:46:28"
"23628","ILP26028083","2026-02-05 17:49:46","","2026-02-09 20:10:28"
"23627","NWP26028884","2026-02-05 08:23:00","","2026-03-22 16:47:25"
"23626","NJP26028885","2026-02-05 08:05:35","","2026-04-12 02:27:11"
"23625","CAP26028353","2026-02-04 18:12:41","","2026-02-11 16:25:55"
"23624","TXP26028883","2026-02-04 16:48:24","","2026-03-21 11:24:36"
"23623","TXP26028101","2026-02-04 15:48:15","","2026-02-08 23:11:08"
"23622","NWP26028428","2026-02-04 14:00:01","","2026-04-16 15:15:00"
"23621","NWP26028381","2026-02-04 13:50:03","","2026-04-08 11:24:44"
"23620","ILP26028192","2026-02-04 10:51:14","","2026-02-17 12:58:23"
"23619","NWP26028017","2026-02-04 08:53:57","","2026-03-24 19:10:34"
"23618","NWP26028622","2026-02-04 08:51:38","2026-02-11","2026-03-27 21:04:03"
"23617","TXP26028974","2026-02-04 08:23:30","","2026-02-10 01:09:18"
"23616","NWP26028542","2026-02-04 08:09:19","","2026-04-01 18:29:32"
"23615","ILP26028228","2026-02-04 07:44:16","","2026-03-28 08:20:49"
"23614","NWP26028489","2026-02-03 17:09:21","","2026-02-15 23:46:08"
"23613","NJP26028703","2026-02-03 17:08:47","","2026-03-19 19:56:23"
"23612","NJP26028192","2026-02-03 16:57:32","","2026-02-14 07:25:16"
"23611","NJP26028340","2026-02-03 16:23:28","2026-02-21","2026-03-26 08:00:03"
"23610","NJP26028488","2026-02-03 10:29:04","","2026-04-03 20:57:30"
"23609","NJP26028131","2026-02-02 18:39:21","","2026-02-27 19:05:03"
"23608","TXP26028772","2026-02-02 18:10:12","","2026-04-16 18:08:07"
"23607","NWP26028242","2026-02-02 17:35:29","","2026-04-05 23:25:15"
"23606","ILP26029058","2026-02-02 15:46:27","","2026-04-04 23:37:02"
"23605","NJP26028459","2026-02-02 13:08:17","","2026-04-09 16:49:46"
"23604","ILP26028965","2026-02-02 12:17:59","","2026-04-13 23:49:31"
"23603","NJP26028229","2026-02-02 09:33:42","","2026-04-10 23:18:40"
"23602","TXP26028299","2026-02-01 18:51:51","","2026-02-19 08:03:34"
"23601","NJP26028852","2026-02-01 18:43:22","","2026-04-19 10:52:14"
"23600","TXP26028713","2026-02-01 18:32:22","","2026-02-12 01:19:43"
"23599","CAP26028099","2026-02-01 17:03:26","","2026-02-07 06:02:12"
"23598","ILP26028411","2026-02-01 12:58:16","2026-02-11","2026-05-07 10:16:02"
"23597","CAP26029062","2026-02-01 10:12:50","","2026-03-24 10:43:59"
"23596","CAP26028864","2026-02-01 09:16:10","","2026-03-19 18:28:55"
"23595","NJP26028421","2026-02-01 08:50:08","","2026-03-04 19:46:32"
"23594","CAP26028981","2026-02-01 08:16:08","","2026-02-05 14:03:18"
"23593","ILP26018844","2026-01-31 19:27:20","","2026-02-06 10:42:01"
"23592","NJP26018025","2026-01-31 16:55:35","","2026-03-18 15:09:17"
"23591","TXP26018215","2026-01-31 15:58:52","","2026-03-14 21:05:13"
"23590","ILP26018153","2026-01-31 15:32:32","","2026-03-11 15:07:31"
"23589","ILP26018723","2026-01-31 14:31:30","","2026-03-30 02:36:59"
"23588","CAP26018175","2026-01-31 13:29:17","2026-02-19","2026-03-22 23:42:43"
"23587","ILP26019081","2026-01-31 11:14:55","","2026-04-19 23:31:19"
"23586","NWP26018284","2026-01-31 09:45:19","","2026-02-06 14:06:38"
"23585","NJP26018524","2026-01-31 08:55:00","","2026-02-10 22:57:28"
"23584","CAP26018507","2026-01-31 08:53:54","","2026-03-20 02:17:32"
"23583","NWP26018084","2026-01-31 08:49:02","","2026-02-04 08:27:30"
"23582","TXP26019093","2026-01-31 07:57:54","","2026-04-04 09:58:49"
"23581","NJP26018937","2026-01-30 19:00:25","","2026-03-12 00:27:52"
"23580","ILP26018579","2026-01-30 18:13:38","","2026-02-10 10:07:27"
"23579","CAP26019137","2026-01-30 16:33:46","","2026-03-26 10:41:02"
"23578","NWP26018200","2026-01-30 16:01:29","","2026-02-17 12:43:23"
"23577","CAP26018352","2026-01-30 15:21:39","","2026-02-04 18:09:42"
"23576","TXP26018465","2026-01-30 12:43:18","","2026-03-16 16:15:22"
"23575","NJP26018577","2026-01-29 17:33:46","","2026-03-29 21:51:53"
"23574","CAP26018667","2026-01-29 15:27:05","","2026-02-11 10:57:13"
"23573","NJP26018265","2026-01-29 14:10:06","","2026-02-04 06:36:49"
"23572","TXP26018100","2026-01-29 13:05:48","","2026-02-04 04:09:16"
"23571","ILP26018030","2026-01-29 10:12:17","","2026-03-24 04:26:05"
"23570","TXP26018526","2026-01-29 09:25:19","","2026-05-11 17:24:50"
"23569","TXP26018170","2026-01-28 17:34:05","","2026-03-12 05:38:09"
"23568","ILP26018124","2026-01-28 17:27:31","","2026-04-21 03:02:51"
"23567","NWP26018676","2026-01-28 15:16:01","","2026-03-24 14:00:20"
"23566","ILP26018454","2026-01-28 14:21:38","","2026-04-18 04:44:48"
"23565","TXP26018014","2026-01-28 11:56:05","","2026-03-10 03:57:46"
"23564","ILP26018905","2026-01-28 11:44:02","","2026-03-20 20:47:55"
"23563","CAP26018015","2026-01-28 09:31:15","","2026-03-22 10:59:59"
"23562","TXP26018411","2026-01-28 09:15:37","","2026-02-01 11:59:59"
"23561","TXP26018610","2026-01-28 08:50:16","","2026-03-21 07:38:16"
"23560","CAP26018570","2026-01-28 08:42:19","","2026-04-15 06:57:50"
"23559","TXP26018712","2026-01-27 16:17:20","2026-01-29","2026-02-06 05:24:28"
"23558","NJP26018069","2026-01-27 13:20:30","","2026-02-01 22:22:15"
"23557","NJP26018746","2026-01-27 12:54:20","","2026-02-02 14:47:13"
"23556","ILP26018269","2026-01-27 11:28:21","","2026-02-01 11:57:00"
"23555","NWP26018754","2026-01-27 11:19:58","","2026-02-02 04:43:02"
"23554","TXP26018973","2026-01-27 11:06:40","","2026-01-31 10:45:15"
"23553","ILP26018843","2026-01-27 10:42:58","","2026-02-02 00:01:35"
"23552","CAP26018219","2026-01-27 09:25:25","2026-01-29","2026-02-04 05:21:04"
"23551","CAP26018098","2026-01-27 08:44:04","","2026-02-01 17:33:37"
"23550","NWP26018406","2026-01-27 07:27:24","","2026-04-03 03:14:24"
"23549","NWP26018911","2026-01-26 16:25:43","","2026-03-20 17:34:32"
"23548","TXP26019161","2026-01-26 15:41:13","","2026-03-14 23:58:54"
"23547","CAP26018900","2026-01-26 14:09:37","","2026-03-13 17:27:20"
"23546","CAP26018980","2026-01-26 12:42:15","","2026-02-01 17:14:29"
"23545","TXP26018579","2026-01-26 09:13:05","","2026-04-04 18:21:18"
"23544","NWP26018488","2026-01-26 08:01:46","","2026-02-03 22:30:46"
"23543","ILP26018082","2026-01-25 19:09:34","","2026-01-31 19:02:26"
"23542","CAP26019238","2026-01-25 17:43:37","","2026-03-30 04:39:02"
"23541","NJP26018788","2026-01-25 17:00:18","","2026-04-03 16:10:26"
"23540","CAP26018351","2026-01-25 16:45:53","","2026-02-01 18:18:41"
"23539","ILP26018932","2026-01-25 11:40:57","","2026-04-02 10:40:42"
"23538","NWP26018707","2026-01-25 10:51:40","","2026-03-11 00:26:19"
"23537","TXP26018099","2026-01-24 16:42:47","","2026-01-29 15:07:35"
"23536","ILP26018484","2026-01-24 15:01:17","","2026-03-23 20:24:49"
"23535","NWP26018083","2026-01-24 14:39:41","2026-01-25","2026-01-31 14:43:19"
"23534","ILP26018656","2026-01-24 14:03:01","2026-02-07","2026-03-26 05:29:53"
"23533","CAP26018731","2026-01-24 14:01:29","","2026-04-11 05:31:10"
"23532","ILP26018683","2026-01-24 13:31:31","","2026-04-01 15:49:43"
"23531","NJP26018379","2026-01-24 09:52:24","","2026-02-28 19:51:50"
"23530","ILP26019019","2026-01-23 18:53:00","","2026-03-24 03:21:58"
"23529","NWP26018315","2026-01-23 18:02:35","","2026-03-20 00:56:47"
"23528","CAP26018097","2026-01-23 16:49:35","","2026-01-28 07:49:42"
"23527","ILP26018627","2026-01-23 15:37:14","","2026-04-06 19:28:58"
"23526","TXP26018711","2026-01-23 15:05:25","","2026-02-01 00:18:37"
"23525","ILP26018578","2026-01-23 15:04:40","","2026-02-03 02:24:41"
"23524","TXP26018298","2026-01-23 14:44:38","","2026-02-05 22:39:58"
"23523","CAP26018506","2026-01-23 12:33:00","","2026-03-19 12:57:22"
"23522","TXP26019046","2026-01-23 12:26:14","","2026-03-28 18:28:13"
"23521","ILP26018320","2026-01-23 11:55:34","","2026-03-24 13:50:11"
"23520","NJP26018622","2026-01-23 09:43:57","","2026-03-25 07:15:49"
"23519","NJP26018191","2026-01-23 09:02:55","","2026-02-07 15:04:19"
"23518","NWP26018573","2026-01-22 18:36:37","","2026-03-18 08:35:41"
"23517","ILP26018511","2026-01-22 16:31:49","","2026-03-23 09:52:25"
"23516","NWP26018849","2026-01-22 16:28:23","","2026-03-15 00:07:50"
"23515","CAP26018820","2026-01-22 16:06:16","","2026-04-19 07:43:30"
"23514","NWP26018345","2026-01-22 16:00:31","","2026-04-05 20:00:14"
"23513","NJP26018305","2026-01-22 13:43:38","","2026-03-01 01:25:04"
"23512","NJP26018825","2026-01-21 18:47:09","","2026-04-01 10:29:59"
"23511","ILP26018410","2026-01-21 17:20:53","","2026-03-28 14:26:12"
"23510","CAP26018863","2026-01-21 13:12:43","","2026-03-18 06:43:41"
"23509","NJP26018977","2026-01-21 13:06:13","","2026-03-25 14:36:43"
"23508","ILP26018842","2026-01-21 11:07:07","","2026-01-26 02:26:59"
"23507","CAP26018781","2026-01-21 10:51:08","","2026-03-16 13:26:03"
"23506","TXP26018972","2026-01-21 10:15:57","2026-01-22","2026-01-27 01:19:49"
"23505","TXP26018849","2026-01-21 07:53:37","2026-02-09","2026-03-24 19:12:17"
"23504","NJP26018936","2026-01-20 16:40:37","","2026-02-11 21:37:48"
"23503","CAP26018350","2026-01-20 14:42:29","","2026-01-23 12:48:28"
"23502","NJP26018651","2026-01-20 14:05:39","","2026-03-15 15:45:46"
"23501","NWP26018380","2026-01-20 12:30:41","","2026-03-13 17:20:57"
"23500","NWP26018487","2026-01-20 09:47:36","","2026-01-31 04:42:11"
"23499","NWP26018621","2026-01-20 09:39:35","","2026-03-30 20:10:30"
"23498","CAP26018666","2026-01-20 08:58:31","","2026-01-31 22:48:55"
"23497","NJP26018100","2026-01-20 08:35:44","","2026-02-28 13:18:40"
"23496","NWP26018199","2026-01-20 08:02:48","","2026-02-07 23:37:27"
"23495","CAP26018569","2026-01-19 18:00:43","","2026-03-26 22:19:39"
"23494","NWP26018811","2026-01-19 16:26:37","","2026-03-20 12:00:34"
"23493","TXP26018098","2026-01-19 13:54:43","","2026-01-23 13:00:50"
"23492","NJP26018420","2026-01-19 13:22:12","","2026-03-19 22:51:08"
"23491","NJP26018523","2026-01-19 12:50:11","","2026-01-31 03:42:39"
"23490","CAP26019202","2026-01-18 17:55:22","","2026-02-02 05:14:03"
"23489","CAP26019061","2026-01-18 17:26:44","","2026-02-13 00:11:22"
"23488","NJP26018576","2026-01-18 14:16:58","","2026-03-16 12:25:22"
"23487","TXP26018410","2026-01-18 13:41:05","","2026-01-24 09:30:02"
"23486","TXP26019134","2026-01-18 13:29:44","","2026-03-27 06:12:21"
"23485","NJP26018884","2026-01-18 12:43:16","","2026-03-24 03:47:55"
"23484","CAP26018979","2026-01-18 10:50:06","","2026-01-22 05:15:37"
"23483","TXP26019092","2026-01-17 19:16:53","","2026-03-29 04:44:50"
"23482","ILP26018841","2026-01-17 18:38:08","","2026-01-22 23:47:09"
"23481","TXP26018353","2026-01-17 17:08:59","","2026-03-27 04:00:01"
"23480","ILP26018964","2026-01-17 16:27:40","","2026-03-10 14:15:55"
"23479","NJP26018745","2026-01-17 14:22:26","2026-01-19","2026-01-24 07:22:06"
"23478","TXP26018710","2026-01-17 13:11:09","","2026-01-24 19:11:51"
"23477","NJP26018702","2026-01-17 11:00:36","","2026-03-07 16:51:41"
"23476","ILP26018191","2026-01-17 10:31:37","","2026-01-26 09:05:27"
"23475","ILP26018577","2026-01-17 10:19:16","","2026-01-25 00:09:41"
"23474","TXP26018297","2026-01-17 09:51:30","","2026-01-30 15:42:44"
"23473","NJP26018264","2026-01-17 08:29:19","","2026-01-21 13:56:09"
"23472","NJP26018190","2026-01-16 17:40:18","","2026-01-25 22:32:46"
"23471","CAP26018259","2026-01-16 17:39:33","","2026-03-24 14:47:00"
"23470","CAP26018096","2026-01-16 15:37:19","","2026-01-21 09:20:56"
"23469","TXP26018882","2026-01-16 15:13:49","","2026-03-12 15:21:09"
"23468","NWP26018241","2026-01-16 09:42:27","","2026-03-31 15:33:39"
"23467","CAP26018218","2026-01-16 07:30:48","","2026-01-27 22:24:38"
"23466","NWP26018753","2026-01-15 19:39:29","","2026-01-22 22:46:09"
"23465","CAP26018349","2026-01-15 18:40:18","","2026-01-20 07:16:31"
"23464","NWP26018082","2026-01-15 17:36:28","","2026-01-21 10:26:32"
"23463","NWP26018151","2026-01-15 17:34:54","","2026-02-24 09:06:05"
"23462","TXP26018800","2026-01-15 15:06:12","","2026-03-27 02:16:04"
"23461","CAP26019136","2026-01-15 13:43:20","","2026-03-16 12:17:48"
"23460","TXP26018525","2026-01-15 13:02:27","","2026-04-25 12:58:32"
"23459","NWP26018541","2026-01-15 12:44:37","","2026-04-05 01:25:12"
"23458","ILP26018029","2026-01-15 10:17:54","","2026-03-23 16:51:51"
"23457","ILP26018722","2026-01-15 10:17:50","","2026-03-19 13:35:15"
"23456","NJP26018130","2026-01-14 18:56:48","","2026-03-04 23:18:29"
"23455","ILP26019018","2026-01-14 18:29:39","","2026-02-28 11:58:05"
"23454","TXP26018214","2026-01-14 16:47:04","","2026-02-19 08:53:56"
"23453","NJP26018458","2026-01-14 14:59:27","","2026-03-18 12:29:34"
"23452","TXP26018971","2026-01-14 14:16:50","","2026-01-18 20:04:40"
"23451","TXP26019189","2026-01-14 14:00:28","","2026-02-18 07:12:51"
"23450","CAP26019172","2026-01-14 12:34:01","","2026-03-23 09:57:32"
"23449","NJP26018068","2026-01-14 11:53:57","","2026-01-19 03:56:33"
"23448","TXP26018464","2026-01-14 10:58:01","","2026-03-06 15:03:48"
"23447","ILP26018319","2026-01-14 10:48:26","","2026-02-27 01:36:11"
"23446","ILP26018227","2026-01-14 08:38:56","","2026-03-07 05:53:06"
"23445","NWP26018127","2026-01-13 19:32:43","","2026-02-19 07:33:34"
"23444","ILP26018840","2026-01-13 19:17:57","","2026-01-20 06:32:18"
"23443","TXP26018709","2026-01-13 16:50:37","","2026-01-26 07:37:18"
"23442","TXP26018609","2026-01-13 12:16:26","","2026-03-04 10:01:37"
"23441","TXP26018097","2026-01-13 11:47:12","","2026-01-16 22:40:54"
"23440","CAP26018410","2026-01-13 09:44:04","","2026-03-03 13:03:58"
"23439","CAP26018730","2026-01-13 09:08:21","","2026-03-26 17:01:38"
"23438","CAP26018150","2026-01-12 19:38:54","","2026-02-14 18:17:18"
"23437","CAP26018665","2026-01-12 17:55:53","","2026-01-23 16:05:02"
"23436","NWP26018675","2026-01-12 17:26:54","","2026-03-15 05:43:45"
"23435","ILP26018081","2026-01-12 17:14:02","","2026-01-17 09:37:22"
"23434","ILP26018357","2026-01-12 17:10:29","","2026-03-13 21:21:03"
"23433","NJP26018339","2026-01-12 15:34:35","","2026-03-08 19:52:23"
"23432","NWP26018283","2026-01-12 10:14:59","2026-01-13","2026-01-20 11:40:06"
"23431","TXP26018169","2026-01-12 09:50:53","","2026-02-27 20:03:21"
"23430","TXP26018825","2026-01-12 07:47:53","","2026-03-24 14:38:12"
"23429","NWP26018486","2026-01-11 19:23:55","","2026-01-22 09:43:18"
"23428","CAP26018505","2026-01-11 16:53:59","","2026-03-07 16:28:18"
"23427","CAP26018455","2026-01-11 12:19:35","","2026-03-23 18:05:28"
"23426","ILP26018576","2026-01-11 11:34:59","","2026-01-20 15:25:06"
"23425","CAP26018978","2026-01-11 10:41:41","2026-01-12","2026-01-14 20:43:16"
"23424","TXP26018494","2026-01-10 18:22:22","2026-01-24","2026-03-15 23:21:23"
"23423","NJP26018024","2026-01-10 17:00:15","","2026-03-02 02:20:08"
"23422","CAP26018095","2026-01-10 13:45:12","","2026-01-15 18:38:56"
"23421","TXP26018409","2026-01-09 19:42:53","2026-01-11","2026-01-14 21:40:57"
"23420","CAP26018780","2026-01-09 19:18:32","","2026-02-27 11:30:49"
"23419","CAP26018568","2026-01-09 18:47:22","","2026-03-08 01:49:15"
"23418","CAP26019237","2026-01-09 16:47:33","","2026-03-24 18:31:35"
"23417","ILP26018756","2026-01-09 16:39:58","","2026-02-20 20:39:56"
"23416","TXP26018555","2026-01-09 10:57:15","","2026-03-30 14:35:26"
"23415","ILP26018268","2026-01-08 18:45:10","","2026-01-15 16:15:48"
"23414","ILP26018409","2026-01-08 17:57:10","","2026-03-18 15:55:43"
"23413","NWP26018883","2026-01-08 17:55:33","","2026-03-16 04:53:06"
"23412","NWP26018198","2026-01-08 17:42:42","","2026-01-24 03:44:01"
"23411","CAP26018433","2026-01-08 16:35:07","","2026-03-14 19:02:32"
"23410","NWP26018081","2026-01-08 15:42:47","","2026-01-12 09:50:23"
"23409","NJP26018935","2026-01-08 11:14:00","","2026-02-22 16:29:21"
"23408","NJP26018378","2026-01-08 10:47:23","","2026-03-03 10:42:31"
"23407","CAP26018348","2026-01-08 09:11:55","","2026-01-17 06:42:03"
"23406","TXP26018296","2026-01-08 08:22:47","2026-01-11","2026-01-24 15:24:37"
"23405","CAP26019060","2026-01-07 19:11:20","","2026-02-28 17:39:35"
"23404","NJP26018522","2026-01-07 18:30:52","2026-01-10","2026-01-18 05:16:55"
"23403","NJP26018304","2026-01-07 17:44:05","","2026-02-24 03:44:35"
"23402","NJP26018851","2026-01-07 17:36:57","","2026-03-09 08:27:58"
"23401","TXP26018708","2026-01-07 15:40:05","","2026-01-17 13:48:27"
"23400","TXP26019045","2026-01-07 13:25:12","","2026-02-21 15:12:22"
"23399","NWP26018620","2026-01-07 12:43:52","","2026-03-14 16:43:54"
"23398","TXP26018970","2026-01-07 10:58:48","","2026-01-11 01:51:15"
"23397","CAP26018862","2026-01-07 10:13:52","","2026-03-19 18:39:08"
"23396","ILP26018152","2026-01-06 19:37:18","","2026-02-22 05:07:03"
"23395","NJP26018673","2026-01-06 18:13:28","2026-01-27","2026-03-18 00:33:58"
"23394","TXP26018096","2026-01-06 16:16:49","","2026-01-11 22:53:48"
"23393","NWP26018910","2026-01-06 10:59:35","","2026-02-27 23:19:10"
"23392","CAP26018977","2026-01-06 10:44:31","","2026-01-12 13:00:54"
"23391","NJP26018575","2026-01-05 19:07:36","","2026-03-08 14:35:24"
"23390","ILP26018839","2026-01-05 18:05:06","","2026-01-11 23:19:26"
"23389","NWP26018379","2026-01-05 16:05:04","","2026-03-12 05:17:38"
"23388","ILP26018123","2026-01-05 15:51:38","","2026-02-25 04:32:35"
"23387","NWP26018752","2026-01-05 15:13:11","","2026-01-09 20:25:00"
"23386","CAP26018094","2026-01-05 11:23:55","","2026-01-09 22:13:47"
"23385","CAP26018664","2026-01-05 10:07:19","","2026-01-14 09:03:51"
"23384","NJP26018621","2026-01-05 09:52:58","","2026-02-19 12:39:03"
"23383","NWP26018427","2026-01-05 09:47:57","","2026-03-02 10:03:55"
"23382","NWP26018016","2026-01-04 19:31:44","","2026-02-22 17:01:22"
"23381","NJP26018787","2026-01-04 19:23:05","2026-01-23","2026-03-04 08:57:23"
"23380","CAP26018899","2026-01-04 16:00:59","","2026-02-21 03:19:11"
"23379","TXP26019091","2026-01-04 15:09:20","","2026-03-14 20:35:35"
"23378","NWP26018344","2026-01-04 14:23:50","","2026-03-29 13:44:04"
"23377","ILP26018904","2026-01-04 12:12:46","","2026-02-17 03:19:53"
"23376","NWP26018848","2026-01-03 17:01:41","2026-01-23","2026-03-15 02:06:51"
"23375","TXP26018707","2026-01-03 16:51:47","","2026-01-16 02:12:50"
"23374","ILP26018931","2026-01-03 16:31:10","","2026-03-19 23:01:25"
"23373","CAP26018819","2026-01-03 15:09:12","","2026-03-12 07:24:27"
"23372","ILP26019017","2026-01-03 13:31:54","2026-01-16","2026-03-13 17:44:35"
"23371","NJP26018189","2026-01-03 11:22:36","","2026-01-16 02:53:18"
"23370","TXP26018578","2026-01-03 10:43:05","","2026-03-16 12:40:34"
"23369","ILP26018575","2026-01-03 08:55:55","","2026-01-11 11:44:34"
"23368","ILP26018028","2026-01-02 18:39:16","","2026-02-22 16:32:09"
"23367","CAP26018174","2026-01-02 17:24:52","","2026-02-03 07:13:52"
"23366","TXP26018969","2026-01-02 15:20:53","","2026-01-05 13:04:18"
"23365","TXP26018095","2026-01-02 14:25:18","","2026-01-07 16:49:05"
"23364","TXP26018213","2026-01-02 13:38:37","","2026-02-16 02:51:29"
"23363","TXP26018295","2026-01-02 12:44:50","","2026-01-17 21:31:35"
"23362","NJP26018067","2026-01-02 12:00:46","","2026-01-08 02:17:17"
"23361","ILP26019057","2026-01-02 11:59:50","","2026-02-03 22:14:54"
"23360","NJP26018419","2026-01-02 10:13:55","","2026-03-04 01:37:49"
"23359","CAP26018347","2026-01-02 10:03:55","","2026-01-04 23:04:53"
"23358","ILP26018655","2026-01-02 08:22:29","","2026-02-01 02:06:45"
"23357","ILP26018318","2026-01-01 17:46:46","2026-01-16","2026-02-10 16:40:28"
"23356","NJP26018883","2026-01-01 16:15:01","","2026-02-21 16:38:42"
"23355","NWP26018540","2026-01-01 16:02:04","","2026-03-08 20:00:19"
"23354","TXP26018524","2026-01-01 15:43:05","","2026-03-29 22:56:37"
"23353","NWP26018485","2026-01-01 12:50:17","","2026-01-08 14:07:29"
"23352","CAP26018976","2026-01-01 12:08:40","","2026-01-06 05:48:07"
"23351","NJP26018744","2026-01-01 11:59:46","","2026-01-05 16:18:40"
"23350","TXP26018771","2026-01-01 09:28:48","","2026-03-06 19:52:26"
"23349","ILP26018190","2026-01-01 09:05:29","","2026-01-17 22:40:01"
"23348","CAP25128258","2025-12-31 17:02:15","","2026-02-26 15:26:11"
"23347","ILP25128963","2025-12-31 15:09:32","","2026-03-03 00:44:37"
"23346","TXP25128881","2025-12-31 14:35:29","","2026-02-14 18:29:44"
"23345","ILP25128838","2025-12-31 12:05:12","","2026-01-05 18:50:41"
"23344","CAP25128217","2025-12-31 09:54:31","","2026-01-18 14:50:12"
"23343","NWP25128080","2025-12-31 08:18:05","","2026-01-04 18:21:40"
"23342","ILP25128721","2025-12-31 07:40:06","","2026-03-08 23:39:13"
"23341","CAP25129096","2025-12-30 19:23:39","","2026-03-08 12:08:35"
"23340","NJP25128263","2025-12-30 19:13:16","","2026-01-05 16:22:41"
"23339","NWP25128405","2025-12-30 17:37:03","","2026-03-14 00:58:27"
"23338","NWP25128282","2025-12-30 15:51:18","","2026-01-05 02:11:02"
"23337","ILP25128626","2025-12-30 15:04:11","","2026-03-11 08:03:43"
"23336","CAP25128729","2025-12-30 13:22:11","","2026-03-08 07:55:22"
"23335","NWP25128314","2025-12-30 10:28:32","","2026-02-18 16:11:48"
"23334","ILP25128453","2025-12-30 09:58:42","","2026-03-21 16:41:09"
"23333","ILP25128267","2025-12-29 19:05:11","","2026-01-04 12:58:51"
"23332","CAP25128504","2025-12-29 18:37:01","","2026-02-16 00:12:20"
"23331","NJP25128228","2025-12-29 18:01:38","","2026-03-15 01:18:13"
"23330","TXP25129188","2025-12-29 17:50:26","","2026-01-27 12:42:08"
"23329","CAP25128093","2025-12-29 16:30:37","","2026-01-02 21:14:52"
"23328","CAP25129059","2025-12-29 15:30:54","","2026-02-20 23:48:48"
"23327","NJP25128976","2025-12-29 13:02:43","","2026-03-09 08:10:35"
"23326","TXP25128408","2025-12-29 12:57:53","","2026-01-05 23:28:44"
"23325","TXP25128706","2025-12-29 12:32:15","","2026-01-10 17:24:33"
"23324","NJP25128824","2025-12-29 10:51:41","","2026-03-20 20:24:03"
"23323","CAP25129135","2025-12-29 08:44:02","2026-01-13","2026-02-24 18:17:03"
"23322","CAP25128604","2025-12-29 07:48:51","","2026-01-29 11:19:42"
"23321","TXP25129133","2025-12-29 07:44:53","","2026-02-27 18:55:15"
"23320","TXP25128968","2025-12-28 19:32:22","","2026-01-02 20:33:32"
"23319","TXP25128094","2025-12-28 15:04:18","","2026-01-02 01:37:37"
"23318","ILP25128408","2025-12-28 11:46:25","2026-01-02","2026-02-02 03:44:05"
"23317","NWP25128674","2025-12-28 09:58:22","","2026-02-25 15:57:08"
"23316","TXP25128294","2025-12-28 09:45:05","2025-12-30","2026-01-07 13:17:54"
"23315","NWP25128751","2025-12-28 08:17:07","","2026-01-02 17:46:26"
"23314","ILP25128080","2025-12-28 08:13:26","","2026-01-03 08:27:22"
"23313","NJP25128487","2025-12-28 08:07:02","","2026-02-21 22:46:26"
"23312","CAP25128567","2025-12-28 07:55:30","","2026-03-05 23:03:59"
"23311","NWP25128197","2025-12-27 18:35:21","","2026-01-14 04:02:01"
"23310","CAP25128346","2025-12-27 17:13:17","","2025-12-31 14:03:56"
"23309","ILP25128837","2025-12-27 16:51:50","2025-12-30","2026-01-04 04:56:59"
"23308","ILP25128226","2025-12-27 11:49:44","","2026-02-26 07:36:17"
"23307","NWP25128788","2025-12-27 09:41:57","","2026-02-13 14:20:35"
"23306","TXP25128463","2025-12-27 08:46:10","","2026-02-23 06:56:28"
"23305","TXP25128608","2025-12-26 19:12:11","","2026-02-21 14:53:14"
"23304","NJP25128701","2025-12-26 14:19:56","","2026-02-05 21:30:30"
"23303","ILP25128510","2025-12-26 13:11:25","","2026-02-08 22:10:04"
"23302","NJP25128650","2025-12-26 12:17:39","","2026-03-18 15:55:49"
"23301","CAP25129236","2025-12-26 11:33:48","","2026-02-01 21:35:39"
"23300","CAP25128663","2025-12-26 08:36:51","","2026-01-06 07:12:22"
"23299","ILP25128483","2025-12-26 08:31:59","2026-01-03","2026-02-23 14:37:59"
"23298","NJP25128188","2025-12-25 19:42:32","","2026-01-06 05:26:13"
"23297","ILP25128574","2025-12-25 12:10:16","","2026-01-04 18:30:11"
"23296","CAP25128975","2025-12-25 08:30:02","2025-12-27","2025-12-30 16:09:06"
"23295","NJP25128934","2025-12-24 16:29:44","","2026-01-30 22:12:26"
"23294","ILP25128356","2025-12-24 14:29:50","","2026-03-22 12:08:42"
"23293","NWP25128810","2025-12-24 14:29:39","","2026-03-04 01:40:16"
"23292","TXP25128705","2025-12-24 13:37:06","","2026-01-07 01:29:40"
"23291","NJP25128457","2025-12-24 12:59:07","2026-01-09","2026-03-09 22:31:58"
"23290","TXP25128168","2025-12-24 10:34:46","","2026-02-12 09:32:09"
"23289","NJP25128099","2025-12-24 07:52:33","","2026-01-30 16:11:34"
"23288","CAP25128345","2025-12-23 13:14:23","","2025-12-28 12:43:59"
"23287","CAP25128014","2025-12-23 12:44:25","2026-01-01","2026-02-09 18:24:19"
"23286","CAP25128779","2025-12-23 12:11:53","","2026-02-09 18:58:25"
"23285","CAP25128092","2025-12-23 11:55:36","","2025-12-28 01:26:55"
"23284","NWP25128619","2025-12-23 10:02:21","","2026-02-21 08:49:10"
"23283","NJP25128574","2025-12-23 09:11:11","","2026-03-03 22:21:55"
"23282","NWP25128079","2025-12-23 08:42:49","","2025-12-29 08:21:19"
"23281","NWP25128378","2025-12-22 16:22:48","","2026-02-11 19:14:37"
"23280","ILP25128755","2025-12-22 16:16:27","","2026-02-07 21:10:08"
"23279","NJP25128023","2025-12-22 12:28:32","","2026-02-08 00:36:20"
"23278","NWP25128572","2025-12-22 12:17:42","","2026-02-04 05:28:45"
"23277","TXP25128799","2025-12-22 10:08:42","2025-12-31","2026-02-27 17:33:37"
"23276","TXP25128967","2025-12-22 09:48:56","","2025-12-25 09:40:59"
"23275","NWP25128484","2025-12-22 09:34:51","","2025-12-30 14:16:43"
"23274","CAP25129201","2025-12-22 09:22:50","","2026-02-05 20:15:39"
"23273","NJP25128377","2025-12-22 08:51:41","2026-01-07","2026-02-24 01:26:08"
"23272","CAP25128861","2025-12-21 18:25:55","","2026-02-25 15:24:15"
"23271","TXP25128848","2025-12-21 17:10:10","","2026-02-12 03:04:28"
"23270","TXP25128407","2025-12-21 15:16:50","","2025-12-25 17:13:38"
"23269","NWP25128240","2025-12-21 14:51:35","","2026-02-15 11:45:01"
"23268","TXP25129090","2025-12-21 14:37:16","","2026-03-01 19:05:20"
"23267","NJP25128786","2025-12-21 13:41:12","","2026-02-17 21:07:06"
"23266","NJP25128521","2025-12-21 13:24:45","2025-12-24","2025-12-28 08:02:46"
"23265","TXP25129044","2025-12-21 13:23:16","","2026-02-16 15:35:40"
"23264","TXP25128093","2025-12-21 12:59:11","","2025-12-25 21:52:51"
"23263","NJP25128066","2025-12-21 09:08:59","","2025-12-25 18:50:26"
"23262","ILP25129016","2025-12-21 08:13:34","","2026-01-23 04:54:53"
"23261","NWP25128882","2025-12-20 17:15:00","","2026-01-19 19:08:30"
"23260","NWP25128847","2025-12-20 16:05:30","2025-12-29","2026-02-21 13:37:20"
"23259","ILP25128317","2025-12-20 15:29:58","","2026-02-02 16:40:02"
"23258","ILP25128836","2025-12-20 13:00:38","","2025-12-22 20:24:48"
"23257","NJP25128129","2025-12-20 12:36:45","","2026-02-03 06:25:03"
"23256","ILP25128682","2025-12-19 15:47:32","","2026-02-24 11:30:37"
"23255","TXP25128293","2025-12-19 15:31:06","","2026-01-03 05:50:03"
"23254","TXP25128352","2025-12-19 14:30:58","","2026-02-22 11:53:14"
"23253","TXP25128013","2025-12-19 12:54:02","","2026-02-21 06:58:56"
"23252","NJP25128338","2025-12-19 11:54:23","","2026-02-07 09:05:51"
"23251","CAP25128974","2025-12-19 11:39:11","","2025-12-22 08:32:00"
"23250","ILP25128122","2025-12-19 08:25:31","","2026-01-08 17:44:16"
"23249","TXP25128704","2025-12-19 08:15:35","","2025-12-29 14:27:49"
"23248","CAP25128432","2025-12-18 18:36:54","","2026-02-25 17:29:55"
"23247","ILP25129080","2025-12-18 18:17:51","","2026-03-03 20:29:53"
"23246","NWP25128150","2025-12-18 17:48:57","","2026-02-02 03:55:47"
"23245","CAP25128344","2025-12-18 17:27:03","","2025-12-23 07:48:32"
"23244","CAP25129134","2025-12-18 13:21:14","","2026-02-17 01:58:26"
"23243","NWP25128281","2025-12-18 12:47:01","","2025-12-22 23:06:32"
"23242","CAP25128091","2025-12-18 12:00:47","","2025-12-25 03:03:51"
"23241","ILP25128573","2025-12-18 11:41:26","","2025-12-27 22:41:18"
"23240","CAP25128503","2025-12-18 11:31:57","","2026-02-25 17:06:12"
"23239","TXP25129160","2025-12-18 11:17:28","","2026-01-23 03:03:36"
"23238","NJP25128620","2025-12-18 08:08:55","2026-01-04","2026-02-13 13:14:23"
"23237","NJP25128187","2025-12-17 19:03:24","","2026-01-01 15:50:16"
"23236","CAP25128728","2025-12-17 17:30:21","2026-01-06","2026-02-20 03:13:47"
"23235","CAP25128409","2025-12-17 16:00:05","","2026-02-08 12:51:34"
"23234","NJP25128303","2025-12-17 12:43:22","","2026-02-14 06:57:34"
"23233","NJP25128743","2025-12-16 19:00:35","","2025-12-21 17:46:32"
"23232","NWP25128483","2025-12-16 18:02:58","","2025-12-26 10:40:43"
"23231","CAP25129058","2025-12-16 16:24:22","","2026-02-09 13:31:39"
"23230","ILP25128720","2025-12-16 16:04:56","","2026-02-15 03:46:47"
"23229","CAP25129171","2025-12-16 15:30:13","","2026-02-08 02:19:01"
"23228","TXP25128092","2025-12-16 11:33:15","2025-12-18","2025-12-21 15:40:55"
"23227","NWP25128706","2025-12-16 10:56:18","","2026-02-01 00:54:07"
"23226","NJP25128933","2025-12-16 09:31:58","","2026-01-20 05:34:57"
"23225","TXP25128493","2025-12-16 09:28:47","","2026-03-13 21:28:10"
"23224","CAP25128662","2025-12-16 09:11:17","","2025-12-22 01:46:43"
"23223","TXP25128212","2025-12-15 18:55:27","","2026-01-25 04:44:44"
"23222","ILP25128027","2025-12-15 16:53:10","","2026-02-04 23:26:22"
"23221","NJP25128823","2025-12-15 16:40:12","","2026-02-15 18:35:58"
"23220","NJP25128573","2025-12-15 14:43:07","","2026-02-28 16:08:25"
"23219","CAP25128898","2025-12-15 12:46:48","2025-12-23","2026-01-29 21:54:45"
"23218","CAP25128818","2025-12-15 08:54:53","","2026-01-29 07:24:37"
"23217","NWP25128750","2025-12-15 08:22:27","","2025-12-20 03:57:04"
"23216","ILP25128189","2025-12-14 19:15:39","","2025-12-23 06:49:43"
"23215","CAP25128216","2025-12-14 17:52:27","2025-12-16","2025-12-25 18:31:34"
"23214","ILP25128407","2025-12-14 15:51:54","","2026-02-23 04:54:18"
"23213","TXP25128966","2025-12-14 14:07:20","","2025-12-20 13:57:47"
"23212","ILP25128266","2025-12-14 13:12:47","2025-12-16","2025-12-21 16:46:45"
"23211","TXP25128523","2025-12-14 08:21:33","","2026-02-17 04:38:19"
"23210","ILP25128835","2025-12-13 19:46:25","","2025-12-18 19:27:10"
"23209","TXP25128703","2025-12-13 19:24:59","2025-12-15","2025-12-19 15:38:12"
"23208","NWP25128618","2025-12-13 17:59:59","","2026-02-12 10:50:49"
"23207","NWP25128078","2025-12-13 13:05:47","","2025-12-19 19:15:13"
"23206","NWP25128196","2025-12-13 11:26:11","","2025-12-24 04:59:32"
"23205","ILP25128079","2025-12-13 11:09:33","2025-12-14","2025-12-19 09:12:02"
"23204","CAP25128566","2025-12-13 10:05:32","","2026-02-12 13:20:51"
"23203","TXP25128554","2025-12-13 09:33:45","","2026-02-11 23:07:25"
"23202","NWP25128539","2025-12-13 08:46:14","","2026-02-15 19:35:45"
"23201","NJP25128672","2025-12-12 16:42:02","","2026-02-11 14:37:26"
"23200","CAP25128973","2025-12-12 14:31:09","","2025-12-16 01:15:13"
"23199","ILP25128962","2025-12-12 08:50:55","2025-12-31","2026-02-25 01:11:49"
"23198","NJP25128882","2025-12-12 08:14:00","","2026-01-22 18:43:49"
"23197","ILP25128452","2025-12-11 18:07:34","","2026-01-31 09:15:34"
"23196","NWP25128673","2025-12-11 18:04:19","","2026-02-10 22:05:39"
"23195","TXP25128292","2025-12-11 17:03:49","","2025-12-23 23:23:36"
"23194","CAP25129235","2025-12-11 12:28:04","","2026-02-11 12:16:10"
"23193","TXP25128462","2025-12-11 12:13:55","","2026-01-30 12:09:19"
"23192","CAP25128343","2025-12-11 08:53:25","2025-12-11","2025-12-16 14:00:30"
"23191","NJP25128262","2025-12-11 08:42:53","","2025-12-19 01:45:15"
"23190","NJP25128850","2025-12-10 17:16:54","2025-12-29","2026-02-08 04:21:34"
"23189","NWP25128343","2025-12-10 17:02:25","2025-12-21","2026-01-22 16:24:22"
"23188","ILP25128572","2025-12-10 11:42:38","","2025-12-17 12:45:45"
"23187","ILP25128225","2025-12-10 10:21:32","","2026-02-16 00:50:13"
"23186","ILP25128654","2025-12-10 09:45:11","","2026-01-21 23:13:39"
"23185","CAP25128090","2025-12-10 08:52:52","","2025-12-14 09:00:40"
"23184","NJP25128418","2025-12-10 08:00:49","","2026-01-15 06:02:15"
"23183","CAP25128860","2025-12-09 19:18:25","","2026-02-01 17:04:56"
"23182","NJP25128975","2025-12-09 19:02:34","","2026-02-12 20:18:15"
"23181","TXP25128880","2025-12-09 18:05:50","2025-12-22","2026-01-29 05:57:18"
"23180","NWP25128846","2025-12-09 14:18:35","2025-12-21","2026-03-05 08:48:02"
"23179","ILP25128151","2025-12-09 12:56:33","","2026-01-19 04:07:56"
"23178","TXP25128091","2025-12-09 12:43:27","2025-12-10","2025-12-13 06:37:03"
"23177","TXP25128702","2025-12-09 10:16:45","","2025-12-20 20:58:42"
"23176","TXP25128406","2025-12-09 09:56:20","","2025-12-12 21:43:42"
"23175","TXP25128965","2025-12-09 08:48:42","","2025-12-13 06:59:36"
"23174","TXP25129187","2025-12-08 19:03:06","","2026-02-03 08:34:56"
"23173","TXP25128577","2025-12-08 15:36:59","2025-12-16","2026-02-05 09:29:28"
"23172","ILP25128903","2025-12-08 15:27:37","","2026-01-27 04:27:10"
"23171","CAP25128661","2025-12-08 14:59:34","","2025-12-20 07:11:26"
"23170","ILP25129056","2025-12-08 11:33:09","","2026-01-11 21:46:58"
"23169","CAP25128502","2025-12-08 11:23:43","","2026-01-30 20:35:26"
"23168","NJP25128186","2025-12-08 10:45:25","","2025-12-25 21:21:56"
"23167","ILP25128834","2025-12-08 08:12:08","","2025-12-11 15:38:46"
"23166","CAP25128778","2025-12-07 17:35:10","2025-12-12","2026-01-24 05:05:43"
"23165","TXP25128824","2025-12-07 17:01:19","","2026-02-17 07:25:44"
"23164","ILP25129015","2025-12-07 16:46:05","","2026-01-23 21:04:40"
"23163","TXP25129089","2025-12-07 15:53:20","2025-12-31","2026-02-25 04:32:10"
"23162","NWP25128482","2025-12-07 15:40:26","","2025-12-18 05:03:31"
"23161","TXP25129132","2025-12-07 13:29:32","","2026-02-03 16:00:55"
"23160","CAP25128342","2025-12-07 12:56:33","","2025-12-12 02:51:31"
"23159","NJP25128456","2025-12-07 10:31:00","2026-01-02","2026-02-18 03:06:54"
"23158","NWP25128909","2025-12-07 10:23:52","2025-12-14","2026-01-13 15:34:52"
"23157","CAP25128149","2025-12-07 08:31:37","","2026-01-18 16:12:40"
"23156","NJP25128520","2025-12-06 17:48:24","","2025-12-16 03:43:00"
"23155","NJP25128376","2025-12-06 16:02:17","","2026-01-17 21:14:26"
"23154","CAP25128972","2025-12-06 15:28:04","","2025-12-10 06:21:39"
"23153","TXP25128798","2025-12-06 11:39:01","","2026-01-20 10:58:25"
"23152","ILP25128316","2025-12-06 10:31:28","","2026-01-15 16:49:29"
"23151","NWP25128280","2025-12-06 10:09:36","","2025-12-12 07:24:42"
"23150","TXP25128607","2025-12-06 09:07:11","","2026-02-23 14:04:35"
"23149","TXP25128167","2025-12-06 08:07:03","","2026-01-05 02:58:17"
"23148","TXP25129043","2025-12-05 17:22:56","2025-12-15","2026-01-24 11:19:01"
"23147","ILP25128625","2025-12-05 15:52:24","","2026-02-08 15:43:02"
"23146","TXP25128291","2025-12-05 15:32:02","","2025-12-26 21:23:05"
"23145","CAP25128454","2025-12-05 15:28:32","2025-12-17","2026-02-27 04:26:11"
"23144","NWP25128749","2025-12-05 13:53:32","","2025-12-09 23:39:16"
"23143","ILP25128406","2025-12-05 12:30:11","","2026-03-02 08:06:00"
"23142","CAP25128257","2025-12-05 12:18:19","","2026-02-17 23:48:33"
"23141","NJP25128649","2025-12-05 11:11:07","","2026-02-21 05:45:56"
"23140","NWP25128077","2025-12-05 10:58:21","","2025-12-11 22:22:20"
"23139","ILP25128482","2025-12-05 08:55:57","2025-12-14","2026-02-05 12:48:08"
"23138","CAP25128089","2025-12-04 19:25:53","","2025-12-09 04:20:50"
"23137","NJP25128065","2025-12-04 19:10:35","2025-12-05","2025-12-10 03:26:10"
"23136","ILP25128719","2025-12-04 19:00:11","","2026-01-19 19:46:21"
"23135","ILP25128930","2025-12-04 18:46:09","","2026-02-16 20:19:56"
"23134","NJP25128785","2025-12-04 18:06:23","","2026-01-17 03:42:45"
"23133","TXP25128770","2025-12-04 18:01:12","","2026-02-10 23:14:49"
"23132","ILP25128754","2025-12-04 17:54:05","","2026-01-16 14:06:29"
"23131","NWP25128126","2025-12-04 16:05:37","","2026-02-17 06:19:24"
"23130","NJP25128572","2025-12-04 15:56:51","","2026-02-09 22:42:56"
"23129","CAP25129133","2025-12-04 10:16:11","","2026-02-02 16:01:50"
"23128","CAP25128727","2025-12-04 10:04:12","","2026-01-28 01:23:20"
"23127","ILP25128355","2025-12-04 09:36:45","2025-12-12","2026-02-14 20:20:04"
"23126","CAP25128173","2025-12-03 18:37:35","","2026-01-17 09:42:40"
"23125","NJP25128337","2025-12-03 16:51:39","","2026-01-13 13:13:22"
"23124","ILP25128078","2025-12-03 12:53:23","","2025-12-08 16:57:22"
"23123","NWP25128239","2025-12-03 12:27:35","","2026-02-03 18:47:36"
"23122","NWP25128617","2025-12-03 12:08:41","","2026-02-01 16:16:41"
"23121","NJP25128932","2025-12-03 08:33:34","","2026-02-03 03:24:21"
"23120","TXP25128701","2025-12-03 08:24:55","","2025-12-10 17:34:03"
"23119","ILP25128571","2025-12-02 19:25:36","","2025-12-10 06:13:42"
"23118","TXP25128964","2025-12-02 19:16:46","","2025-12-07 14:08:49"
"23117","CAP25129057","2025-12-02 18:28:18","","2026-01-23 04:17:51"
"23116","NJP25128742","2025-12-02 16:27:07","","2025-12-05 18:47:52"
"23115","TXP25128090","2025-12-02 16:23:10","","2025-12-06 22:35:47"
"23114","NWP25128195","2025-12-02 14:08:20","","2025-12-17 22:07:14"
"23113","NWP25128313","2025-12-02 13:52:13","2025-12-12","2026-01-28 04:13:51"
"23112","NJP25128022","2025-12-02 12:56:52","2025-12-15","2026-01-14 11:15:19"
"23111","NWP25128015","2025-12-02 10:41:51","","2026-01-16 04:20:55"
"23110","CAP25128565","2025-12-02 09:41:00","","2026-02-05 09:36:23"
"23109","CAP25128603","2025-12-02 09:15:44","","2026-02-24 03:14:00"
"23108","ILP25128188","2025-12-02 09:01:12","","2025-12-17 09:49:38"
"23107","CAP25128971","2025-12-01 12:41:49","","2025-12-03 04:40:46"
"23106","CAP25128660","2025-12-01 11:47:03","2025-12-03","2025-12-10 17:45:02"
"23105","CAP25128341","2025-12-01 11:23:58","","2025-12-07 20:29:00"
"23104","CAP25128501","2025-12-01 09:14:26","2025-12-19","2026-01-20 09:42:32"
"23103","ILP25118833","2025-11-30 17:23:42","","2025-12-05 21:06:13"
"23102","NWP25118377","2025-11-30 15:15:36","","2026-01-27 04:25:23"
"23101","CAP25119200","2025-11-30 14:37:29","","2026-01-02 12:39:55"
"23100","NJP25118700","2025-11-30 13:26:48","","2026-01-18 21:31:19"
"23099","NJP25118185","2025-11-30 13:09:06","","2025-12-20 04:44:19"
"23098","NJP25118822","2025-11-30 13:00:37","","2026-01-26 22:36:20"
"23097","NWP25118672","2025-11-30 09:16:13","2025-12-16","2026-01-27 18:26:23"
"23096","TXP25118290","2025-11-30 07:59:08","","2025-12-14 14:03:35"
"23095","ILP25118026","2025-11-29 16:17:55","","2026-01-26 13:01:44"
"23094","NJP25118128","2025-11-29 14:14:29","","2026-01-11 11:58:09"
"23093","NJP25118619","2025-11-29 12:17:20","","2026-01-15 08:06:44"
"23092","ILP25119014","2025-11-29 10:23:10","","2026-01-19 19:32:53"
"23091","CAP25118215","2025-11-29 07:58:40","","2025-12-12 05:08:32"
"23090","NWP25118076","2025-11-28 17:20:38","","2025-12-02 04:39:05"
"23089","CAP25118859","2025-11-28 12:56:23","","2026-02-07 07:14:35"
"23088","ILP25118265","2025-11-28 10:07:41","","2025-12-04 09:08:15"
"23087","TXP25118700","2025-11-28 10:02:04","","2025-12-10 08:14:18"
"23086","TXP25118351","2025-11-28 09:02:35","","2026-01-24 01:29:09"
"23085","TXP25118461","2025-11-28 08:05:06","","2026-01-17 20:25:51"
"23084","NWP25118787","2025-11-27 18:06:39","","2025-12-28 01:34:35"
"23083","CAP25118088","2025-11-27 17:31:51","","2025-12-03 13:36:11"
"23082","ILP25118315","2025-11-27 11:39:37","2025-12-13","2026-01-15 00:22:22"
"23081","CAP25118817","2025-11-27 09:28:19","","2026-02-19 19:52:20"
"23080","NWP25118404","2025-11-27 09:11:47","","2026-01-15 11:32:33"
"23079","TXP25119088","2025-11-26 18:33:46","","2026-01-25 05:16:48"
"23078","TXP25118211","2025-11-26 17:48:20","","2026-01-09 14:33:45"
"23077","TXP25118405","2025-11-26 15:52:22","","2025-12-02 00:30:29"
"23076","ILP25118405","2025-11-26 15:51:01","","2026-02-13 15:05:25"
"23075","ILP25118509","2025-11-26 15:26:40","","2026-02-02 22:23:24"
"23074","NJP25118881","2025-11-26 15:09:14","","2025-12-30 05:53:06"
"23073","NWP25118481","2025-11-26 13:20:17","","2025-12-05 17:12:21"
"23072","TXP25118089","2025-11-26 09:13:22","","2025-11-30 05:44:11"
"23071","TXP25118879","2025-11-26 08:10:27","","2026-01-13 11:03:32"
"23070","NJP25118302","2025-11-25 19:18:40","2025-12-09","2026-01-13 21:02:00"
"23069","ILP25118451","2025-11-25 18:58:52","","2026-01-23 23:08:20"
"23068","ILP25118121","2025-11-25 17:54:08","","2025-12-21 02:23:41"
"23067","TXP25118963","2025-11-25 15:41:22","2025-11-26","2025-12-01 05:23:07"
"23066","CAP25118897","2025-11-25 14:27:32","2025-12-01","2026-01-15 12:00:34"
"23065","ILP25118681","2025-11-25 14:13:09","2025-12-08","2026-01-23 09:18:42"
"23064","NWP25118616","2025-11-25 13:08:29","2025-12-05","2026-01-29 18:12:46"
"23063","NWP25118571","2025-11-25 12:01:18","2025-12-02","2025-12-27 12:00:39"
"23062","TXP25118289","2025-11-25 10:10:52","2025-11-27","2025-12-05 11:10:33"
"23061","NWP25118149","2025-11-24 19:15:34","","2026-01-08 13:48:13"
"23060","ILP25118832","2025-11-24 18:07:04","","2025-11-28 15:38:21"
"23059","TXP25119042","2025-11-24 18:00:16","","2026-01-13 15:02:23"
"23058","NWP25118426","2025-11-24 17:32:03","2025-12-11","2026-01-24 11:41:21"
"23057","ILP25119079","2025-11-24 17:15:56","","2026-01-24 02:17:18"
"23056","ILP25118570","2025-11-24 17:00:59","","2025-12-01 21:05:58"
"23055","NWP25118279","2025-11-24 16:14:03","2025-11-25","2025-11-28 13:13:26"
"23054","CAP25118970","2025-11-24 13:06:13","","2025-11-29 13:26:37"
"23053","CAP25118431","2025-11-24 12:54:30","","2025-12-28 22:52:29"
"23052","NWP25118748","2025-11-24 11:28:33","","2025-11-27 14:33:55"
"23051","CAP25118340","2025-11-24 08:37:33","","2025-11-30 08:24:48"
"23050","CAP25118726","2025-11-23 17:31:57","","2026-01-24 13:55:20"
"23049","NJP25118486","2025-11-23 17:24:17","","2026-01-20 18:53:15"
"23048","NJP25118931","2025-11-23 17:03:54","","2026-01-01 09:37:44"
"23047","CAP25119095","2025-11-23 16:04:58","","2026-01-19 16:43:15"
"23046","NWP25118881","2025-11-23 15:16:11","","2025-12-31 20:34:37"
"23045","CAP25118564","2025-11-23 12:20:43","","2026-02-07 16:49:47"
"23044","NJP25118519","2025-11-23 12:20:04","","2025-12-03 05:49:15"
"23043","CAP25119234","2025-11-23 11:48:18","","2026-01-19 02:34:00"
"23042","TXP25119131","2025-11-23 11:15:44","","2026-01-22 15:59:29"
"23041","NJP25118261","2025-11-23 09:49:14","","2025-11-26 12:54:01"
"23040","CAP25118659","2025-11-23 09:19:17","","2025-12-05 09:50:33"
"23039","TXP25118522","2025-11-22 19:36:34","","2026-01-29 03:39:55"
"23038","TXP25118847","2025-11-22 19:02:52","2025-12-04","2026-01-24 07:35:59"
"23037","NWP25118809","2025-11-22 18:47:28","","2026-01-29 22:55:06"
"23036","TXP25118699","2025-11-22 14:26:38","","2025-11-29 13:05:52"
"23035","NJP25118227","2025-11-22 12:11:13","","2026-01-22 00:25:43"
"23034","NWP25118194","2025-11-22 11:46:17","","2025-12-04 16:23:51"
"23033","NWP25118538","2025-11-22 11:38:15","","2026-01-28 16:08:37"
"23032","NWP25118705","2025-11-22 11:04:35","","2026-01-04 19:22:33"
"23031","NJP25118184","2025-11-22 10:01:20","","2025-12-03 06:11:17"
"23030","CAP25118500","2025-11-22 09:33:47","","2026-01-04 05:49:03"
"23029","CAP25118777","2025-11-22 09:16:27","","2026-01-04 05:34:44"
"23028","NJP25118417","2025-11-22 09:00:33","","2026-01-07 23:39:30"
"23027","ILP25118077","2025-11-21 19:16:02","","2025-11-28 06:56:07"
"23026","NJP25118064","2025-11-21 18:09:29","","2025-11-26 10:40:31"
"23025","NJP25118098","2025-11-21 14:33:16","2025-12-04","2026-01-12 02:50:26"
"23024","NJP25118571","2025-11-21 13:26:00","2025-12-03","2026-01-24 10:29:20"
"23023","CAP25118087","2025-11-21 11:34:22","","2025-11-26 07:34:45"
"23022","NJP25118375","2025-11-21 11:23:09","","2026-01-07 13:51:56"
"23021","TXP25118088","2025-11-20 13:31:33","","2025-11-24 19:43:01"
"23020","CAP25119056","2025-11-20 13:08:40","","2026-01-09 18:26:02"
"23019","TXP25118962","2025-11-20 12:48:36","","2025-11-27 13:42:30"
"23018","ILP25118831","2025-11-20 12:36:20","","2025-11-28 00:12:49"
"23017","NWP25118845","2025-11-20 10:46:20","","2026-01-09 22:00:21"
"23016","NWP25118480","2025-11-20 08:38:03","","2025-11-29 23:58:05"
"23015","TXP25118166","2025-11-19 19:29:40","","2026-01-10 09:28:53"
"23014","CAP25118339","2025-11-19 18:33:40","2025-11-20","2025-11-22 18:18:23"
"23013","NWP25118671","2025-11-19 18:09:59","","2026-01-03 02:06:56"
"23012","NWP25118075","2025-11-19 15:39:17","","2025-11-26 00:24:01"
"23011","ILP25118961","2025-11-19 13:31:06","","2026-01-03 13:50:53"
"23010","CAP25119170","2025-11-18 18:34:22","","2026-01-16 21:55:38"
"23009","ILP25119055","2025-11-18 17:26:15","","2026-01-14 10:20:52"
"23008","ILP25119013","2025-11-18 11:06:38","","2025-12-25 05:08:11"
"23007","TXP25118404","2025-11-18 09:28:03","","2025-11-24 12:22:56"
"23006","ILP25118653","2025-11-17 18:35:52","","2026-01-23 08:47:44"
"23005","ILP25118150","2025-11-17 14:45:28","2025-12-04","2025-12-30 19:51:41"
"23004","NJP25118741","2025-11-17 13:15:56","","2025-11-23 09:06:07"
"23003","TXP25118698","2025-11-17 10:35:00","2025-11-20","2025-11-28 19:26:28"
"23002","CAP25119132","2025-11-17 09:31:53","","2026-01-08 00:46:20"
"23001","CAP25118013","2025-11-17 08:55:33","2025-12-06","2026-01-07 18:32:48"
"23000","ILP25118718","2025-11-16 18:59:51","","2026-01-17 17:30:15"
"22999","NWP25118908","2025-11-16 18:49:27","","2025-12-27 05:06:50"
"22998","TXP25118288","2025-11-16 17:45:01","","2025-11-27 06:30:56"
"22997","ILP25118224","2025-11-16 15:14:55","","2026-01-16 00:42:33"
"22996","NWP25118342","2025-11-16 14:46:36","","2026-02-02 06:01:17"
"22995","CAP25118086","2025-11-16 12:36:47","","2025-11-22 01:16:21"
"22994","CAP25118969","2025-11-16 12:29:20","","2025-11-20 16:23:39"
"22993","CAP25118658","2025-11-16 11:58:21","","2025-11-27 09:24:06"
"22992","TXP25118460","2025-11-16 11:45:53","2025-12-04","2026-01-10 19:22:31"
"22991","NJP25118455","2025-11-16 08:20:49","","2026-01-27 13:52:58"
"22990","ILP25118187","2025-11-15 18:42:22","2025-11-17","2025-12-04 02:13:41"
"22989","TXP25118210","2025-11-15 17:51:38","","2025-12-27 17:49:17"
"22988","TXP25119087","2025-11-15 17:39:54","","2026-01-09 20:24:06"
"22987","CAP25118499","2025-11-15 16:27:33","","2026-01-11 19:37:09"
"22986","TXP25119159","2025-11-15 16:17:38","","2026-01-03 03:14:10"
"22985","ILP25118354","2025-11-15 14:36:46","","2026-02-07 01:04:49"
"22984","ILP25118569","2025-11-15 14:19:41","","2025-11-28 14:09:28"
"22983","ILP25118404","2025-11-15 10:28:35","","2026-01-18 20:39:50"
"22982","TXP25118797","2025-11-15 09:18:38","","2025-12-21 21:58:22"
"22981","CAP25118408","2025-11-14 19:29:11","","2025-12-30 14:35:12"
"22980","ILP25118902","2025-11-14 19:06:11","","2026-01-19 13:40:55"
"22979","NJP25118021","2025-11-14 19:01:39","2025-11-22","2026-01-05 15:34:09"
"22978","NJP25118183","2025-11-14 18:36:17","","2025-11-26 13:29:00"
"22977","CAP25118563","2025-11-14 16:26:44","2025-11-29","2026-01-14 14:22:45"
"22976","CAP25118338","2025-11-14 13:27:30","","2025-11-19 22:18:58"
"22975","TXP25118961","2025-11-14 13:23:22","","2025-11-18 04:52:48"
"22974","TXP25118606","2025-11-14 13:17:20","","2025-12-29 06:20:45"
"22973","CAP25118858","2025-11-14 12:22:54","","2026-01-05 12:26:39"
"22972","TXP25118087","2025-11-14 10:33:21","2025-11-16","2025-11-20 03:16:03"
"22971","ILP25118830","2025-11-13 17:01:03","","2025-11-19 16:23:21"
"22970","TXP25119041","2025-11-13 16:39:51","2025-11-22","2025-12-30 10:41:06"
"22969","CAP25118214","2025-11-13 16:34:46","","2025-11-25 06:09:22"
"22968","NJP25118671","2025-11-13 15:53:21","","2026-01-04 09:13:45"
"22967","TXP25118878","2025-11-13 15:24:45","2025-11-27","2025-12-29 14:44:41"
"22966","NWP25118615","2025-11-13 14:16:41","","2025-12-29 10:38:15"
"22965","TXP25119186","2025-11-13 09:22:10","","2025-12-19 20:16:21"
"22964","NWP25118238","2025-11-13 09:09:26","","2026-01-29 08:28:21"
"22963","NWP25118479","2025-11-12 18:40:07","","2025-11-25 10:35:14"
"22962","NJP25118974","2025-11-12 16:14:41","","2026-01-31 20:04:33"
"22961","TXP25118012","2025-11-12 14:55:11","","2025-12-24 22:05:10"
"22960","ILP25118264","2025-11-12 10:14:56","","2025-11-17 11:01:03"
"22959","NJP25118784","2025-11-12 08:43:46","2025-11-24","2026-01-04 15:15:19"
"22958","TXP25118492","2025-11-11 15:24:43","","2026-01-13 03:16:37"
"22957","NJP25118930","2025-11-11 14:02:31","","2025-12-15 11:53:18"
"22956","TXP25118697","2025-11-11 12:56:43","","2025-11-20 04:18:26"
"22955","NWP25118278","2025-11-11 12:44:16","","2025-11-17 06:38:52"
"22954","ILP25118314","2025-11-11 09:14:48","","2025-12-20 22:33:49"
"22953","NJP25118849","2025-11-10 18:49:41","","2026-01-04 17:53:38"
"22952","CAP25118968","2025-11-10 16:11:27","","2025-11-16 00:19:42"
"22951","NWP25118747","2025-11-10 15:24:33","","2025-11-14 23:53:33"
"22950","CAP25118256","2025-11-10 14:14:01","","2026-01-05 14:09:53"
"22949","CAP25119199","2025-11-10 14:12:33","","2025-12-04 03:31:50"
"22948","ILP25118076","2025-11-10 07:47:00","","2025-11-14 15:14:22"
"22947","NWP25118193","2025-11-09 18:41:45","","2025-11-24 13:29:50"
"22946","NWP25118670","2025-11-09 18:34:56","","2026-01-04 21:42:08"
"22945","CAP25119055","2025-11-09 17:15:04","","2025-12-20 02:31:14"
"22944","CAP25118657","2025-11-09 17:00:45","","2025-11-19 15:07:52"
"22943","ILP25118568","2025-11-09 16:51:52","","2025-11-16 23:58:46"
"22942","CAP25118725","2025-11-09 12:56:14","2025-11-30","2026-01-11 00:51:44"
"22941","TXP25118287","2025-11-09 12:42:05","","2025-11-21 17:13:36"
"22940","CAP25118085","2025-11-09 12:03:44","","2025-11-13 23:53:16"
"22939","TXP25118553","2025-11-09 11:50:14","","2025-12-26 18:49:31"
"22938","NWP25118074","2025-11-09 10:34:27","","2025-11-14 21:48:53"
"22937","ILP25118025","2025-11-09 08:45:33","","2025-12-29 15:00:00"
"22936","NJP25118416","2025-11-08 19:22:44","","2026-01-05 14:47:21"
"22935","TXP25118403","2025-11-08 16:49:30","","2025-11-15 19:11:25"
"22934","TXP25118960","2025-11-08 15:10:13","","2025-11-13 23:05:10"
"22933","NWP25118376","2025-11-08 14:08:31","","2025-12-24 14:13:32"
"22932","TXP25118086","2025-11-08 12:28:51","2025-11-09","2025-11-13 09:49:00"
"22931","ILP25118481","2025-11-08 09:45:23","","2026-01-11 22:47:08"
"22930","CAP25118602","2025-11-08 08:44:53","","2026-01-15 04:38:28"
"22929","ILP25118120","2025-11-08 08:42:08","","2025-12-13 21:31:15"
"22928","NWP25118844","2025-11-08 08:17:01","","2026-01-05 01:54:40"
"22927","NJP25118336","2025-11-07 18:33:09","","2025-12-18 02:29:24"
"22926","ILP25118450","2025-11-07 15:37:37","","2026-01-19 12:06:50"
"22925","CAP25118337","2025-11-07 15:24:46","","2025-11-12 19:31:52"
"22924","CAP25118776","2025-11-07 14:39:23","","2025-12-16 01:00:21"
"22923","ILP25118829","2025-11-07 13:27:59","","2025-11-15 07:50:06"
"22922","ILP25118753","2025-11-07 12:29:39","","2025-12-22 14:21:41"
"22921","NJP25118127","2025-11-07 12:02:17","","2025-12-15 02:03:52"
"22920","ILP25119012","2025-11-07 10:59:12","","2026-01-06 11:43:05"
"22919","CAP25119233","2025-11-07 10:28:42","","2026-01-05 11:17:30"
"22918","NJP25118618","2025-11-07 10:18:32","","2025-12-10 13:49:58"
"22917","NJP25118570","2025-11-07 10:14:00","","2026-01-09 17:40:38"
"22916","NJP25118821","2025-11-07 10:05:43","","2026-01-23 01:42:39"
"22915","TXP25118165","2025-11-07 07:55:23","","2025-12-05 17:55:31"
"22914","TXP25118696","2025-11-06 18:29:01","","2025-11-19 16:57:41"
"22913","NWP25118312","2025-11-06 18:15:10","","2025-12-22 15:16:13"
"22912","CAP25118498","2025-11-06 12:43:28","","2026-01-21 03:36:16"
"22911","ILP25118403","2025-11-06 11:18:39","","2026-01-02 10:54:49"
"22910","NJP25118301","2025-11-05 19:18:31","","2025-12-25 07:10:59"
"22909","TXP25118823","2025-11-05 12:10:19","2025-11-24","2026-01-23 17:09:12"
"22908","NJP25118260","2025-11-05 12:03:02","","2025-11-10 13:22:40"
"22907","NJP25118699","2025-11-05 10:53:45","2025-11-20","2025-12-16 21:55:20"
"22906","CAP25118967","2025-11-05 10:14:33","","2025-11-08 10:02:49"
"22905","NJP25118374","2025-11-04 18:42:58","","2026-01-30 05:46:44"
"22904","CAP25118816","2025-11-04 15:50:15","","2026-01-03 20:23:37"
"22903","TXP25119130","2025-11-04 15:40:06","","2025-12-22 08:42:14"
"22902","ILP25118186","2025-11-04 14:08:47","","2025-11-18 15:27:32"
"22901","NJP25118182","2025-11-04 13:08:30","","2025-11-15 08:20:43"
"22900","NJP25118518","2025-11-04 12:59:12","","2025-11-15 11:52:45"
"22899","ILP25118960","2025-11-04 10:56:27","2025-11-21","2026-01-01 03:57:16"
"22898","CAP25118172","2025-11-04 10:44:11","","2025-12-10 09:50:20"
"22897","TXP25118576","2025-11-04 08:02:50","","2025-12-31 15:06:26"
"22896","CAP25118084","2025-11-03 19:19:41","2025-11-04","2025-11-09 06:53:59"
"22895","TXP25119040","2025-11-03 17:59:27","2025-11-19","2025-12-14 12:34:06"
"22894","NJP25118063","2025-11-03 17:44:58","","2025-11-09 06:11:36"
"22893","ILP25118652","2025-11-03 17:16:57","","2025-12-17 11:12:04"
"22892","NJP25118648","2025-11-03 11:29:06","","2025-12-31 06:58:17"
"22891","CAP25118148","2025-11-03 10:22:50","2025-11-09","2025-12-19 04:09:45"
"22890","CAP25118562","2025-11-03 10:09:25","2025-11-16","2026-01-28 07:44:11"
"22889","NJP25118880","2025-11-03 10:08:01","","2025-12-08 17:47:57"
"22888","TXP25118350","2025-11-03 09:10:05","","2026-01-08 19:09:58"
"22887","CAP25119131","2025-11-02 18:47:02","","2025-12-31 21:01:02"
"22886","TXP25118459","2025-11-02 16:33:55","","2025-12-18 16:59:20"
"22885","NWP25118614","2025-11-02 14:51:28","","2025-12-18 14:59:19"
"22884","ILP25118680","2025-11-02 13:03:07","","2026-01-08 00:32:15"
"22883","TXP25118959","2025-11-02 12:20:07","","2025-11-06 07:02:21"
"22882","TXP25118769","2025-11-02 12:04:40","","2026-01-15 18:48:49"
"22881","TXP25118286","2025-11-02 08:26:05","","2025-11-21 09:23:26"
"22880","NWP25118478","2025-11-02 08:16:07","","2025-11-13 12:12:46"
"22879","NWP25118537","2025-11-01 17:07:14","","2026-01-10 01:51:24"
"22878","NJP25118740","2025-11-01 16:18:34","","2025-11-06 19:56:27"
"22877","CAP25118896","2025-11-01 15:29:13","","2025-12-16 07:44:43"
"22876","ILP25118624","2025-11-01 10:17:51","","2026-01-12 18:29:53"
"22875","TXP25118085","2025-11-01 10:12:11","","2025-11-06 22:12:49"
"22874","TXP25118695","2025-11-01 10:01:34","","2025-11-09 22:55:16"
"22873","CAP25118336","2025-11-01 10:00:45","","2025-11-05 17:15:16"
"22872","NWP25118125","2025-11-01 09:36:13","","2025-11-29 16:42:47"
"22871","ILP25118508","2025-11-01 09:32:17","","2026-01-21 14:19:57"
"22870","TXP25118846","2025-11-01 07:30:04","","2026-01-01 05:38:41"
"22869","NWP25108341","2025-10-31 19:19:00","","2025-12-26 09:01:52"
"22868","NWP25108746","2025-10-31 18:54:01","","2025-11-05 12:52:28"
"22867","NWP25108570","2025-10-31 18:48:17","","2025-12-07 07:06:26"
"22866","ILP25108075","2025-10-31 18:47:26","2025-11-01","2025-11-06 05:44:05"
"22865","TXP25108521","2025-10-31 18:30:32","","2026-01-08 02:56:17"
"22864","ILP25108717","2025-10-31 16:56:41","","2026-01-02 15:31:11"
"22863","TXP25108605","2025-10-31 14:46:27","","2026-01-10 05:52:31"
"22862","TXP25108402","2025-10-31 13:21:39","","2025-11-05 19:26:58"
"22861","CAP25109054","2025-10-31 13:12:22","","2026-01-01 12:28:18"
"22860","NJP25108929","2025-10-31 12:53:20","","2025-12-17 12:29:56"
"22859","ILP25108313","2025-10-31 09:29:40","","2025-12-26 07:10:24"
"22858","ILP25108828","2025-10-30 17:35:34","","2025-11-04 01:56:24"
"22857","CAP25108656","2025-10-30 17:26:49","","2025-11-12 16:54:11"
"22856","NWP25108148","2025-10-30 16:20:52","","2025-12-08 20:03:27"
"22855","ILP25108402","2025-10-30 15:01:59","2025-11-17","2026-01-08 22:38:00"
"22854","ILP25108567","2025-10-30 14:03:18","","2025-11-10 10:24:09"
"22853","CAP25109169","2025-10-30 13:03:54","","2025-12-11 04:12:35"
"22852","NJP25108226","2025-10-30 12:42:44","","2026-01-04 23:05:23"
"22851","NWP25108014","2025-10-30 12:11:19","2025-11-15","2025-12-17 10:10:33"
"22850","NJP25108097","2025-10-30 11:11:47","","2025-11-29 09:28:44"
"22849","NWP25108073","2025-10-30 10:33:46","","2025-11-04 14:18:41"
"22848","ILP25108929","2025-10-30 10:21:18","","2026-01-11 20:50:01"
"22847","TXP25108877","2025-10-30 09:05:35","","2025-12-16 04:47:37"
"22846","CAP25108966","2025-10-30 07:54:49","2025-10-31","2025-11-03 19:56:09"
"22845","CAP25108213","2025-10-29 17:45:38","","2025-11-10 06:58:31"
"22844","NWP25108192","2025-10-29 15:28:17","","2025-11-12 23:30:21"
"22843","NJP25108454","2025-10-29 12:25:59","","2026-01-10 00:21:12"
"22842","ILP25109011","2025-10-29 10:56:48","","2025-12-26 20:48:40"
"22841","ILP25109054","2025-10-28 14:19:47","","2026-01-03 17:05:11"
"22840","NJP25108020","2025-10-28 12:45:20","","2025-12-07 16:51:52"
"22839","TXP25108209","2025-10-28 12:44:20","","2025-12-16 22:19:16"
"22838","NWP25108808","2025-10-28 12:37:35","","2025-12-31 20:56:35"
"22837","NJP25108783","2025-10-28 10:14:29","","2025-12-06 06:45:45"
"22836","CAP25108430","2025-10-28 08:36:23","","2026-01-09 23:33:57"
"22835","NWP25108669","2025-10-27 19:04:41","","2025-12-27 04:19:46"
"22834","NWP25108880","2025-10-27 17:53:02","","2025-12-16 08:27:03"
"22833","NJP25108485","2025-10-27 17:18:23","","2025-12-10 16:15:22"
"22832","TXP25108958","2025-10-27 14:34:21","","2025-11-03 03:13:35"
"22831","ILP25109078","2025-10-27 13:53:46","","2026-01-20 18:12:38"
"22830","TXP25109086","2025-10-27 13:16:22","","2025-12-16 16:38:59"
"22829","CAP25108083","2025-10-27 10:23:16","","2025-11-01 07:28:24"
"22828","CAP25108335","2025-10-26 18:50:04","","2025-11-01 07:50:30"
"22827","TXP25108694","2025-10-26 16:41:27","","2025-10-31 01:35:25"
"22826","NWP25108277","2025-10-26 16:19:00","","2025-11-01 18:37:26"
"22825","CAP25108775","2025-10-26 15:26:32","","2025-12-11 20:12:03"
"22824","NJP25108973","2025-10-26 12:53:32","","2025-12-18 13:28:03"
"22823","CAP25108724","2025-10-26 10:47:15","","2025-12-31 21:56:32"
"22822","CAP25108453","2025-10-26 09:09:45","","2026-01-07 06:06:37"
"22821","TXP25108285","2025-10-26 08:46:24","","2025-11-16 04:35:07"
"22820","ILP25108223","2025-10-25 16:51:23","","2025-12-22 16:46:21"
"22819","NJP25108569","2025-10-25 16:34:32","","2026-01-05 03:06:47"
"22818","CAP25108857","2025-10-25 13:39:15","","2025-12-18 04:46:29"
"22817","ILP25108263","2025-10-25 13:38:32","","2025-10-31 16:45:27"
"22816","ILP25108827","2025-10-25 12:58:24","2025-10-26","2025-10-31 01:58:03"
"22815","ILP25108149","2025-10-25 11:55:30","","2025-12-14 04:16:20"
"22814","TXP25108796","2025-10-25 11:19:13","","2025-12-07 00:40:42"
"22813","TXP25109185","2025-10-25 11:07:07","2025-11-02","2025-12-06 05:21:15"
"22812","CAP25108255","2025-10-25 10:31:55","","2026-01-03 14:23:03"
"22811","TXP25108084","2025-10-25 09:19:33","","2025-10-31 06:05:26"
"22810","CAP25108561","2025-10-24 10:42:41","","2025-12-25 17:27:34"
"22809","NJP25108259","2025-10-24 10:10:28","","2025-10-30 05:02:58"
"22808","CAP25108497","2025-10-24 08:21:54","","2025-12-21 19:02:26"
"22807","CAP25109198","2025-10-23 19:22:33","","2025-11-24 05:39:51"
"22806","NJP25108181","2025-10-23 17:36:08","","2025-11-05 20:04:31"
"22805","NJP25108335","2025-10-23 16:34:18","","2026-01-01 16:41:07"
"22804","ILP25108566","2025-10-23 16:03:48","","2025-11-03 22:41:37"
"22803","NWP25108613","2025-10-23 15:41:51","","2025-12-29 16:05:21"
"22802","ILP25108901","2025-10-23 13:33:38","","2025-11-23 14:18:07"
"22801","ILP25108024","2025-10-23 07:39:30","","2025-12-10 19:32:05"
"22800","CAP25108965","2025-10-22 19:24:20","","2025-10-26 03:07:44"
"22799","NWP25108072","2025-10-22 19:18:27","","2025-10-27 08:58:09"
"22798","ILP25108401","2025-10-22 18:58:39","","2025-12-11 00:09:29"
"22797","CAP25109053","2025-10-22 18:49:20","","2025-12-13 04:57:57"
"22796","NJP25108739","2025-10-22 17:23:56","","2025-10-28 23:49:15"
"22795","CAP25108655","2025-10-22 16:22:16","2025-10-25","2025-10-31 14:48:19"
"22794","NWP25108843","2025-10-22 15:35:42","2025-11-02","2025-11-27 18:57:48"
"22793","TXP25109129","2025-10-22 15:31:43","","2025-12-14 08:56:54"
"22792","NWP25108745","2025-10-22 14:18:37","","2025-10-26 14:55:02"
"22791","TXP25108957","2025-10-22 12:00:45","","2025-10-25 23:54:52"
"22790","CAP25108815","2025-10-22 10:01:45","","2025-12-08 07:33:11"
"22789","NJP25108415","2025-10-22 09:59:11","","2025-12-07 19:34:43"
"22788","NWP25108477","2025-10-22 09:36:38","","2025-10-30 23:06:02"
"22787","TXP25108693","2025-10-21 17:18:07","","2025-11-05 04:04:03"
"22786","NWP25108907","2025-10-21 14:53:13","","2025-12-06 08:55:00"
"22785","CAP25109130","2025-10-21 12:39:23","","2025-12-09 23:22:28"
"22784","TXP25108164","2025-10-21 10:16:08","","2025-12-06 20:18:12"
"22783","ILP25108074","2025-10-21 07:32:53","","2025-10-24 04:24:34"
"22782","NWP25108786","2025-10-20 19:27:58","","2025-12-10 16:54:21"
"22781","ILP25108312","2025-10-20 18:51:22","","2025-12-01 20:34:18"
"22780","ILP25108826","2025-10-20 18:25:05","","2025-10-24 19:14:05"
"22779","CAP25108012","2025-10-20 16:36:46","2025-10-29","2025-12-13 05:58:06"
"22778","TXP25108083","2025-10-20 14:56:51","","2025-10-26 14:01:22"
"22777","NJP25108820","2025-10-20 13:23:24","","2025-12-17 21:01:10"
"22776","NJP25108062","2025-10-20 11:20:37","2025-10-21","2025-10-24 19:05:05"
"22775","ILP25108185","2025-10-20 09:35:00","","2025-11-01 21:58:17"
"22774","NJP25108617","2025-10-19 18:51:23","","2025-12-25 23:07:43"
"22773","TXP25108284","2025-10-19 18:35:32","","2025-11-02 18:10:38"
"22772","CAP25108082","2025-10-19 18:35:15","","2025-10-25 00:22:24"
"22771","CAP25108334","2025-10-19 17:49:28","","2025-10-23 02:24:21"
"22770","NJP25108300","2025-10-19 17:22:26","","2025-12-08 01:26:09"
"22769","NJP25108126","2025-10-19 15:54:44","","2025-12-09 18:46:03"
"22768","TXP25108401","2025-10-19 11:47:15","","2025-10-26 02:10:46"
"22767","NWP25108237","2025-10-19 10:46:46","","2026-01-04 21:45:14"
"22766","NWP25108536","2025-10-18 17:35:50","","2025-12-16 12:29:44"
"22765","NJP25108928","2025-10-18 17:08:59","","2025-12-02 23:24:43"
"22764","ILP25109010","2025-10-18 16:44:57","","2025-12-10 20:36:38"
"22763","ILP25108353","2025-10-18 14:22:12","2025-10-25","2025-12-09 13:54:55"
"22762","NJP25108373","2025-10-18 11:59:44","","2025-11-20 18:20:45"
"22761","NJP25108698","2025-10-18 11:11:46","","2025-12-01 15:41:42"
"22760","NJP25108517","2025-10-17 17:12:25","","2025-10-27 00:28:23"
"22759","CAP25108723","2025-10-17 16:38:30","","2025-12-17 02:24:21"
"22758","NWP25108403","2025-10-17 12:51:14","","2025-12-04 11:48:09"
"22757","ILP25108716","2025-10-17 11:43:13","","2025-12-17 00:38:30"
"22756","TXP25108604","2025-10-17 11:09:39","","2025-11-30 09:53:06"
"22755","ILP25108959","2025-10-17 08:27:11","","2025-12-06 08:19:05"
"22754","NJP25108879","2025-10-16 17:36:57","","2025-11-27 18:56:42"
"22753","NWP25108425","2025-10-16 17:13:09","2025-11-09","2025-12-20 12:06:07"
"22752","NWP25108375","2025-10-16 16:19:54","","2026-01-02 22:13:58"
"22751","ILP25108565","2025-10-16 16:04:10","","2025-10-24 02:26:55"
"22750","TXP25109085","2025-10-16 14:53:41","","2025-12-22 03:12:59"
"22749","TXP25108520","2025-10-16 14:13:50","","2025-12-02 07:02:03"
"22748","TXP25109039","2025-10-16 13:42:50","","2025-12-13 20:46:25"
"22747","TXP25108491","2025-10-16 13:37:05","","2025-12-17 10:41:41"
"22746","TXP25108082","2025-10-16 13:24:43","","2025-10-21 03:12:27"
"22745","NWP25108704","2025-10-16 12:55:00","","2025-11-26 22:54:48"
"22744","NWP25108191","2025-10-16 12:02:36","","2025-10-23 02:14:44"
"22743","NWP25108668","2025-10-16 11:16:21","","2025-12-13 23:36:18"
"22742","TXP25108692","2025-10-16 11:13:21","","2025-10-26 11:30:28"
"22741","CAP25108333","2025-10-15 17:32:19","","2025-10-21 19:45:32"
"22740","TXP25108552","2025-10-15 14:14:09","","2025-12-08 23:11:37"
"22739","TXP25108458","2025-10-15 12:30:41","","2025-11-21 00:59:16"
"22738","ILP25108119","2025-10-15 12:12:54","","2025-11-12 09:47:42"
"22737","NWP25108071","2025-10-15 11:29:57","","2025-10-20 19:54:13"
"22736","TXP25108956","2025-10-15 11:00:14","","2025-10-20 21:17:39"
"22735","NJP25108568","2025-10-15 09:34:16","","2025-12-13 20:14:23"
"22734","CAP25108964","2025-10-14 19:04:58","","2025-10-21 03:45:09"
"22733","NJP25108180","2025-10-14 16:10:26","","2025-10-30 17:00:04"
"22732","ILP25108449","2025-10-14 11:25:01","","2025-12-07 00:17:39"
"22731","NJP25108019","2025-10-14 11:17:49","","2025-12-07 17:35:59"
"22730","CAP25108496","2025-10-14 10:11:09","","2025-12-19 06:21:54"
"22729","CAP25108212","2025-10-13 19:22:01","","2025-10-29 09:05:44"
"22728","CAP25108560","2025-10-13 16:42:22","","2025-12-13 16:04:55"
"22727","CAP25109232","2025-10-13 16:30:40","","2025-12-20 06:50:19"
"22726","CAP25109094","2025-10-13 15:50:10","2025-10-25","2025-12-20 20:03:54"
"22725","CAP25108654","2025-10-13 13:52:13","","2025-10-24 09:00:37"
"22724","TXP25108283","2025-10-13 12:19:38","","2025-10-27 07:44:33"
"22723","ILP25108825","2025-10-13 11:59:22","","2025-10-16 15:09:02"
"22722","NWP25108612","2025-10-13 11:07:26","","2025-12-09 10:26:26"
"22721","NWP25108276","2025-10-12 18:48:27","","2025-10-18 09:05:53"
"22720","NWP25108476","2025-10-12 16:10:57","","2025-10-22 11:14:38"
"22719","ILP25108400","2025-10-12 15:37:53","","2025-12-11 21:09:23"
"22718","CAP25108407","2025-10-12 15:20:36","","2025-12-05 18:32:43"
"22717","TXP25108081","2025-10-12 13:35:28","","2025-10-17 04:10:50"
"22716","TXP25108575","2025-10-12 10:53:50","","2025-12-22 03:26:54"
"22715","ILP25108651","2025-10-12 10:08:32","","2025-11-27 19:37:33"
"22714","NWP25108340","2025-10-12 09:30:52","","2025-12-10 02:55:49"
"22713","CAP25108081","2025-10-12 08:07:49","","2025-10-17 18:47:10"
"22712","TXP25108691","2025-10-11 18:40:50","","2025-10-21 13:57:15"
"22711","ILP25108480","2025-10-11 17:07:29","2025-11-02","2025-12-15 13:51:48"
"22710","CAP25108774","2025-10-11 12:47:59","","2025-11-25 11:26:14"
"22709","TXP25108955","2025-10-11 12:08:48","","2025-10-16 08:46:35"
"22708","NWP25108147","2025-10-11 10:13:44","2025-10-18","2025-11-21 16:35:14"
"22707","ILP25108073","2025-10-11 08:12:28","","2025-10-16 10:21:02"
"22706","TXP25108208","2025-10-10 18:03:34","","2025-12-10 23:27:47"
"22705","TXP25108876","2025-10-10 16:52:33","","2025-11-19 14:09:00"
"22704","TXP25108163","2025-10-10 14:44:02","","2025-11-14 04:28:52"
"22703","NJP25108453","2025-10-10 12:19:50","","2025-12-03 04:06:24"
"22702","ILP25109009","2025-10-10 10:50:38","","2025-12-03 03:38:03"
"22701","NWP25108842","2025-10-10 08:36:50","","2025-12-07 11:28:49"
"22700","NWP25108744","2025-10-09 17:55:14","","2025-10-14 03:11:20"
"22699","CAP25109129","2025-10-09 17:49:41","","2025-12-14 17:29:04"
"22698","TXP25108400","2025-10-09 16:30:22","","2025-10-16 17:15:17"
"22697","ILP25108311","2025-10-09 12:32:33","","2025-11-28 16:28:54"
"22696","CAP25109052","2025-10-09 11:42:18","","2025-12-02 14:36:39"
"22695","TXP25108011","2025-10-09 11:12:43","","2025-12-03 19:49:35"
"22694","CAP25109168","2025-10-09 11:11:27","","2025-12-19 20:35:41"
"22693","TXP25108795","2025-10-09 10:46:46","","2025-11-26 09:34:15"
"22692","ILP25108752","2025-10-09 10:22:27","","2025-11-16 08:53:46"
"22691","NJP25108061","2025-10-09 08:56:25","","2025-10-15 05:18:01"
"22690","CAP25108332","2025-10-09 08:35:39","","2025-10-16 17:58:10"
"22689","NJP25108738","2025-10-08 14:30:22","","2025-10-14 21:42:27"
"22688","NWP25108311","2025-10-08 14:07:02","","2025-12-04 13:47:04"
"22687","NJP25108670","2025-10-08 11:55:49","2025-11-02","2025-12-11 17:24:26"
"22686","CAP25108963","2025-10-08 08:42:23","","2025-10-12 20:02:22"
"22685","ILP25108184","2025-10-07 19:24:33","","2025-10-19 01:01:35"
"22684","NWP25108070","2025-10-07 19:05:38","","2025-10-10 13:38:21"
"22683","NJP25108782","2025-10-07 18:49:04","2025-10-19","2025-11-14 23:14:01"
"22682","ILP25108564","2025-10-07 16:20:49","","2025-10-16 02:10:31"
"22681","ILP25108222","2025-10-07 15:43:02","","2025-12-14 20:37:04"
"22680","CAP25108722","2025-10-07 14:01:37","2025-10-22","2025-12-06 20:20:55"
"22679","CAP25108856","2025-10-07 13:47:14","2025-11-02","2025-12-12 18:39:55"
"22678","CAP25108080","2025-10-07 11:19:57","","2025-10-13 06:27:34"
"22677","TXP25108349","2025-10-07 10:16:05","","2025-12-08 22:30:57"
"22676","NJP25108848","2025-10-07 10:08:55","","2025-12-12 22:03:42"
"22675","ILP25108262","2025-10-07 09:36:54","","2025-10-12 22:40:33"
"22674","CAP25108895","2025-10-07 08:44:56","","2025-11-15 21:50:08"
"22673","ILP25108824","2025-10-06 16:45:47","","2025-10-11 11:04:37"
"22672","NJP25108258","2025-10-06 15:31:58","","2025-10-11 00:59:00"
"22671","TXP25108690","2025-10-06 15:11:11","","2025-10-15 17:17:05"
"22670","NJP25108372","2025-10-06 14:34:28","","2026-01-03 06:37:11"
"22669","NJP25108334","2025-10-06 12:06:05","","2025-12-16 06:29:02"
"22668","TXP25108080","2025-10-06 10:53:01","","2025-10-10 03:32:59"
"22667","ILP25108507","2025-10-06 10:43:53","","2025-12-05 13:59:23"
"22666","NJP25108927","2025-10-06 09:09:31","","2025-11-04 14:44:03"
"22665","TXP25108954","2025-10-06 08:40:55","2025-10-07","2025-10-12 00:55:17"
"22664","TXP25109158","2025-10-06 08:40:35","","2025-11-30 21:09:16"
"22663","NJP25108647","2025-10-05 13:30:52","","2025-11-24 23:34:54"
"22662","CAP25108814","2025-10-05 12:08:54","","2025-11-30 05:59:41"
"22661","NWP25108013","2025-10-05 10:14:58","","2025-11-25 15:01:03"
"22660","ILP25108023","2025-10-05 07:57:57","2025-10-15","2025-11-27 17:49:12"
"22659","TXP25108282","2025-10-04 16:31:12","","2025-10-21 07:04:15"
"22658","TXP25109084","2025-10-04 16:08:11","","2025-12-16 13:40:02"
"22657","CAP25109197","2025-10-04 14:29:06","","2025-11-04 05:13:54"
"22656","CAP25108171","2025-10-04 11:54:01","","2025-11-17 23:25:07"
"22655","TXP25109038","2025-10-04 10:04:32","","2025-11-13 16:48:19"
"22654","NJP25108125","2025-10-04 08:59:07","","2025-11-19 19:08:18"
"22653","NWP25108475","2025-10-03 18:05:41","","2025-10-10 20:44:52"
"22652","CAP25108147","2025-10-03 16:17:41","","2025-11-08 02:05:21"
"22651","CAP25108653","2025-10-03 16:01:55","","2025-10-15 04:33:26"
"22650","NWP25108190","2025-10-03 13:35:52","","2025-10-19 05:29:48"
"22649","NWP25108124","2025-10-03 09:29:25","","2025-11-25 02:22:40"
"22648","CAP25108331","2025-10-03 09:17:27","","2025-10-10 18:19:18"
"22647","TXP25109128","2025-10-03 08:35:55","","2025-12-03 23:08:45"
"22646","CAP25108559","2025-10-02 19:00:09","","2025-12-23 03:12:29"
"22645","NJP25108179","2025-10-02 13:16:06","","2025-10-15 23:17:46"
"22644","TXP25109184","2025-10-02 11:06:41","","2025-11-02 22:41:25"
"22643","ILP25108958","2025-10-02 09:00:12","","2025-11-21 19:08:39"
"22642","TXP25108822","2025-10-01 19:06:07","","2025-11-27 08:34:18"
"22641","NJP25108567","2025-10-01 18:29:44","2025-10-25","2025-12-06 23:20:59"
"22640","TXP25108457","2025-10-01 18:15:55","","2025-11-22 12:00:31"
"22639","NWP25108374","2025-10-01 17:29:24","","2025-11-21 20:24:21"
"22638","TXP25108689","2025-10-01 15:39:41","","2025-10-10 02:23:05"
"22637","ILP25108563","2025-10-01 14:35:53","","2025-10-09 18:46:49"
"22636","ILP25108823","2025-10-01 13:03:37","2025-10-02","2025-10-07 19:31:45"
"22635","CAP25108495","2025-10-01 12:19:25","","2025-12-03 08:46:09"
"22634","TXP25108953","2025-10-01 11:54:23","","2025-10-06 06:32:01"
"22633","NJP25108414","2025-10-01 10:42:29","","2025-11-14 09:04:49"
"22632","NWP25108069","2025-10-01 10:10:08","","2025-10-05 17:22:44"
"22631","NJP25108972","2025-10-01 07:42:36","","2025-12-09 18:12:14"
"22630","CAP25109051","2025-10-01 07:40:19","","2025-11-23 19:36:06"
"22629","TXP25098399","2025-09-30 19:40:05","2025-10-02","2025-10-07 11:24:01"
"22628","CAP25098962","2025-09-30 17:54:09","","2025-10-05 11:09:16"
"22627","NJP25098225","2025-09-30 14:46:24","2025-10-26","2025-12-16 19:48:27"
"22626","TXP25098845","2025-09-30 13:59:33","","2025-11-18 19:12:12"
"22625","TXP25098519","2025-09-30 12:24:54","","2025-12-23 23:59:49"
"22624","ILP25098900","2025-09-30 10:03:16","","2025-11-04 05:38:43"
"22623","ILP25098679","2025-09-30 09:12:39","","2025-12-02 02:21:15"
"22622","NJP25098516","2025-09-30 08:28:50","","2025-10-12 09:04:03"
"22621","NJP25098819","2025-09-30 08:10:06","","2025-12-19 13:07:05"
"22620","NWP25098879","2025-09-29 19:04:16","","2025-12-04 09:39:29"
"22619","NWP25098535","2025-09-29 19:03:04","","2025-11-20 06:06:42"
"22618","TXP25098079","2025-09-29 17:45:27","2025-09-30","2025-10-05 02:19:47"
"22617","ILP25098715","2025-09-29 17:19:49","","2025-11-18 16:34:42"
"22616","CAP25098079","2025-09-29 17:18:34","","2025-10-05 01:18:34"
"22615","CAP25098254","2025-09-29 15:38:20","","2025-12-06 12:14:12"
"22614","NWP25098667","2025-09-29 15:08:49","2025-10-14","2025-11-30 02:29:29"
"22613","NWP25098611","2025-09-29 13:02:41","","2025-11-24 16:09:28"
"22612","NJP25098299","2025-09-29 11:40:54","2025-10-16","2025-11-13 05:59:29"
"22611","NWP25098569","2025-09-29 10:35:02","","2025-11-18 09:14:49"
"22610","TXP25098603","2025-09-28 18:50:01","2025-10-18","2025-11-22 03:34:34"
"22609","ILP25098310","2025-09-28 17:45:48","","2025-11-12 03:24:05"
"22608","ILP25098352","2025-09-28 15:16:53","","2025-11-09 12:56:32"
"22607","NJP25098616","2025-09-28 14:50:37","2025-10-06","2025-11-26 14:00:59"
"22606","ILP25098118","2025-09-28 14:24:05","","2025-11-11 22:25:27"
"22605","TXP25098281","2025-09-28 13:30:13","","2025-10-09 22:59:00"
"22604","ILP25098928","2025-09-28 09:00:45","","2025-12-11 02:12:43"
"22603","CAP25098601","2025-09-28 08:50:24","","2025-11-12 00:27:10"
"22602","ILP25098399","2025-09-28 08:30:22","","2025-12-03 03:30:56"
"22601","ILP25099008","2025-09-27 18:49:06","","2025-10-23 05:20:56"
"22600","NJP25098018","2025-09-27 17:20:56","","2025-11-19 15:29:04"
"22599","CAP25098330","2025-09-27 16:49:13","","2025-10-04 21:09:48"
"22598","ILP25098822","2025-09-27 14:33:46","","2025-10-04 00:42:25"
"22597","NJP25098697","2025-09-27 12:55:20","2025-10-14","2025-11-09 09:49:30"
"22596","NWP25098743","2025-09-27 08:38:28","","2025-10-03 17:56:05"
"22595","CAP25098429","2025-09-26 14:02:10","","2025-12-03 04:20:53"
"22594","TXP25098207","2025-09-26 12:53:09","","2025-11-12 20:33:38"
"22593","NWP25098841","2025-09-26 10:30:25","","2025-11-30 15:42:18"
"22592","ILP25099053","2025-09-26 10:15:43","2025-10-08","2025-10-31 17:24:04"
"22591","NWP25098275","2025-09-26 09:24:32","","2025-10-01 10:57:29"
"22590","CAP25098211","2025-09-26 08:04:50","","2025-10-10 22:57:21"
"22589","NJP25098926","2025-09-26 08:04:10","","2025-11-08 03:14:11"
"22588","ILP25098562","2025-09-25 19:33:19","2025-09-29","2025-10-04 12:47:45"
"22587","TXP25098688","2025-09-25 16:44:28","","2025-10-07 01:31:25"
"22586","CAP25098078","2025-09-25 11:11:56","","2025-09-30 16:33:22"
"22585","ILP25098072","2025-09-25 09:01:39","","2025-09-30 05:11:38"
"22584","CAP25098961","2025-09-25 08:14:58","","2025-10-01 12:13:21"
"22583","NWP25098474","2025-09-24 17:02:41","","2025-09-29 23:28:14"
"22582","NWP25098236","2025-09-24 16:55:48","","2025-11-22 00:38:30"
"22581","NWP25098906","2025-09-24 15:56:16","","2025-11-10 01:47:23"
"22580","CAP25098721","2025-09-24 10:52:43","","2025-12-10 13:46:32"
"22579","NWP25098189","2025-09-24 08:09:37","2025-09-28","2025-10-07 09:31:09"
"22578","TXP25098768","2025-09-23 19:15:03","","2025-11-30 02:42:56"
"22577","ILP25098623","2025-09-23 17:52:34","","2025-11-28 01:14:27"
"22576","NJP25098060","2025-09-23 16:31:33","","2025-09-30 11:57:19"
"22575","TXP25098952","2025-09-23 14:53:10","","2025-09-29 07:52:05"
"22574","NWP25098068","2025-09-23 14:26:15","","2025-09-28 14:45:43"
"22573","CAP25098652","2025-09-23 10:56:00","","2025-10-03 04:42:55"
"22572","NJP25098781","2025-09-23 10:17:10","","2025-11-04 13:29:02"
"22571","CAP25099128","2025-09-23 09:26:16","","2025-11-25 06:57:17"
"22570","TXP25098280","2025-09-23 07:42:14","","2025-10-05 03:28:56"
"22569","NWP25098807","2025-09-23 07:41:11","","2025-11-26 14:51:35"
"22568","TXP25099083","2025-09-22 19:09:45","","2025-12-12 15:35:34"
"22567","ILP25098261","2025-09-22 15:40:41","","2025-09-25 17:44:45"
"22566","TXP25098078","2025-09-22 13:32:18","","2025-09-28 20:35:00"
"22565","NJP25098878","2025-09-22 13:31:35","","2025-11-10 03:06:23"
"22564","NJP25098737","2025-09-22 12:35:19","","2025-09-25 05:10:06"
"22563","TXP25098162","2025-09-22 12:32:03","","2025-10-07 08:56:15"
"22562","CAP25098773","2025-09-22 11:36:10","","2025-10-16 08:34:59"
"22561","TXP25098794","2025-09-22 10:24:02","","2025-11-06 02:58:11"
"22560","NJP25098452","2025-09-22 09:34:38","","2025-11-30 04:21:24"
"22559","CAP25098855","2025-09-22 08:44:04","","2025-11-21 00:36:30"
"22558","CAP25098329","2025-09-22 08:20:05","2025-09-23","2025-09-27 00:01:53"
"22557","ILP25099077","2025-09-22 07:38:29","","2025-11-05 22:56:41"
"22556","CAP25099050","2025-09-21 17:12:32","","2025-11-02 08:25:30"
"22555","NJP25098484","2025-09-21 16:04:29","2025-09-30","2025-11-19 10:29:50"
"22554","CAP25098494","2025-09-21 16:04:15","","2025-11-21 02:52:12"
"22553","ILP25098148","2025-09-21 10:34:01","","2025-10-31 19:15:36"
"22552","NJP25098096","2025-09-21 09:50:02","","2025-11-10 08:35:45"
"22551","TXP25098875","2025-09-21 07:39:07","","2025-11-09 21:15:35"
"22550","TXP25098687","2025-09-20 16:07:03","","2025-09-26 11:48:15"
"22549","TXP25099037","2025-09-20 14:11:02","","2025-11-15 12:39:39"
"22548","NJP25098333","2025-09-20 14:02:42","","2025-10-24 09:04:57"
"22547","NJP25098178","2025-09-20 10:48:11","","2025-10-03 12:06:32"
"22546","ILP25098650","2025-09-20 10:11:02","2025-09-25","2025-10-16 17:38:17"
"22545","CAP25098406","2025-09-20 09:48:53","","2025-11-12 13:34:42"
"22544","ILP25098183","2025-09-20 09:46:10","","2025-09-30 11:06:05"
"22543","ILP25098221","2025-09-19 19:35:10","","2025-11-29 11:18:08"
"22542","CAP25098558","2025-09-19 18:58:29","","2025-11-30 20:30:58"
"22541","NWP25098666","2025-09-19 18:49:00","","2025-11-19 19:41:35"
"22540","ILP25098821","2025-09-19 16:52:52","","2025-09-23 10:45:35"
"22539","ILP25098448","2025-09-19 16:25:29","","2025-11-13 06:56:03"
"22538","CAP25098077","2025-09-19 13:33:21","","2025-09-23 08:52:35"
"22537","CAP25098894","2025-09-19 10:53:23","2025-10-06","2025-11-04 14:51:57"
"22536","NWP25098610","2025-09-19 08:38:13","2025-10-07","2025-11-08 03:28:12"
"22535","NJP25098925","2025-09-18 17:49:16","","2025-11-04 13:40:50"
"22534","TXP25098398","2025-09-18 15:21:47","","2025-09-24 08:35:13"
"22533","NJP25098566","2025-09-18 12:26:04","","2025-11-27 14:17:10"
"22532","TXP25098279","2025-09-18 10:45:11","","2025-10-02 11:31:39"
"22531","NJP25098257","2025-09-18 10:32:49","","2025-09-24 06:01:49"
"22530","TXP25098951","2025-09-18 07:29:44","","2025-09-20 23:57:27"
"22529","CAP25099231","2025-09-17 17:12:08","","2025-12-02 03:23:25"
"22528","CAP25098011","2025-09-17 17:04:59","","2025-11-05 01:35:05"
"22527","CAP25098960","2025-09-17 16:27:34","","2025-09-22 21:24:43"
"22526","CAP25098328","2025-09-17 14:51:10","","2025-09-27 19:10:47"
"22525","CAP25098452","2025-09-17 12:51:10","","2025-11-05 07:17:34"
"22524","ILP25098022","2025-09-17 11:30:12","","2025-11-11 09:24:53"
"22523","NJP25098371","2025-09-17 11:02:05","2025-09-26","2025-12-02 06:54:12"
"22522","NWP25098339","2025-09-17 10:25:37","","2025-11-22 08:12:07"
"22521","ILP25098479","2025-09-17 08:28:27","","2025-11-12 04:55:18"
"22520","NWP25098742","2025-09-16 18:15:35","2025-09-18","2025-09-22 16:06:21"
"22519","TXP25098686","2025-09-16 16:40:55","2025-09-18","2025-09-26 22:57:18"
"22518","NWP25098310","2025-09-16 13:13:27","","2025-11-12 16:13:50"
"22517","ILP25098561","2025-09-16 13:04:11","","2025-09-27 16:48:13"
"22516","CAP25099167","2025-09-16 09:29:39","2025-09-30","2025-10-25 02:35:08"
"22515","ILP25098714","2025-09-15 18:51:43","","2025-11-24 08:58:21"
"22514","NWP25098473","2025-09-15 18:19:47","","2025-10-02 09:09:39"
"22513","NJP25098124","2025-09-15 18:04:51","2025-09-23","2025-10-26 08:06:10"
"22512","TXP25099183","2025-09-15 16:42:33","","2025-10-19 20:51:36"
"22511","NJP25098818","2025-09-15 15:36:40","","2025-11-23 00:53:15"
"22510","TXP25098077","2025-09-15 15:32:16","","2025-09-20 03:08:44"
"22509","ILP25099007","2025-09-15 12:21:58","","2025-11-08 13:45:25"
"22508","CAP25098651","2025-09-15 08:11:39","","2025-09-25 03:23:58"
"22507","ILP25098398","2025-09-14 19:40:20","","2025-11-08 06:37:27"
"22506","ILP25098820","2025-09-14 19:10:00","","2025-09-20 01:57:41"
"22505","NWP25098146","2025-09-14 18:54:12","","2025-10-21 06:44:55"
"22504","ILP25098309","2025-09-14 18:13:55","","2025-10-24 02:37:05"
"22503","TXP25098490","2025-09-14 17:55:22","","2025-11-16 16:06:47"
"22502","TXP25098348","2025-09-14 17:18:07","","2025-11-28 11:39:33"
"22501","CAP25098253","2025-09-14 12:59:09","","2025-11-19 22:49:30"
"22500","CAP25099196","2025-09-14 11:43:30","","2025-10-29 14:26:15"
"22499","NWP25098703","2025-09-14 08:07:18","","2025-10-25 03:38:42"
"22498","NWP25098067","2025-09-13 18:22:27","","2025-09-19 06:06:47"
"22497","TXP25098456","2025-09-13 17:15:08","","2025-11-01 08:37:25"
"22496","CAP25099093","2025-09-13 16:53:34","","2025-11-26 09:00:24"
"22495","TXP25098950","2025-09-13 16:41:13","2025-09-14","2025-09-18 15:53:17"
"22494","TXP25098574","2025-09-13 16:18:46","","2025-12-01 01:03:12"
"22493","NJP25098615","2025-09-13 16:05:53","","2025-11-17 01:20:13"
"22492","TXP25098518","2025-09-13 12:21:08","","2025-11-07 16:30:55"
"22491","NJP25098971","2025-09-13 12:13:51","","2025-11-26 05:23:01"
"22490","NJP25098177","2025-09-13 11:42:22","","2025-09-30 02:34:21"
"22489","NWP25098534","2025-09-13 11:23:00","","2025-11-22 16:20:33"
"22488","ILP25098957","2025-09-13 09:41:14","","2025-11-06 08:57:50"
"22487","NJP25098059","2025-09-13 09:27:20","","2025-09-17 14:20:18"
"22486","NJP25098298","2025-09-12 17:59:33","","2025-10-29 19:19:54"
"22485","CAP25098813","2025-09-12 15:39:11","","2025-11-06 15:13:58"
"22484","CAP25098959","2025-09-12 12:57:15","","2025-09-16 16:07:21"
"22483","NJP25098515","2025-09-12 12:35:21","","2025-09-23 21:20:36"
"22482","TXP25098551","2025-09-12 08:06:33","","2025-11-06 09:18:25"
"22481","CAP25098076","2025-09-11 16:15:58","","2025-09-17 02:36:11"
"22480","TXP25099127","2025-09-11 16:15:30","","2025-11-06 03:33:27"
"22479","ILP25098071","2025-09-11 15:55:59","","2025-09-14 13:07:48"
"22478","CAP25098720","2025-09-11 12:13:01","","2025-11-09 17:35:29"
"22477","NWP25098424","2025-09-11 09:33:38","","2025-11-13 02:48:51"
"22476","CAP25098170","2025-09-11 08:10:52","","2025-10-27 05:12:52"
"22475","ILP25098506","2025-09-10 19:15:41","","2025-10-31 22:38:59"
"22474","NJP25098696","2025-09-10 18:38:35","","2025-10-19 22:51:14"
"22473","NJP25098565","2025-09-10 14:55:40","","2025-11-11 22:32:51"
"22472","CAP25098210","2025-09-10 14:20:05","2025-09-15","2025-09-29 17:46:17"
"22471","CAP25098772","2025-09-10 14:14:48","","2025-10-22 07:24:17"
"22470","TXP25098278","2025-09-10 12:05:29","","2025-09-28 06:03:00"
"22469","TXP25098685","2025-09-10 10:38:55","","2025-09-22 11:11:19"
"22468","CAP25098327","2025-09-10 10:16:22","","2025-09-15 14:09:13"
"22467","ILP25098560","2025-09-10 09:18:16","","2025-09-20 01:06:10"
"22466","TXP25098076","2025-09-10 09:13:24","","2025-09-15 08:53:05"
"22465","NWP25098188","2025-09-10 08:39:52","","2025-09-19 22:11:59"
"22464","TXP25098206","2025-09-09 19:39:39","2025-09-16","2025-10-16 07:10:03"
"22463","NWP25098235","2025-09-09 18:00:26","","2025-11-03 02:01:44"
"22462","ILP25098260","2025-09-09 17:30:14","","2025-09-14 16:30:29"
"22461","TXP25098397","2025-09-09 16:36:16","","2025-09-14 23:46:41"
"22460","NWP25098568","2025-09-09 15:55:40","","2025-10-24 09:01:35"
"22459","CAP25099049","2025-09-09 15:39:41","","2025-11-07 07:24:17"
"22458","NWP25098123","2025-09-09 14:56:54","","2025-10-27 12:01:23"
"22457","NWP25098373","2025-09-09 14:48:18","","2025-11-11 18:04:48"
"22456","TXP25098010","2025-09-09 13:14:27","","2025-10-30 08:09:26"
"22455","ILP25098751","2025-09-09 11:16:48","","2025-10-24 21:31:05"
"22454","NWP25098274","2025-09-09 08:34:57","","2025-09-13 15:36:21"
"22453","ILP25098182","2025-09-08 19:16:48","","2025-09-21 15:06:14"
"22452","NJP25098413","2025-09-08 18:10:37","","2025-11-12 17:15:46"
"22451","CAP25099127","2025-09-08 16:58:05","","2025-10-29 17:14:58"
"22450","CAP25098493","2025-09-08 16:38:22","","2025-10-29 09:31:53"
"22449","TXP25099082","2025-09-08 16:05:59","","2025-11-18 04:39:14"
"22448","NWP25098609","2025-09-08 14:15:20","","2025-11-15 06:54:32"
"22447","NJP25098017","2025-09-08 09:34:26","","2025-11-04 00:38:26"
"22446","NJP25098847","2025-09-08 08:38:43","","2025-11-02 23:26:07"
"22445","NJP25098451","2025-09-07 18:43:38","","2025-11-23 10:19:21"
"22444","TXP25099036","2025-09-07 18:01:21","","2025-10-23 07:21:49"
"22443","ILP25098819","2025-09-07 17:36:46","","2025-09-12 22:57:05"
"22442","CAP25098146","2025-09-07 11:36:41","","2025-10-21 15:09:13"
"22441","CAP25098854","2025-09-07 10:15:47","","2025-10-27 11:10:14"
"22440","NWP25098785","2025-09-07 09:17:18","","2025-10-29 19:47:11"
"22439","ILP25098397","2025-09-07 09:01:11","2025-09-17","2025-11-19 01:18:57"
"22438","ILP25099052","2025-09-06 16:55:47","","2025-10-27 19:34:09"
"22437","TXP25098949","2025-09-06 16:54:41","","2025-09-13 09:17:18"
"22436","CAP25098075","2025-09-06 14:46:48","","2025-09-13 01:15:31"
"22435","NWP25098840","2025-09-06 13:12:26","","2025-11-07 20:42:02"
"22434","NWP25098472","2025-09-06 13:04:46","","2025-09-19 17:10:41"
"22433","NJP25098176","2025-09-06 12:28:06","","2025-09-17 19:01:26"
"22432","NJP25098370","2025-09-06 07:56:17","","2025-11-10 05:08:48"
"22431","CAP25098650","2025-09-06 07:56:16","","2025-09-17 09:52:04"
"22430","TXP25098602","2025-09-05 19:29:23","","2025-10-17 20:16:25"
"22429","ILP25098899","2025-09-05 18:46:08","","2025-10-28 11:02:16"
"22428","NJP25098924","2025-09-05 17:14:16","","2025-10-16 12:40:55"
"22427","NWP25098665","2025-09-05 16:45:26","","2025-11-03 09:19:56"
"22426","NWP25098402","2025-09-05 16:10:08","","2025-11-04 12:11:11"
"22425","TXP25098684","2025-09-05 14:55:03","2025-09-07","2025-09-13 03:39:42"
"22424","ILP25099006","2025-09-05 11:19:10","","2025-10-30 13:51:56"
"22423","TXP25098075","2025-09-05 10:23:11","","2025-09-09 09:26:21"
"22422","NJP25098736","2025-09-05 09:15:53","","2025-09-10 19:44:41"
"22421","TXP25098161","2025-09-05 08:17:14","","2025-10-17 06:00:05"
"22420","CAP25098557","2025-09-04 16:36:51","2025-09-19","2025-11-14 17:39:27"
"22419","NJP25098877","2025-09-04 15:56:59","","2025-10-23 17:39:15"
"22418","TXP25098844","2025-09-04 12:05:14","","2025-11-04 15:41:02"
"22417","NJP25098669","2025-09-04 11:30:22","2025-09-15","2025-11-05 07:40:41"
"22416","ILP25098021","2025-09-04 10:10:40","","2025-10-19 13:19:26"
"22415","NWP25098878","2025-09-03 19:31:53","","2025-10-25 01:34:11"
"22414","NWP25098012","2025-09-03 18:09:36","","2025-10-22 22:57:42"
"22413","CAP25098958","2025-09-03 15:09:44","2025-09-04","2025-09-06 13:58:46"
"22412","ILP25098351","2025-09-03 13:12:59","2025-09-21","2025-11-02 23:46:52"
"22411","NWP25098066","2025-09-03 13:12:56","","2025-09-08 23:34:36"
"22410","CAP25098326","2025-09-03 08:57:37","","2025-09-08 10:33:27"
"22409","NJP25098256","2025-09-03 08:35:10","","2025-09-09 04:08:17"
"22408","ILP25098308","2025-09-02 18:31:50","","2025-10-21 17:49:12"
"22407","ILP25098818","2025-09-02 17:46:32","","2025-09-09 22:46:03"
"22406","NWP25098741","2025-09-02 16:34:39","","2025-09-05 01:43:07"
"22405","CAP25098074","2025-09-02 16:31:53","","2025-09-08 00:53:24"
"22404","NJP25098564","2025-09-02 15:03:08","","2025-10-29 23:08:35"
"22403","ILP25098117","2025-09-02 14:12:34","2025-09-07","2025-10-05 16:42:47"
"22402","NJP25098817","2025-09-02 14:02:59","","2025-10-30 17:11:05"
"22401","TXP25098455","2025-09-02 13:48:42","","2025-10-23 22:24:46"
"22400","NWP25098905","2025-09-02 08:57:55","","2025-11-03 13:31:46"
"22399","ILP25098070","2025-09-01 19:50:17","","2025-09-05 15:54:12"
"22398","TXP25098277","2025-09-01 17:54:12","","2025-09-08 08:15:06"
"22397","ILP25098713","2025-09-01 12:26:07","","2025-11-01 09:12:44"
"22396","ILP25098559","2025-09-01 12:00:18","","2025-09-09 02:44:37"
"22395","TXP25098683","2025-09-01 09:51:15","2025-09-02","2025-09-10 01:49:40"
"22394","CAP25089230","2025-08-31 17:22:36","","2025-12-19 11:27:36"
"22393","ILP25088649","2025-08-31 14:49:16","","2025-10-09 05:36:38"
"22392","NJP25088646","2025-08-31 12:49:40","","2025-10-28 07:29:47"
"22391","CAP25089048","2025-08-31 09:24:54","","2025-10-12 19:35:04"
"22390","TXP25088948","2025-08-31 08:37:19","","2025-09-05 01:36:40"
"22389","TXP25089157","2025-08-30 17:21:45","","2025-10-28 00:52:59"
"22388","TXP25088874","2025-08-30 13:04:26","","2025-10-15 00:32:29"
"22387","TXP25088793","2025-08-30 11:29:53","","2025-10-28 00:41:38"
"22386","NJP25088175","2025-08-30 10:41:57","","2025-09-19 08:31:48"
"22385","TXP25088074","2025-08-30 09:18:21","","2025-09-03 06:10:12"
"22384","CAP25088812","2025-08-29 19:24:25","","2025-10-29 20:37:31"
"22383","ILP25088220","2025-08-29 18:28:02","","2025-11-10 14:40:41"
"22382","NWP25088187","2025-08-29 17:17:04","","2025-09-14 07:37:51"
"22381","NWP25088806","2025-08-29 16:08:19","","2025-11-10 18:54:55"
"22380","CAP25088252","2025-08-29 15:43:07","2025-09-12","2025-11-05 10:20:15"
"22379","CAP25088957","2025-08-29 14:53:46","","2025-09-01 13:51:56"
"22378","NJP25088332","2025-08-29 12:37:47","","2025-10-24 22:20:33"
"22377","NWP25088273","2025-08-29 09:11:48","2025-08-31","2025-09-04 11:57:10"
"22376","ILP25088622","2025-08-29 08:06:31","","2025-10-23 22:11:48"
"22375","TXP25088396","2025-08-28 18:22:03","2025-08-29","2025-09-03 14:23:39"
"22374","NJP25088514","2025-08-28 17:55:40","","2025-09-03 17:35:17"
"22373","CAP25088492","2025-08-28 17:40:54","","2025-11-01 01:37:53"
"22372","CAP25088771","2025-08-28 16:48:02","","2025-10-11 19:03:53"
"22371","CAP25089166","2025-08-28 16:44:13","","2025-11-07 08:55:10"
"22370","ILP25088396","2025-08-28 15:49:37","","2025-11-06 08:32:25"
"22369","ILP25088817","2025-08-28 12:28:02","","2025-09-04 01:38:50"
"22368","NWP25088471","2025-08-28 11:48:04","","2025-09-06 07:21:41"
"22367","ILP25088478","2025-08-28 11:32:35","","2025-11-15 09:29:26"
"22366","NJP25088780","2025-08-28 09:43:14","","2025-10-31 15:19:26"
"22365","TXP25088205","2025-08-27 19:42:25","","2025-10-10 19:54:03"
"22364","NJP25088923","2025-08-27 19:09:04","","2025-09-30 01:31:34"
"22363","TXP25088276","2025-08-27 18:09:19","","2025-09-07 18:59:59"
"22362","NJP25088483","2025-08-27 16:49:25","","2025-10-25 19:19:22"
"22361","CAP25088719","2025-08-27 16:26:17","","2025-10-28 15:10:45"
"22360","TXP25088682","2025-08-27 15:05:10","","2025-09-09 10:12:09"
"22359","CAP25088325","2025-08-27 12:11:11","","2025-09-03 10:25:06"
"22358","TXP25088947","2025-08-27 11:21:46","","2025-09-03 02:48:00"
"22357","CAP25089126","2025-08-27 08:43:36","","2025-10-31 15:37:16"
"22356","ILP25088181","2025-08-27 08:29:05","","2025-09-10 14:49:26"
"22355","ILP25088956","2025-08-27 07:53:58","","2025-11-03 05:34:35"
"22354","CAP25088649","2025-08-26 19:30:50","","2025-09-04 08:40:50"
"22353","TXP25088517","2025-08-26 18:05:25","","2025-11-13 11:46:42"
"22352","NJP25088369","2025-08-26 12:43:58","","2025-10-29 16:01:31"
"22351","ILP25088147","2025-08-26 12:18:41","","2025-10-14 00:45:38"
"22350","TXP25088073","2025-08-26 10:36:46","","2025-08-31 13:15:10"
"22349","CAP25088073","2025-08-26 08:19:40","","2025-08-30 01:15:02"
"22348","CAP25088209","2025-08-25 16:51:53","","2025-09-09 14:03:04"
"22347","ILP25089005","2025-08-25 16:18:44","","2025-11-02 18:26:29"
"22346","ILP25088678","2025-08-25 14:46:09","","2025-11-01 01:41:31"
"22345","NJP25088058","2025-08-25 14:04:28","2025-08-26","2025-08-30 06:42:50"
"22344","NWP25088338","2025-08-25 11:20:35","","2025-10-29 14:22:55"
"22343","TXP25089182","2025-08-25 07:58:28","","2025-10-10 03:11:10"
"22342","NWP25088065","2025-08-24 15:51:31","","2025-08-31 01:59:56"
"22341","NWP25088608","2025-08-24 15:41:08","","2025-10-25 08:40:50"
"22340","TXP25088347","2025-08-24 14:22:37","","2025-10-27 10:06:59"
"22339","CAP25088956","2025-08-24 10:01:52","","2025-08-27 17:26:55"
"22338","ILP25088447","2025-08-24 09:54:12","","2025-10-16 11:21:57"
"22337","NWP25088839","2025-08-24 09:08:38","","2025-11-05 05:49:03"
"22336","ILP25088558","2025-08-24 09:02:26","2025-08-27","2025-09-02 14:30:31"
"22335","ILP25088816","2025-08-23 19:00:54","","2025-08-30 22:09:48"
"22334","CAP25088893","2025-08-23 18:21:39","","2025-10-13 15:26:29"
"22333","NJP25088412","2025-08-23 17:48:36","","2025-10-21 12:47:03"
"22332","ILP25088069","2025-08-23 17:46:25","","2025-08-28 06:51:22"
"22331","NWP25088664","2025-08-23 17:22:34","","2025-10-27 00:57:14"
"22330","TXP25089035","2025-08-23 14:59:24","","2025-10-12 01:26:04"
"22329","NJP25088735","2025-08-23 13:17:28","","2025-08-24 13:57:28"
"22328","CAP25088853","2025-08-23 12:21:07","","2025-10-16 14:03:29"
"22327","NJP25088224","2025-08-23 09:49:19","","2025-11-05 19:19:29"
"22326","TXP25089081","2025-08-23 08:54:11","","2025-11-13 16:49:59"
"22325","ILP25088927","2025-08-23 08:31:29","","2025-10-22 04:22:21"
"22324","NJP25088016","2025-08-22 19:15:21","","2025-09-28 10:44:10"
"22323","TXP25088821","2025-08-22 17:37:02","","2025-10-13 09:08:23"
"22322","NJP25088695","2025-08-22 15:38:37","","2025-09-30 14:55:38"
"22321","ILP25088020","2025-08-22 15:28:29","","2025-10-22 02:27:14"
"22320","ILP25088259","2025-08-22 14:22:31","","2025-08-28 00:50:59"
"22319","NJP25088174","2025-08-22 13:32:03","2025-08-26","2025-09-03 02:41:19"
"22318","CAP25088600","2025-08-22 11:58:26","","2025-11-17 14:12:56"
"22317","CAP25088405","2025-08-22 11:03:52","","2025-10-09 03:16:07"
"22316","NJP25088297","2025-08-22 10:02:25","","2025-10-09 02:26:36"
"22315","TXP25089126","2025-08-22 09:22:17","","2025-10-26 17:31:03"
"22314","ILP25088750","2025-08-22 07:25:27","","2025-10-03 17:50:50"
"22313","CAP25088451","2025-08-21 19:21:56","","2025-10-10 02:44:31"
"22312","CAP25088428","2025-08-21 18:50:52","","2025-09-26 22:49:35"
"22311","TXP25088946","2025-08-21 14:30:54","","2025-08-25 01:38:17"
"22310","CAP25088324","2025-08-21 14:29:21","","2025-08-25 16:50:35"
"22309","NJP25088123","2025-08-21 13:35:29","2025-08-25","2025-09-20 14:41:39"
"22308","TXP25088395","2025-08-21 12:36:59","","2025-08-28 12:04:15"
"22307","TXP25088160","2025-08-21 10:31:06","","2025-10-10 14:13:22"
"22306","TXP25088275","2025-08-21 09:48:15","","2025-08-31 13:50:34"
"22305","NJP25088563","2025-08-20 16:27:59","","2025-10-24 19:39:30"
"22304","ILP25088395","2025-08-20 14:49:31","","2025-10-04 21:52:50"
"22303","NWP25088372","2025-08-20 12:55:26","","2025-10-15 06:07:19"
"22302","NWP25088740","2025-08-20 11:44:42","","2025-08-25 07:02:09"
"22301","CAP25088648","2025-08-20 10:56:30","","2025-08-25 02:00:32"
"22300","CAP25088010","2025-08-20 10:50:20","","2025-10-07 11:35:06"
"22299","NWP25088533","2025-08-20 09:01:05","","2025-10-15 16:01:17"
"22298","CAP25088556","2025-08-20 08:40:59","","2025-10-13 09:46:15"
"22297","TXP25088681","2025-08-20 08:05:20","","2025-08-29 16:48:09"
"22296","NJP25088614","2025-08-20 07:32:05","2025-09-02","2025-10-03 15:10:44"
"22295","TXP25088072","2025-08-19 16:24:30","","2025-08-24 00:49:52"
"22294","NWP25088309","2025-08-19 14:51:50","2025-09-04","2025-10-15 16:50:01"
"22293","CAP25088072","2025-08-19 13:56:46","","2025-08-24 02:37:19"
"22292","NJP25088876","2025-08-19 13:38:25","","2025-09-29 04:30:32"
"22291","NJP25088255","2025-08-19 12:43:04","","2025-08-24 13:26:32"
"22290","ILP25088307","2025-08-19 11:47:59","","2025-09-26 19:46:25"
"22289","NJP25088450","2025-08-19 09:19:31","","2025-11-11 05:19:11"
"22288","CAP25089195","2025-08-19 07:34:27","","2025-10-11 00:12:55"
"22287","NWP25088702","2025-08-18 12:42:02","","2025-09-28 02:08:24"
"22286","CAP25089047","2025-08-17 15:32:38","2025-08-27","2025-10-04 18:33:14"
"22285","NJP25088970","2025-08-17 14:52:39","","2025-10-27 16:28:24"
"22284","TXP25088454","2025-08-17 14:42:11","","2025-10-06 19:17:01"
"22283","NWP25088470","2025-08-17 12:37:28","","2025-08-29 03:04:19"
"22282","ILP25088815","2025-08-17 09:51:16","","2025-08-20 20:51:39"
"22281","CAP25088955","2025-08-17 08:40:45","2025-08-18","2025-08-20 17:06:53"
"22280","ILP25088712","2025-08-16 19:08:01","","2025-10-19 23:17:45"
"22279","NWP25088145","2025-08-16 18:50:04","","2025-10-08 21:09:46"
"22278","CAP25089229","2025-08-16 17:24:53","","2025-10-19 09:28:49"
"22277","NWP25088234","2025-08-16 16:46:29","","2025-10-17 18:29:40"
"22276","CAP25088323","2025-08-16 14:49:52","","2025-08-22 17:01:15"
"22275","ILP25088557","2025-08-16 12:10:36","","2025-08-25 15:15:04"
"22274","TXP25088204","2025-08-16 12:04:27","","2025-10-01 03:00:14"
"22273","TXP25088945","2025-08-16 10:02:02","","2025-08-21 15:39:38"
"22272","NWP25088064","2025-08-15 18:01:47","","2025-08-22 06:19:14"
"22271","CAP25088491","2025-08-15 16:14:02","2025-08-28","2025-10-01 08:03:42"
"22270","NWP25088186","2025-08-15 15:22:19","","2025-08-28 02:31:33"
"22269","CAP25088718","2025-08-15 14:37:50","","2025-10-12 08:38:21"
"22268","TXP25088274","2025-08-15 11:15:46","","2025-08-31 02:17:30"
"22267","TXP25088792","2025-08-15 09:34:29","","2025-09-25 01:34:18"
"22266","ILP25088350","2025-08-14 19:01:15","","2025-10-07 22:30:43"
"22265","CAP25089092","2025-08-14 16:56:00","","2025-10-13 18:33:05"
"22264","TXP25088680","2025-08-14 15:03:54","","2025-08-19 03:44:52"
"22263","ILP25088116","2025-08-14 14:59:54","","2025-09-30 02:19:55"
"22262","ILP25088068","2025-08-14 12:15:21","","2025-08-19 16:40:33"
"22261","NWP25088607","2025-08-14 10:41:47","","2025-10-11 16:34:11"
"22260","TXP25088394","2025-08-14 08:26:47","","2025-08-19 18:57:14"
"22259","CAP25088071","2025-08-14 08:25:49","","2025-08-19 18:11:58"
"22258","TXP25088516","2025-08-13 18:44:44","","2025-11-10 15:57:14"
"22257","NJP25088779","2025-08-13 18:44:12","","2025-10-06 11:54:40"
"22256","NJP25088816","2025-08-13 16:59:07","","2025-10-17 15:50:43"
"22255","NJP25088734","2025-08-13 16:33:16","","2025-08-21 04:59:48"
"22254","ILP25088898","2025-08-13 11:29:26","","2025-10-07 02:11:18"
"22253","TXP25089034","2025-08-13 07:59:55","","2025-09-29 14:29:53"
"22252","TXP25088071","2025-08-12 18:42:31","","2025-08-16 23:44:22"
"22251","NJP25088922","2025-08-12 14:27:34","","2025-09-28 04:31:50"
"22250","NWP25088272","2025-08-12 13:08:06","","2025-08-17 22:26:32"
"22249","CAP25088647","2025-08-12 12:34:15","","2025-08-20 07:07:30"
"22248","TXP25088873","2025-08-12 12:14:23","","2025-09-23 00:21:48"
"22247","NJP25088057","2025-08-12 10:39:15","","2025-08-16 08:56:08"
"22246","NWP25088567","2025-08-12 09:03:50","","2025-10-11 05:42:58"
"22245","CAP25089125","2025-08-11 18:39:52","","2025-10-18 23:52:45"
"22244","CAP25088208","2025-08-11 18:33:58","","2025-08-26 03:12:48"
"22243","NJP25088173","2025-08-11 14:18:41","","2025-08-23 14:47:54"
"22242","NJP25088562","2025-08-11 14:13:27","2025-08-23","2025-10-13 03:17:06"
"22241","ILP25088219","2025-08-11 14:09:43","","2025-11-01 11:23:07"
"22240","CAP25088322","2025-08-11 14:03:38","","2025-08-17 07:00:26"
"22239","TXP25088767","2025-08-11 10:56:57","","2025-10-06 08:17:56"
"22238","CAP25088954","2025-08-11 10:37:15","","2025-08-15 06:03:18"
"22237","ILP25089004","2025-08-11 09:38:36","","2025-09-25 12:15:12"
"22236","TXP25088601","2025-08-11 09:32:19","","2025-10-11 04:54:08"
"22235","NJP25088095","2025-08-11 08:33:36","2025-08-21","2025-09-28 21:23:37"
"22234","CAP25088169","2025-08-11 07:54:18","","2025-09-16 17:57:26"
"22233","NWP25088739","2025-08-10 18:45:04","","2025-08-14 19:24:13"
"22232","ILP25088180","2025-08-10 17:22:37","","2025-08-23 13:07:44"
"22231","TXP25088679","2025-08-10 13:35:35","","2025-08-21 10:04:22"
"22230","CAP25088770","2025-08-10 13:29:36","","2025-10-05 22:39:43"
"22229","ILP25088394","2025-08-10 12:24:04","","2025-10-20 02:08:58"
"22228","ILP25088814","2025-08-10 12:04:33","","2025-08-15 12:25:15"
"22227","ILP25088556","2025-08-10 10:44:27","","2025-08-19 00:01:33"
"22226","NWP25088663","2025-08-10 10:26:11","","2025-10-09 13:59:32"
"22225","ILP25089076","2025-08-10 10:18:30","","2025-10-14 04:14:12"
"22224","NWP25088423","2025-08-10 09:58:25","","2025-09-10 14:27:51"
"22223","ILP25088505","2025-08-10 08:19:59","","2025-10-06 11:13:33"
"22222","NJP25088331","2025-08-10 07:58:27","","2025-10-07 11:46:04"
"22221","ILP25088648","2025-08-09 19:00:51","","2025-10-06 18:57:46"
"22220","NWP25088469","2025-08-09 16:52:07","","2025-08-20 12:18:11"
"22219","TXP25088273","2025-08-09 16:49:11","","2025-08-18 13:09:23"
"22218","NJP25088411","2025-08-09 15:44:18","","2025-09-21 15:02:55"
"22217","TXP25089080","2025-08-09 15:36:13","","2025-10-09 16:01:09"
"22216","ILP25088019","2025-08-09 15:28:11","","2025-09-29 19:56:50"
"22215","TXP25088573","2025-08-09 11:55:24","2025-08-28","2025-10-20 02:32:17"
"22214","ILP25089051","2025-08-09 11:27:18","","2025-09-10 20:28:37"
"22213","NJP25088513","2025-08-09 09:35:36","","2025-08-21 12:10:17"
"22212","CAP25088070","2025-08-08 19:17:10","","2025-08-13 13:43:04"
"22211","ILP25088955","2025-08-08 19:05:24","","2025-10-11 20:22:36"
"22210","NWP25088877","2025-08-08 17:03:28","","2025-09-18 21:50:47"
"22209","TXP25088070","2025-08-08 15:16:51","","2025-08-13 15:23:34"
"22208","TXP25088843","2025-08-08 13:06:32","","2025-10-07 09:20:16"
"22207","NWP25088337","2025-08-08 09:33:44","","2025-11-12 20:46:33"
"22206","TXP25088944","2025-08-08 08:38:57","2025-08-09","2025-08-12 03:04:49"
"22205","TXP25088550","2025-08-07 17:20:40","","2025-10-14 06:31:48"
"22204","NJP25088296","2025-08-07 16:25:41","","2025-09-27 15:54:41"
"22203","CAP25088852","2025-08-07 16:22:33","","2025-10-10 08:26:37"
"22202","NJP25088368","2025-08-07 11:15:16","2025-08-18","2025-09-09 04:49:27"
"22201","CAP25088811","2025-08-07 08:06:07","","2025-10-01 17:39:49"
"22200","CAP25088646","2025-08-06 17:49:03","","2025-08-17 03:29:48"
"22199","TXP25088678","2025-08-06 17:43:18","","2025-08-18 08:55:11"
"22198","CAP25088251","2025-08-06 15:02:43","","2025-10-26 21:41:38"
"22197","TXP25089125","2025-08-06 14:15:24","","2025-09-30 09:19:20"
"22196","NWP25088063","2025-08-06 13:59:43","","2025-08-13 07:20:24"
"22195","NJP25088694","2025-08-06 12:26:06","","2025-09-20 09:31:24"
"22194","CAP25089165","2025-08-06 09:23:13","","2025-09-11 19:41:32"
"22193","NWP25088838","2025-08-06 08:38:09","","2025-10-08 20:44:16"
"22192","CAP25088555","2025-08-05 19:42:34","","2025-10-08 14:02:51"
"22191","NJP25088449","2025-08-05 16:45:08","","2025-10-12 15:20:36"
"22190","CAP25088321","2025-08-05 15:32:59","","2025-08-14 16:37:29"
"22189","NWP25088185","2025-08-05 15:27:26","","2025-08-18 07:08:32"
"22188","CAP25088717","2025-08-05 15:00:11","","2025-10-18 00:41:11"
"22187","NJP25088645","2025-08-05 13:50:21","","2025-10-15 07:58:09"
"22186","NWP25088011","2025-08-05 13:18:33","","2025-09-17 15:41:25"
"22185","ILP25088258","2025-08-05 11:16:29","","2025-08-09 23:29:59"
"22184","CAP25089046","2025-08-05 09:22:09","","2025-09-21 23:24:51"
"22183","ILP25088813","2025-08-05 09:15:37","2025-08-06","2025-08-08 15:11:48"
"22182","NJP25088846","2025-08-05 08:27:49","","2025-10-13 22:30:50"
"22181","CAP25088953","2025-08-04 19:56:45","","2025-08-08 17:21:31"
"22180","TXP25088489","2025-08-04 18:29:48","","2025-10-16 17:45:19"
"22179","ILP25088477","2025-08-04 13:46:38","2025-08-19","2025-10-09 04:20:43"
"22178","CAP25088490","2025-08-04 11:46:19","","2025-09-17 17:04:02"
"22177","NJP25088875","2025-08-04 08:44:58","","2025-09-04 23:38:13"
"22176","NWP25088468","2025-08-03 16:12:58","","2025-08-11 09:42:06"
"22175","TXP25089156","2025-08-03 13:54:41","","2025-08-31 18:32:12"
"22174","TXP25088943","2025-08-03 13:52:04","","2025-08-06 11:15:38"
"22173","NJP25088733","2025-08-03 12:47:07","","2025-08-07 22:33:17"
"22172","TXP25089181","2025-08-03 12:30:26","2025-08-18","2025-09-26 03:45:54"
"22171","NJP25088482","2025-08-03 11:20:47","","2025-10-24 16:08:22"
"22170","NJP25088122","2025-08-03 10:24:43","2025-08-20","2025-09-20 17:18:18"
"22169","NWP25088904","2025-08-03 09:56:21","","2025-09-15 18:50:40"
"22168","ILP25088306","2025-08-03 09:36:47","","2025-09-16 23:34:52"
"22167","NJP25088254","2025-08-02 18:52:42","","2025-08-07 19:50:12"
"22166","NJP25088015","2025-08-02 17:15:08","","2025-09-07 14:30:57"
"22165","NJP25088921","2025-08-02 16:53:10","","2025-09-11 16:28:50"
"22164","TXP25088393","2025-08-02 16:18:00","2025-08-03","2025-08-08 05:37:03"
"22163","NWP25088532","2025-08-02 16:15:10","","2025-10-13 00:36:52"
"22162","ILP25088446","2025-08-02 15:41:51","","2025-10-01 05:21:27"
"22161","NWP25088122","2025-08-02 15:07:45","","2025-09-08 21:42:56"
"22160","TXP25088069","2025-08-02 10:38:06","","2025-08-06 23:53:07"
"22159","TXP25089033","2025-08-02 08:59:01","2025-08-23","2025-10-02 19:40:29"
"22158","ILP25088146","2025-08-02 08:01:22","2025-08-19","2025-09-16 04:18:30"
"22157","CAP25088069","2025-08-01 19:18:09","","2025-08-05 21:21:59"
"22156","TXP25088159","2025-08-01 18:30:03","","2025-09-15 12:35:26"
"22155","TXP25088272","2025-08-01 16:10:41","","2025-08-20 20:25:36"
"22154","TXP25088677","2025-08-01 14:51:06","2025-08-02","2025-08-11 18:48:08"
"22153","ILP25088555","2025-08-01 13:18:40","","2025-08-10 19:13:59"
"22152","ILP25088749","2025-08-01 12:18:59","","2025-09-15 23:51:35"
"22151","NJP25088172","2025-08-01 08:40:30","","2025-08-20 16:55:15"
"22150","ILP25078711","2025-07-31 14:46:53","","2025-09-24 23:39:36"
"22149","TXP25078009","2025-07-31 14:44:44","","2025-09-23 18:00:40"
"22148","ILP25078812","2025-07-31 14:16:49","","2025-08-04 01:34:10"
"22147","NJP25078056","2025-07-31 13:30:08","","2025-08-05 01:52:20"
"22146","NWP25078738","2025-07-30 15:24:06","","2025-08-04 13:20:02"
"22145","NWP25078606","2025-07-30 15:10:58","","2025-09-19 02:39:23"
"22144","ILP25078115","2025-07-30 13:58:27","","2025-09-04 22:58:09"
"22143","NWP25078062","2025-07-30 13:32:30","","2025-08-05 17:51:16"
"22142","TXP25078453","2025-07-30 09:46:43","","2025-09-12 23:23:38"
"22141","NJP25078613","2025-07-29 16:59:07","2025-08-12","2025-10-01 23:30:38"
"22140","CAP25078427","2025-07-29 13:36:50","","2025-10-15 23:08:06"
"22139","CAP25078320","2025-07-29 13:17:26","","2025-08-03 15:22:54"
"22138","ILP25078897","2025-07-29 11:35:16","","2025-09-23 12:00:24"
"22137","TXP25078203","2025-07-29 09:59:26","","2025-09-06 20:37:25"
"22136","NWP25078233","2025-07-29 09:23:23","","2025-09-30 18:39:16"
"22135","ILP25078067","2025-07-29 08:49:53","2025-07-29","2025-08-03 10:48:05"
"22134","NJP25078668","2025-07-29 08:30:56","","2025-10-12 09:18:55"
"22133","CAP25078952","2025-07-29 08:05:05","","2025-08-03 18:42:35"
"22132","ILP25078393","2025-07-28 18:11:48","","2025-08-24 18:00:38"
"22131","NJP25078561","2025-07-28 17:46:49","","2025-09-30 20:02:22"
"22130","TXP25078676","2025-07-28 16:25:40","","2025-08-08 14:16:19"
"22129","NWP25078371","2025-07-28 16:11:51","","2025-09-20 11:14:08"
"22128","ILP25078621","2025-07-28 16:05:18","2025-08-18","2025-09-26 06:37:40"
"22127","TXP25078068","2025-07-28 12:58:46","","2025-08-03 13:43:13"
"22126","CAP25078769","2025-07-28 10:41:03","","2025-09-10 20:24:07"
"22125","TXP25078942","2025-07-28 09:48:35","","2025-08-04 16:03:59"
"22124","CAP25078645","2025-07-28 09:09:23","","2025-08-07 21:37:03"
"22123","NWP25078662","2025-07-28 08:46:54","","2025-09-30 18:55:23"
"22122","CAP25078599","2025-07-27 18:51:29","","2025-09-18 10:57:46"
"22121","ILP25078554","2025-07-27 14:21:45","","2025-08-06 13:45:25"
"22120","CAP25078068","2025-07-27 13:56:33","","2025-07-31 18:40:32"
"22119","ILP25079003","2025-07-27 12:52:22","","2025-09-26 11:10:46"
"22118","CAP25079194","2025-07-27 10:36:00","","2025-08-31 10:26:24"
"22117","NJP25078815","2025-07-27 08:27:00","","2025-09-16 10:28:26"
"22116","CAP25078145","2025-07-27 08:19:53","","2025-09-03 22:08:33"
"22115","NWP25078784","2025-07-27 07:55:28","","2025-09-10 01:49:56"
"22114","NJP25078512","2025-07-26 18:51:40","","2025-08-03 17:16:17"
"22113","CAP25078489","2025-07-26 17:24:44","","2025-09-11 09:44:28"
"22112","CAP25079045","2025-07-26 17:08:37","","2025-09-24 15:39:18"
"22111","CAP25078851","2025-07-26 15:54:26","","2025-09-30 11:24:55"
"22110","CAP25078554","2025-07-26 15:14:15","","2025-09-25 13:11:35"
"22109","NJP25078969","2025-07-26 14:01:01","","2025-09-26 12:59:29"
"22108","ILP25078811","2025-07-26 13:50:12","","2025-07-31 18:22:16"
"22107","NWP25078184","2025-07-26 12:18:47","","2025-08-02 21:01:00"
"22106","TXP25079079","2025-07-26 11:55:09","","2025-10-14 18:29:07"
"22105","CAP25079124","2025-07-26 10:41:04","","2025-10-06 21:30:33"
"22104","TXP25078346","2025-07-26 09:14:28","","2025-09-22 05:54:11"
"22103","TXP25078515","2025-07-26 08:55:10","2025-08-07","2025-10-12 22:33:08"
"22102","CAP25078892","2025-07-26 08:19:54","","2025-09-11 09:23:30"
"22101","CAP25078207","2025-07-26 08:10:23","","2025-08-07 23:40:34"
"22100","TXP25078820","2025-07-25 18:20:01","","2025-09-28 05:30:50"
"22099","ILP25078677","2025-07-25 12:02:31","","2025-09-03 06:45:27"
"22098","NWP25078401","2025-07-25 11:07:45","","2025-09-22 04:40:42"
"22097","CAP25079228","2025-07-25 10:17:50","","2025-09-24 19:30:42"
"22096","TXP25078872","2025-07-25 09:45:35","","2025-09-08 01:56:40"
"22095","ILP25078257","2025-07-24 18:44:52","","2025-07-30 22:04:46"
"22094","TXP25078067","2025-07-24 16:18:07","","2025-07-29 04:05:18"
"22093","TXP25078941","2025-07-24 16:15:32","","2025-07-26 23:21:51"
"22092","NJP25078778","2025-07-24 15:39:05","","2025-09-13 13:51:24"
"22091","NWP25078467","2025-07-24 11:14:07","","2025-08-03 09:03:57"
"22090","TXP25078271","2025-07-23 18:57:57","","2025-08-04 20:11:44"
"22089","ILP25078926","2025-07-23 18:36:02","2025-08-01","2025-10-03 03:59:53"
"22088","TXP25078392","2025-07-23 17:51:15","2025-07-24","2025-07-27 01:03:41"
"22087","CAP25078168","2025-07-23 17:15:46","","2025-09-10 04:31:15"
"22086","NWP25078271","2025-07-23 16:25:26","","2025-07-28 20:55:46"
"22085","ILP25078218","2025-07-23 11:58:42","","2025-10-02 06:22:49"
"22084","CAP25078951","2025-07-23 11:25:36","2025-07-24","2025-07-30 22:52:26"
"22083","ILP25078179","2025-07-23 10:28:07","2025-07-25","2025-08-03 13:43:49"
"22082","ILP25078018","2025-07-23 09:51:00","","2025-09-09 12:27:58"
"22081","CAP25078810","2025-07-22 19:24:28","","2025-09-11 23:18:43"
"22080","CAP25078067","2025-07-22 16:17:52","","2025-07-28 08:57:43"
"22079","ILP25078810","2025-07-22 13:03:13","","2025-07-29 03:32:39"
"22078","TXP25078675","2025-07-22 12:59:38","","2025-07-31 04:32:41"
"22077","NJP25078330","2025-07-22 11:58:37","","2025-09-10 19:19:31"
"22076","CAP25078319","2025-07-22 10:15:01","2025-07-24","2025-07-28 04:36:14"
"22075","CAP25078716","2025-07-22 09:01:52","","2025-09-25 22:58:03"
"22074","NJP25078171","2025-07-22 08:26:22","","2025-08-06 10:34:37"
"22073","NWP25078837","2025-07-21 17:38:29","","2025-09-30 11:51:50"
"22072","NJP25078253","2025-07-21 14:05:05","","2025-07-29 04:14:30"
"22071","TXP25078791","2025-07-21 14:03:33","","2025-08-17 01:30:28"
"22070","NWP25078566","2025-07-21 13:47:31","","2025-09-04 20:55:02"
"22069","ILP25078954","2025-07-20 18:40:35","","2025-09-20 15:30:44"
"22068","NJP25078410","2025-07-20 17:42:48","","2025-09-17 11:52:13"
"22067","CAP25078644","2025-07-20 16:15:09","","2025-08-02 19:30:51"
"22066","NWP25078061","2025-07-20 14:31:05","","2025-07-25 16:52:12"
"22065","NWP25078144","2025-07-20 11:24:54","","2025-08-31 13:02:37"
"22064","TXP25079032","2025-07-20 11:01:40","","2025-09-17 03:14:10"
"22063","ILP25078305","2025-07-20 08:36:18","","2025-09-06 17:30:31"
"22062","NJP25078920","2025-07-20 07:44:52","","2025-08-20 15:57:07"
"22061","NJP25078121","2025-07-19 18:15:11","","2025-09-01 23:29:34"
"22060","ILP25078392","2025-07-19 17:26:53","","2025-09-28 08:03:48"
"22059","CAP25078404","2025-07-19 17:20:12","","2025-09-04 14:08:12"
"22058","ILP25079050","2025-07-19 17:05:02","","2025-09-01 05:27:16"
"22057","NWP25078308","2025-07-19 16:46:18","","2025-09-02 16:05:50"
"22056","TXP25078066","2025-07-19 14:35:36","","2025-07-23 23:02:04"
"22055","TXP25078600","2025-07-19 13:08:29","","2025-09-07 11:55:42"
"22054","CAP25078950","2025-07-18 19:00:16","","2025-07-22 06:53:51"
"22053","NWP25078805","2025-07-18 18:27:25","","2025-09-22 23:37:00"
"22052","TXP25079124","2025-07-18 17:11:31","","2025-09-17 03:10:27"
"22051","TXP25078158","2025-07-18 16:22:30","","2025-09-16 19:45:53"
"22050","NWP25078531","2025-07-18 15:05:05","","2025-09-25 16:55:55"
"22049","NJP25078367","2025-07-18 14:17:36","","2025-09-23 18:09:15"
"22048","ILP25078476","2025-07-18 11:40:05","","2025-09-23 14:25:50"
"22047","NJP25078448","2025-07-18 11:09:24","","2025-09-24 13:37:58"
"22046","TXP25078940","2025-07-18 10:37:32","","2025-07-22 03:28:29"
"22045","NWP25078737","2025-07-17 18:53:18","","2025-07-22 22:50:40"
"22044","TXP25078674","2025-07-17 18:23:47","","2025-07-26 17:33:20"
"22043","CAP25078450","2025-07-17 17:31:55","","2025-08-18 07:46:59"
"22042","NWP25078183","2025-07-17 17:08:18","","2025-07-29 00:10:49"
"22041","ILP25078553","2025-07-17 16:40:58","","2025-07-24 01:30:44"
"22040","NJP25078732","2025-07-17 13:56:09","","2025-07-21 14:54:15"
"22039","NWP25078661","2025-07-17 13:37:06","","2025-09-19 09:47:04"
"22038","NWP25078605","2025-07-17 13:20:35","","2025-09-14 11:15:02"
"22037","TXP25078270","2025-07-17 09:59:12","","2025-08-05 21:01:56"
"22036","NWP25078336","2025-07-16 18:57:33","","2025-09-28 10:07:42"
"22035","CAP25079091","2025-07-16 17:59:20","","2025-09-22 07:40:45"
"22034","ILP25078114","2025-07-16 17:51:25","","2025-08-20 10:27:52"
"22033","ILP25078647","2025-07-16 17:21:29","","2025-09-06 14:15:43"
"22032","NJP25078874","2025-07-16 17:18:17","2025-08-04","2025-09-27 02:43:16"
"22031","ILP25078710","2025-07-16 15:49:20","","2025-09-22 18:30:28"
"22030","CAP25078318","2025-07-16 15:00:48","","2025-07-21 04:19:16"
"22029","NJP25078644","2025-07-16 14:14:12","2025-08-03","2025-09-03 07:46:39"
"22028","NJP25078693","2025-07-16 12:19:24","","2025-09-05 06:09:28"
"22027","NWP25078466","2025-07-16 10:11:19","","2025-07-28 00:28:37"
"22026","TXP25078065","2025-07-15 17:53:20","","2025-07-19 16:49:33"
"22025","ILP25078066","2025-07-15 17:26:51","","2025-07-20 11:08:22"
"22024","ILP25079075","2025-07-15 16:34:22","","2025-09-10 12:36:25"
"22023","ILP25078809","2025-07-15 15:57:42","","2025-07-18 23:34:13"
"22022","NJP25078295","2025-07-15 15:07:30","","2025-08-30 17:22:03"
"22021","CAP25078553","2025-07-15 14:26:56","","2025-09-22 16:29:55"
"22020","CAP25078488","2025-07-15 13:41:06","","2025-08-29 14:23:16"
"22019","CAP25078850","2025-07-15 11:13:00","2025-07-28","2025-09-21 03:00:27"
"22018","CAP25078066","2025-07-15 09:46:12","","2025-07-21 07:36:57"
"22017","CAP25078715","2025-07-14 18:02:21","","2025-09-23 00:27:07"
"22016","NJP25078055","2025-07-14 17:06:58","","2025-07-20 06:41:28"
"22015","ILP25078349","2025-07-14 16:11:10","","2025-09-06 09:56:15"
"22014","ILP25078504","2025-07-14 12:59:34","","2025-09-03 20:21:18"
"22013","NJP25078560","2025-07-14 11:46:18","","2025-09-28 10:24:19"
"22012","NWP25078010","2025-07-14 10:30:08","","2025-08-19 08:42:37"
"22011","NWP25078060","2025-07-13 16:52:37","","2025-07-17 23:07:09"
"22010","TXP25078842","2025-07-13 16:19:21","","2025-09-06 07:34:56"
"22009","ILP25079002","2025-07-13 15:47:17","","2025-08-18 18:33:12"
"22008","NJP25078223","2025-07-13 13:54:35","","2025-09-13 07:50:39"
"22007","TXP25078452","2025-07-13 11:10:02","","2025-08-27 17:53:18"
"22006","TXP25078269","2025-07-12 19:35:04","","2025-07-28 08:23:01"
"22005","CAP25078250","2025-07-12 18:25:45","","2025-09-17 20:04:17"
"22004","CAP25078206","2025-07-12 18:14:03","","2025-07-29 20:02:08"
"22003","CAP25079044","2025-07-12 18:08:11","","2025-09-10 08:31:17"
"22002","ILP25078748","2025-07-12 12:42:24","2025-07-17","2025-08-19 08:06:35"
"22001","TXP25078549","2025-07-12 11:12:49","","2025-09-08 08:13:15"
"22000","TXP25078939","2025-07-12 10:55:43","2025-07-13","2025-07-15 23:53:12"
"21999","TXP25078202","2025-07-12 09:50:46","","2025-08-10 19:11:51"
"21998","CAP25078009","2025-07-12 08:44:10","","2025-08-22 19:49:09"
"21997","TXP25078673","2025-07-11 19:11:36","","2025-07-16 22:27:39"
"21996","ILP25078808","2025-07-11 13:51:53","","2025-07-20 10:34:32"
"21995","TXP25079155","2025-07-11 13:48:43","","2025-09-17 17:44:51"
"21994","TXP25079078","2025-07-11 10:35:43","","2025-09-23 17:36:25"
"21993","CAP25079123","2025-07-11 10:34:16","","2025-09-03 19:07:47"
"21992","CAP25078643","2025-07-11 10:18:24","","2025-07-20 00:08:22"
"21991","TXP25078391","2025-07-10 19:19:32","","2025-07-15 09:12:09"
"21990","NJP25078481","2025-07-10 17:35:53","","2025-09-05 08:26:33"
"21989","NJP25078014","2025-07-10 16:29:25","","2025-08-20 11:54:05"
"21988","NWP25078270","2025-07-10 16:09:19","","2025-07-17 21:37:26"
"21987","ILP25078391","2025-07-10 15:06:05","","2025-09-11 14:41:20"
"21986","NWP25078422","2025-07-10 11:52:49","2025-07-28","2025-09-01 06:57:27"
"21985","CAP25078949","2025-07-10 11:22:06","","2025-07-15 20:13:50"
"21984","NWP25078876","2025-07-10 10:53:18","","2025-09-04 04:27:13"
"21983","ILP25078896","2025-07-10 10:43:35","","2025-08-23 09:35:19"
"21982","NJP25078919","2025-07-10 10:26:48","2025-07-21","2025-09-01 21:54:10"
"21981","CAP25078065","2025-07-10 08:42:27","2025-07-11","2025-07-14 16:33:58"
"21980","NJP25078170","2025-07-10 08:13:57","","2025-07-25 01:02:24"
"21979","NWP25078370","2025-07-09 17:31:17","","2025-09-05 12:12:54"
"21978","NWP25078232","2025-07-09 17:17:26","2025-08-04","2025-09-27 01:11:34"
"21977","CAP25078317","2025-07-09 14:23:20","","2025-07-14 02:50:33"
"21976","NWP25078836","2025-07-09 12:11:34","2025-07-18","2025-09-10 03:01:34"
"21975","NJP25078612","2025-07-09 09:43:07","","2025-08-14 17:33:57"
"21974","ILP25078017","2025-07-09 08:52:49","","2025-09-01 05:19:49"
"21973","TXP25078572","2025-07-09 08:05:19","","2025-09-20 23:16:41"
"21972","TXP25078064","2025-07-09 07:38:00","","2025-07-14 10:41:00"
"21971","ILP25078304","2025-07-08 18:11:39","2025-07-17","2025-08-23 18:34:28"
"21970","TXP25079180","2025-07-08 16:42:00","","2025-08-26 06:57:48"
"21969","ILP25078552","2025-07-08 14:16:52","","2025-07-16 12:45:56"
"21968","NWP25078465","2025-07-08 12:18:52","","2025-07-16 01:43:12"
"21967","CAP25078768","2025-07-07 17:21:29","","2025-08-07 13:30:52"
"21966","TXP25078672","2025-07-07 16:40:26","","2025-07-16 13:15:22"
"21965","NJP25078094","2025-07-07 16:08:27","","2025-09-04 09:45:36"
"21964","CAP25079164","2025-07-07 14:07:26","","2025-08-21 09:51:51"
"21963","NJP25078511","2025-07-07 11:01:46","","2025-07-17 05:26:13"
"21962","NWP25078182","2025-07-07 08:50:26","","2025-07-23 06:21:29"
"21961","NWP25078604","2025-07-06 18:58:35","2025-07-28","2025-09-17 12:28:41"
"21960","TXP25078268","2025-07-06 18:31:06","","2025-07-20 16:46:00"
"21959","NWP25078059","2025-07-06 17:29:53","","2025-07-12 22:11:40"
"21958","NJP25078366","2025-07-06 14:53:55","","2025-10-02 12:53:36"
"21957","NJP25078252","2025-07-06 08:48:14","","2025-07-12 14:48:17"
"21956","CAP25078426","2025-07-05 19:49:09","","2025-08-28 11:05:32"
"21955","NJP25078968","2025-07-05 19:24:25","2025-07-20","2025-09-29 21:37:10"
"21954","CAP25078552","2025-07-05 17:56:35","","2025-09-03 10:36:10"
"21953","TXP25078871","2025-07-05 17:27:35","","2025-08-15 19:36:49"
"21952","TXP25078766","2025-07-05 16:02:57","","2025-09-12 22:05:27"
"21951","ILP25078256","2025-07-05 15:45:11","","2025-07-11 21:07:17"
"21950","NWP25078701","2025-07-05 15:38:10","","2025-08-18 18:42:12"
"21949","NJP25078329","2025-07-05 14:40:54","","2025-08-22 04:59:59"
"21948","TXP25078938","2025-07-05 14:19:33","","2025-07-10 10:37:56"
"21947","NJP25078667","2025-07-05 13:53:20","","2025-09-03 07:03:49"
"21946","TXP25078063","2025-07-05 13:33:15","","2025-07-10 19:14:04"
"21945","CAP25078064","2025-07-05 13:25:08","2025-07-07","2025-07-10 09:02:45"
"21944","NWP25078660","2025-07-05 13:11:30","","2025-09-04 15:31:39"
"21943","CAP25078316","2025-07-05 13:04:19","","2025-07-11 01:24:41"
"21942","CAP25078891","2025-07-05 12:51:49","","2025-08-18 12:36:39"
"21941","NJP25078814","2025-07-05 12:50:00","","2025-09-24 00:00:20"
"21940","TXP25078514","2025-07-04 19:30:17","","2025-09-21 23:30:06"
"21939","CAP25078642","2025-07-04 18:56:19","","2025-07-13 09:32:12"
"21938","NWP25078903","2025-07-04 17:29:22","","2025-08-01 18:23:16"
"21937","ILP25078709","2025-07-04 13:16:26","","2025-09-10 18:05:49"
"21936","ILP25078445","2025-07-04 09:28:58","","2025-09-08 00:25:49"
"21935","ILP25078807","2025-07-04 08:53:16","","2025-07-07 18:38:01"
"21934","CAP25078948","2025-07-04 08:47:29","","2025-07-10 13:01:30"
"21933","NWP25078736","2025-07-04 07:39:47","2025-07-04","2025-07-07 07:42:55"
"21932","NJP25078409","2025-07-03 17:29:45","","2025-09-05 14:24:25"
"21931","NWP25078530","2025-07-03 15:55:15","","2025-09-17 13:04:39"
"21930","NJP25078169","2025-07-03 12:45:21","","2025-07-20 09:32:55"
"21929","CAP25078487","2025-07-03 12:44:02","","2025-08-22 02:15:59"
"21928","NJP25078054","2025-07-03 12:26:26","","2025-07-07 23:00:21"
"21927","ILP25078178","2025-07-03 09:54:30","","2025-07-17 02:40:22"
"21926","CAP25078205","2025-07-02 18:57:32","","2025-07-18 00:53:47"
"21925","ILP25079001","2025-07-02 16:10:33","","2025-07-28 16:12:44"
"21924","TXP25078671","2025-07-02 13:31:04","","2025-07-12 06:24:03"
"21923","TXP25079031","2025-07-02 07:44:51","","2025-08-22 23:06:40"
"21922","ILP25078551","2025-07-01 19:02:28","2025-07-05","2025-07-12 15:23:36"
"21921","CAP25079122","2025-07-01 18:18:24","","2025-08-25 16:08:59"
"21920","NJP25078559","2025-07-01 17:10:16","","2025-08-28 15:25:22"
"21919","ILP25078390","2025-07-01 17:05:31","","2025-08-19 17:59:32"
"21918","TXP25078390","2025-07-01 15:13:46","2025-07-02","2025-07-08 06:30:55"
"21917","CAP25079227","2025-07-01 14:57:41","","2025-08-28 04:15:05"
"21916","CAP25078809","2025-07-01 14:12:41","","2025-09-04 23:29:26"
"21915","NJP25078845","2025-07-01 14:03:51","","2025-09-02 08:03:16"
"21914","CAP25078714","2025-07-01 11:12:08","","2025-09-09 01:51:43"
"21913","TXP25079123","2025-07-01 10:16:20","","2025-08-30 17:18:23"
"21912","NJP25078777","2025-07-01 08:53:00","","2025-08-06 20:39:22"
"21911","NJP25068731","2025-06-30 19:20:20","","2025-07-04 17:09:31"
"21910","NWP25068143","2025-06-30 17:30:35","2025-07-09","2025-08-05 08:50:37"
"21909","TXP25068062","2025-06-30 16:50:18","","2025-07-06 22:31:58"
"21908","CAP25068315","2025-06-30 16:33:22","","2025-07-07 06:54:21"
"21907","NWP25068058","2025-06-30 15:32:07","","2025-07-05 21:57:31"
"21906","TXP25068201","2025-06-30 13:10:09","2025-07-17","2025-08-13 18:44:08"
"21905","ILP25068065","2025-06-30 12:27:51","","2025-07-04 19:06:58"
"21904","TXP25068267","2025-06-30 11:44:36","","2025-07-15 14:27:49"
"21903","ILP25068953","2025-06-30 09:48:45","","2025-08-28 14:23:00"
"21902","TXP25068599","2025-06-29 18:18:23","2025-07-15","2025-08-22 02:15:57"
"21901","TXP25068345","2025-06-29 17:47:51","","2025-09-01 17:31:19"
"21900","TXP25068157","2025-06-29 17:27:58","","2025-08-11 13:39:41"
"21899","ILP25068145","2025-06-29 16:46:49","","2025-08-11 07:01:05"
"21898","CAP25069193","2025-06-29 13:49:03","","2025-08-10 09:38:04"
"21897","CAP25069043","2025-06-29 12:30:38","","2025-08-30 12:16:57"
"21896","NWP25068121","2025-06-29 11:56:18","","2025-08-16 13:34:46"
"21895","NJP25068447","2025-06-29 10:25:23","2025-07-20","2025-09-06 09:50:15"
"21894","NWP25068565","2025-06-29 10:02:44","","2025-08-15 23:59:53"
"21893","NJP25068873","2025-06-28 19:01:41","","2025-08-15 18:57:41"
"21892","CAP25068641","2025-06-28 18:11:53","","2025-07-06 20:36:27"
"21891","CAP25068849","2025-06-28 16:36:08","","2025-08-30 19:40:57"
"21890","TXP25068937","2025-06-28 12:10:32","","2025-07-02 18:32:16"
"21889","NWP25068464","2025-06-28 09:43:31","","2025-07-06 21:56:47"
"21888","ILP25068806","2025-06-27 19:51:29","2025-06-28","2025-07-01 22:17:28"
"21887","ILP25068646","2025-06-27 18:38:24","2025-07-14","2025-08-22 15:17:33"
"21886","ILP25068475","2025-06-27 16:21:36","","2025-09-09 03:55:39"
"21885","TXP25068670","2025-06-27 16:14:34","","2025-07-05 16:00:26"
"21884","NWP25068335","2025-06-27 14:30:19","","2025-07-28 06:19:34"
"21883","CAP25068063","2025-06-27 12:07:49","","2025-07-01 01:05:11"
"21882","ILP25068217","2025-06-27 10:06:31","","2025-08-30 07:30:05"
"21881","NWP25068307","2025-06-27 09:40:46","2025-07-04","2025-08-08 19:55:58"
"21880","TXP25068488","2025-06-27 08:55:29","","2025-07-28 09:47:31"
"21879","CAP25068598","2025-06-26 19:36:11","","2025-09-03 23:40:26"
"21878","NWP25068181","2025-06-26 19:26:59","","2025-07-14 00:07:50"
"21877","CAP25068947","2025-06-26 16:32:14","","2025-06-30 10:30:50"
"21876","TXP25068061","2025-06-26 16:12:50","","2025-07-01 14:04:31"
"21875","NJP25068918","2025-06-26 10:23:59","2025-07-11","2025-08-03 14:10:35"
"21874","TXP25068451","2025-06-25 19:25:22","","2025-08-05 19:16:18"
"21873","ILP25068895","2025-06-25 16:00:08","","2025-08-08 19:17:02"
"21872","NWP25068603","2025-06-25 15:26:41","","2025-09-05 09:39:22"
"21871","NWP25068400","2025-06-25 15:00:03","","2025-09-12 07:06:30"
"21870","NWP25068735","2025-06-25 14:38:21","","2025-06-30 07:17:55"
"21869","TXP25069077","2025-06-25 14:37:01","","2025-09-02 08:13:24"
"21868","TXP25068790","2025-06-25 12:13:49","","2025-08-08 10:03:09"
"21867","ILP25068303","2025-06-25 11:51:01","","2025-08-05 22:28:00"
"21866","NWP25068659","2025-06-25 09:30:59","","2025-08-17 04:32:29"
"21865","ILP25068925","2025-06-25 09:14:57","","2025-08-29 23:00:10"
"21864","CAP25068314","2025-06-24 18:29:48","","2025-06-29 07:41:42"
"21863","ILP25068550","2025-06-24 16:44:48","","2025-07-07 10:39:46"
"21862","NJP25068510","2025-06-24 15:10:57","","2025-07-02 13:11:54"
"21861","TXP25069179","2025-06-24 14:01:43","","2025-08-02 12:44:59"
"21860","TXP25068389","2025-06-24 10:35:56","","2025-06-27 14:01:09"
"21859","ILP25068676","2025-06-24 09:01:48","","2025-09-04 03:49:50"
"21858","NJP25068120","2025-06-24 08:57:23","","2025-08-02 04:15:32"
"21857","ILP25068255","2025-06-24 08:48:24","","2025-06-29 07:15:56"
"21856","TXP25068266","2025-06-24 08:06:49","","2025-07-12 06:52:03"
"21855","CAP25068167","2025-06-23 18:20:54","","2025-08-11 12:11:21"
"21854","ILP25068113","2025-06-23 16:48:31","","2025-08-06 06:01:59"
"21853","ILP25069049","2025-06-23 16:31:52","","2025-07-14 09:00:27"
"21852","NWP25068269","2025-06-23 16:08:34","","2025-06-28 20:47:09"
"21851","NJP25068294","2025-06-23 15:30:55","","2025-08-06 08:22:41"
"21850","TXP25068669","2025-06-22 19:24:04","","2025-07-02 19:45:31"
"21849","CAP25068486","2025-06-22 16:55:10","","2025-07-29 21:43:51"
"21848","NJP25068168","2025-06-22 15:52:04","2025-06-25","2025-07-04 18:56:00"
"21847","ILP25068016","2025-06-22 15:45:54","","2025-08-22 20:28:33"
"21846","NWP25068231","2025-06-22 15:40:18","","2025-08-19 07:30:00"
"21845","NWP25068875","2025-06-22 15:13:33","2025-07-09","2025-08-29 19:14:53"
"21844","NJP25068643","2025-06-22 10:40:01","","2025-09-09 19:03:00"
"21843","CAP25068449","2025-06-22 08:55:24","","2025-09-11 18:31:37"
"21842","NWP25068835","2025-06-22 08:33:13","","2025-08-10 02:38:04"
"21841","CAP25068249","2025-06-22 08:14:45","","2025-08-12 07:47:50"
"21840","TXP25068936","2025-06-21 18:01:47","2025-06-23","2025-06-26 09:43:08"
"21839","NJP25068611","2025-06-21 12:43:14","","2025-08-21 21:50:52"
"21838","ILP25069000","2025-06-21 12:35:24","","2025-07-17 04:05:35"
"21837","NJP25068251","2025-06-21 11:51:54","","2025-06-26 18:33:34"
"21836","NWP25068463","2025-06-21 10:42:07","2025-06-24","2025-07-02 23:20:22"
"21835","CAP25069042","2025-06-21 10:39:56","","2025-08-03 09:00:42"
"21834","NWP25068369","2025-06-21 08:00:32","","2025-08-02 00:34:02"
"21833","ILP25068708","2025-06-20 19:32:56","","2025-08-07 09:18:43"
"21832","CAP25068551","2025-06-20 15:36:28","","2025-08-17 17:57:11"
"21831","TXP25068008","2025-06-20 15:19:11","","2025-08-06 04:03:37"
"21830","CAP25068062","2025-06-20 09:15:53","","2025-06-23 07:59:21"
"21829","CAP25068008","2025-06-19 18:56:47","","2025-08-01 12:37:18"
"21828","TXP25068060","2025-06-19 17:57:47","","2025-06-23 19:51:23"
"21827","NJP25068053","2025-06-19 14:12:03","2025-06-21","2025-06-24 12:53:54"
"21826","NJP25068365","2025-06-19 13:37:05","2025-07-03","2025-09-08 03:19:26"
"21825","NJP25068692","2025-06-19 13:32:31","","2025-08-07 19:09:11"
"21824","CAP25068946","2025-06-19 13:07:16","","2025-06-21 22:42:46"
"21823","NJP25068013","2025-06-19 12:43:04","","2025-08-03 06:53:12"
"21822","CAP25068313","2025-06-19 12:33:43","","2025-06-23 17:45:24"
"21821","ILP25068805","2025-06-19 10:40:38","","2025-06-24 05:10:21"
"21820","ILP25068620","2025-06-19 10:22:24","","2025-08-22 21:34:02"
"21819","CAP25068767","2025-06-19 09:33:46","","2025-08-12 20:28:39"
"21818","NWP25068057","2025-06-19 09:23:20","","2025-06-24 08:48:02"
"21817","NJP25068480","2025-06-19 08:55:46","","2025-08-21 01:01:54"
"21816","TXP25068819","2025-06-19 08:43:22","","2025-08-21 21:10:52"
"21815","NJP25068408","2025-06-18 19:34:56","","2025-08-17 21:06:59"
"21814","CAP25068144","2025-06-18 16:47:18","","2025-08-04 21:52:44"
"21813","NJP25068558","2025-06-18 16:12:24","","2025-08-28 08:04:59"
"21812","ILP25068389","2025-06-18 15:06:37","","2025-08-16 03:52:48"
"21811","NJP25068730","2025-06-18 14:56:41","","2025-06-22 18:14:13"
"21810","NJP25068813","2025-06-18 14:29:43","","2025-08-15 02:04:26"
"21809","ILP25068444","2025-06-18 08:04:45","","2025-07-30 14:36:01"
"21808","TXP25068668","2025-06-17 18:29:18","","2025-06-28 05:27:45"
"21807","TXP25068513","2025-06-17 18:04:27","","2025-08-26 14:32:10"
"21806","TXP25068265","2025-06-17 17:52:03","","2025-06-29 01:28:02"
"21805","ILP25068177","2025-06-17 16:58:24","","2025-07-05 17:16:04"
"21804","CAP25068204","2025-06-17 16:52:25","","2025-07-01 00:55:06"
"21803","NJP25068776","2025-06-17 16:52:08","","2025-07-27 21:28:44"
"21802","NJP25068967","2025-06-17 15:05:07","","2025-08-27 11:08:08"
"21801","NWP25068180","2025-06-17 13:28:25","","2025-07-04 18:52:10"
"21800","CAP25068640","2025-06-17 11:41:26","","2025-06-28 01:02:51"
"21799","TXP25069122","2025-06-16 19:44:32","","2025-08-24 06:10:56"
"21798","TXP25068200","2025-06-16 17:27:07","","2025-08-01 21:19:39"
"21797","TXP25068156","2025-06-16 15:00:21","","2025-07-15 14:49:28"
"21796","CAP25068713","2025-06-16 12:45:29","","2025-08-22 11:06:25"
"21795","TXP25068388","2025-06-16 08:31:25","","2025-06-22 20:48:22"
"21794","ILP25068549","2025-06-15 15:22:17","","2025-06-28 02:05:06"
"21793","CAP25069226","2025-06-15 14:50:34","","2025-08-18 11:05:51"
"21792","ILP25068064","2025-06-15 14:46:00","2025-06-16","2025-06-20 13:35:49"
"21791","TXP25068935","2025-06-15 11:17:11","","2025-06-21 15:50:56"
"21790","CAP25069121","2025-06-15 10:24:28","","2025-08-20 04:15:15"
"21789","CAP25069090","2025-06-15 09:39:01","","2025-08-14 09:18:58"
"21788","NJP25068167","2025-06-15 08:42:15","2025-06-19","2025-06-29 05:28:26"
"21787","NWP25068783","2025-06-14 19:25:08","","2025-08-04 23:46:39"
"21786","NWP25068462","2025-06-14 19:04:53","","2025-06-22 02:13:51"
"21785","CAP25068485","2025-06-14 18:34:27","2025-06-24","2025-08-19 07:57:35"
"21784","ILP25068804","2025-06-14 18:26:31","","2025-06-18 18:13:13"
"21783","ILP25068302","2025-06-14 17:26:00","","2025-07-31 15:00:35"
"21782","TXP25069030","2025-06-14 17:13:18","","2025-08-08 07:01:23"
"21781","TXP25068059","2025-06-14 14:36:48","","2025-06-20 14:34:15"
"21780","NJP25068917","2025-06-14 12:56:41","","2025-07-30 19:00:51"
"21779","ILP25068747","2025-06-14 12:15:49","","2025-07-27 14:24:30"
"21778","ILP25068348","2025-06-14 10:37:25","","2025-09-04 00:14:23"
"21777","CAP25068945","2025-06-13 17:01:23","","2025-06-19 00:00:28"
"21776","ILP25069074","2025-06-13 16:58:20","","2025-08-13 10:25:52"
"21775","ILP25068952","2025-06-13 16:44:58","","2025-08-11 11:19:53"
"21774","TXP25068870","2025-06-13 16:42:50","","2025-07-28 11:47:33"
"21773","CAP25068403","2025-06-13 12:27:42","","2025-08-04 10:20:55"
"21772","CAP25068312","2025-06-13 07:55:39","","2025-06-18 14:38:28"
"21771","TXP25068548","2025-06-12 16:51:21","","2025-08-13 10:17:10"
"21770","CAP25068061","2025-06-12 16:10:39","","2025-06-18 07:21:42"
"21769","ILP25068999","2025-06-12 15:13:38","","2025-08-19 06:42:25"
"21768","TXP25069076","2025-06-12 14:58:41","","2025-08-16 21:25:37"
"21767","TXP25069154","2025-06-12 12:02:02","","2025-07-15 21:57:33"
"21766","NWP25068009","2025-06-12 11:24:31","","2025-08-03 08:19:58"
"21765","CAP25068848","2025-06-12 10:48:07","","2025-08-14 13:03:10"
"21764","NWP25068734","2025-06-12 10:04:02","","2025-06-16 12:33:55"
"21763","NJP25068328","2025-06-12 09:16:02","","2025-08-09 10:56:35"
"21762","NWP25068602","2025-06-12 09:06:25","","2025-07-30 06:04:22"
"21761","NWP25068056","2025-06-12 08:33:46","","2025-06-16 18:20:51"
"21760","CAP25069192","2025-06-11 15:29:50","","2025-07-22 21:18:18"
"21759","NWP25068268","2025-06-11 14:24:32","","2025-06-16 19:02:40"
"21758","ILP25068015","2025-06-11 14:20:25","","2025-07-27 15:07:43"
"21757","NWP25068334","2025-06-11 10:49:51","","2025-08-12 05:38:28"
"21756","TXP25068667","2025-06-11 10:06:21","","2025-06-20 21:29:31"
"21755","ILP25068503","2025-06-11 09:13:00","","2025-08-08 10:03:16"
"21754","TXP25068598","2025-06-10 17:17:29","","2025-08-15 03:40:59"
"21753","TXP25068264","2025-06-10 16:56:00","","2025-06-21 16:21:17"
"21752","TXP25068450","2025-06-10 16:34:27","","2025-07-19 19:23:15"
"21751","NJP25068509","2025-06-10 14:27:57","","2025-06-23 11:26:23"
"21750","NWP25068529","2025-06-10 14:27:01","2025-06-22","2025-08-13 13:44:58"
"21749","ILP25068803","2025-06-10 11:14:30","","2025-06-15 15:51:39"
"21748","TXP25068934","2025-06-09 19:40:01","","2025-06-16 12:36:38"
"21747","NJP25068666","2025-06-09 18:56:12","2025-06-30","2025-08-11 03:42:29"
"21746","NWP25068834","2025-06-09 18:06:24","","2025-08-02 06:49:15"
"21745","TXP25068344","2025-06-09 17:07:58","","2025-08-21 00:07:09"
"21744","TXP25068765","2025-06-09 17:05:35","","2025-08-07 20:12:41"
"21743","NWP25068700","2025-06-09 16:40:39","2025-06-30","2025-07-31 22:09:18"
"21742","CAP25068639","2025-06-09 16:22:03","2025-06-11","2025-06-19 12:11:00"
"21741","NJP25068446","2025-06-09 15:25:50","","2025-07-30 06:19:45"
"21740","CAP25069041","2025-06-09 13:49:33","","2025-07-21 11:28:59"
"21739","NJP25068222","2025-06-09 13:33:17","","2025-08-05 15:28:13"
"21738","CAP25068550","2025-06-09 10:44:38","","2025-08-02 08:09:19"
"21737","NWP25068804","2025-06-09 09:56:08","","2025-08-25 22:41:31"
"21736","ILP25068254","2025-06-09 08:49:05","","2025-06-12 11:56:45"
"21735","CAP25068808","2025-06-09 08:28:16","","2025-09-01 00:17:24"
"21734","ILP25068894","2025-06-08 15:01:50","2025-06-21","2025-07-22 17:43:37"
"21733","TXP25068571","2025-06-08 14:49:50","","2025-08-08 09:11:05"
"21732","NWP25068658","2025-06-08 12:46:29","2025-06-29","2025-07-31 23:09:59"
"21731","ILP25068645","2025-06-08 12:12:31","","2025-07-14 20:17:23"
"21730","TXP25068058","2025-06-08 09:04:19","","2025-06-14 02:39:49"
"21729","CAP25068766","2025-06-07 19:08:17","","2025-07-31 20:18:34"
"21728","NJP25068872","2025-06-07 16:26:56","","2025-07-07 11:03:37"
"21727","CAP25068890","2025-06-07 16:07:49","","2025-07-23 19:23:35"
"21726","CAP25069163","2025-06-07 16:05:20","","2025-08-02 14:02:49"
"21725","CAP25068203","2025-06-07 14:55:22","","2025-06-24 17:50:00"
"21724","CAP25068484","2025-06-07 14:17:34","","2025-08-06 21:27:24"
"21723","CAP25068311","2025-06-07 14:13:00","","2025-06-15 01:02:11"
"21722","ILP25068548","2025-06-07 12:23:52","","2025-06-17 10:23:50"
"21721","ILP25068388","2025-06-07 08:50:56","","2025-07-26 18:42:03"
"21720","NWP25068179","2025-06-07 08:16:46","","2025-06-22 18:49:15"
"21719","TXP25068841","2025-06-06 15:35:11","","2025-08-16 17:37:24"
"21718","CAP25068712","2025-06-06 15:24:23","","2025-07-29 16:46:37"
"21717","CAP25068060","2025-06-06 13:56:26","","2025-06-10 15:51:47"
"21716","CAP25068944","2025-06-06 09:58:19","","2025-06-10 11:46:32"
"21715","CAP25068425","2025-06-05 19:10:58","","2025-08-01 04:38:44"
"21714","NJP25068916","2025-06-05 16:34:14","","2025-07-29 21:37:06"
"21713","NJP25068610","2025-06-05 16:23:48","","2025-07-16 23:20:42"
"21712","ILP25068063","2025-06-05 15:49:33","","2025-06-11 10:15:40"
"21711","NWP25068055","2025-06-05 11:58:39","","2025-06-11 04:56:42"
"21710","TXP25068263","2025-06-05 11:43:29","2025-06-08","2025-06-21 17:34:19"
"21709","TXP25068387","2025-06-05 10:59:27","","2025-06-12 10:00:31"
"21708","NWP25068902","2025-06-05 07:41:42","","2025-07-08 14:59:37"
"21707","TXP25068666","2025-06-04 18:23:38","","2025-06-14 05:32:49"
"21706","NWP25068142","2025-06-04 17:32:00","2025-06-21","2025-07-18 09:28:52"
"21705","TXP25068933","2025-06-04 16:37:30","","2025-06-08 21:33:21"
"21704","NWP25068461","2025-06-04 14:49:09","","2025-06-17 00:38:04"
"21703","ILP25068707","2025-06-04 14:04:45","","2025-08-04 07:42:18"
"21702","ILP25068802","2025-06-04 10:37:05","","2025-06-07 11:51:49"
"21701","NJP25068557","2025-06-04 10:10:49","","2025-08-03 11:49:42"
"21700","NJP25068166","2025-06-03 18:54:14","","2025-06-14 09:46:26"
"21699","NWP25068564","2025-06-03 18:09:08","","2025-07-10 23:54:38"
"21698","NWP25068230","2025-06-03 17:28:50","","2025-07-24 21:34:08"
"21697","CAP25068310","2025-06-03 13:55:34","","2025-06-08 21:39:16"
"21696","CAP25069120","2025-06-03 13:47:27","","2025-08-02 07:14:24"
"21695","NWP25068421","2025-06-03 12:02:49","","2025-07-31 07:37:00"
"21694","ILP25068112","2025-06-02 17:56:18","","2025-07-13 07:31:26"
"21693","NJP25068119","2025-06-02 13:46:18","2025-06-15","2025-07-21 18:10:33"
"21692","NJP25068052","2025-06-02 12:51:24","","2025-06-07 15:09:14"
"21691","ILP25068144","2025-06-02 09:50:07","","2025-07-20 21:46:39"
"21690","NJP25068293","2025-06-02 09:48:35","","2025-07-21 22:12:22"
"21689","TXP25068057","2025-06-02 08:59:18","","2025-06-06 14:43:08"
"21688","NJP25068250","2025-06-02 08:49:36","","2025-06-09 02:12:37"
"21687","ILP25068998","2025-06-02 08:07:47","","2025-07-20 06:36:47"
"21686","NJP25068729","2025-06-02 08:02:00","","2025-06-08 05:48:12"
"21685","ILP25069048","2025-06-01 19:53:48","","2025-07-10 09:10:03"
"21684","CAP25068638","2025-06-01 18:26:16","","2025-06-12 10:31:15"
"21683","NWP25068368","2025-06-01 16:44:33","","2025-08-04 05:09:20"
"21682","CAP25068549","2025-06-01 14:08:38","","2025-08-11 19:34:13"
"21681","NJP25068364","2025-06-01 12:34:18","","2025-07-30 01:23:17"
"21680","CAP25068166","2025-06-01 12:22:41","","2025-07-15 17:46:41"
"21679","NJP25068093","2025-06-01 10:54:12","","2025-07-26 01:53:02"
"21678","CAP25068059","2025-06-01 07:46:07","","2025-06-05 15:29:29"
"21677","ILP25068474","2025-06-01 07:42:50","","2025-08-12 13:16:09"
"21676","ILP25058443","2025-05-31 15:42:17","2025-06-21","2025-07-27 01:31:03"
"21675","CAP25058483","2025-05-31 14:24:32","","2025-07-25 02:52:47"
"21674","TXP25059029","2025-05-31 14:14:56","","2025-07-14 12:21:10"
"21673","NJP25058775","2025-05-31 14:13:16","","2025-07-08 12:18:11"
"21672","CAP25058248","2025-05-31 12:44:46","","2025-08-04 08:06:41"
"21671","ILP25058216","2025-05-31 09:50:29","","2025-08-16 06:02:53"
"21670","CAP25058943","2025-05-30 19:41:35","","2025-06-04 00:34:52"
"21669","ILP25058547","2025-05-30 18:31:24","","2025-06-08 03:14:29"
"21668","TXP25058789","2025-05-30 17:27:01","","2025-07-13 11:10:08"
"21667","TXP25058869","2025-05-30 17:08:08","","2025-07-15 05:00:50"
"21666","TXP25058665","2025-05-30 17:06:19","","2025-06-11 01:06:59"
"21665","ILP25058951","2025-05-30 17:01:53","2025-06-23","2025-08-02 23:40:34"
"21664","TXP25058932","2025-05-30 16:17:22","","2025-06-03 06:46:36"
"21663","ILP25058176","2025-05-30 13:51:10","","2025-06-14 12:02:44"
"21662","NJP25058012","2025-05-30 13:15:45","","2025-07-15 11:04:43"
"21661","TXP25059178","2025-05-30 11:52:13","","2025-07-10 06:14:13"
"21660","TXP25058199","2025-05-30 09:18:21","","2025-07-10 19:16:49"
"21659","ILP25058801","2025-05-29 19:06:51","","2025-06-03 06:21:20"
"21658","CAP25059040","2025-05-29 18:10:26","","2025-07-11 07:12:35"
"21657","ILP25058301","2025-05-29 18:08:48","2025-06-04","2025-07-17 23:14:23"
"21656","NWP25058054","2025-05-29 15:38:09","","2025-06-04 04:17:08"
"21655","NWP25058733","2025-05-29 14:01:34","2025-05-30","2025-06-02 23:46:46"
"21654","NJP25058407","2025-05-29 13:53:42","","2025-07-22 01:09:47"
"21653","TXP25059075","2025-05-29 12:48:14","2025-06-16","2025-07-31 04:05:07"
"21652","CAP25058309","2025-05-29 09:00:02","","2025-06-01 22:22:12"
"21651","TXP25058512","2025-05-28 19:42:33","","2025-07-05 05:13:27"
"21650","TXP25058449","2025-05-28 19:15:33","","2025-07-12 08:21:59"
"21649","NJP25058691","2025-05-28 18:48:03","","2025-07-15 00:35:33"
"21648","NWP25058657","2025-05-28 18:31:29","","2025-07-23 06:30:13"
"21647","NJP25058812","2025-05-28 17:43:48","","2025-07-31 18:14:36"
"21646","CAP25058448","2025-05-28 15:48:50","","2025-08-18 22:22:13"
"21645","NJP25058915","2025-05-28 12:49:38","","2025-07-05 09:22:52"
"21644","NWP25058601","2025-05-28 12:05:32","","2025-07-21 12:43:49"
"21643","TXP25058155","2025-05-28 10:29:24","2025-06-05","2025-07-21 20:41:53"
"21642","TXP25058262","2025-05-28 08:52:22","2025-06-05","2025-06-17 07:54:23"
"21641","TXP25058056","2025-05-27 17:45:23","","2025-06-02 07:40:03"
"21640","TXP25058664","2025-05-27 14:43:59","","2025-06-04 11:44:47"
"21639","NJP25058479","2025-05-27 14:27:19","","2025-07-26 01:42:16"
"21638","CAP25058807","2025-05-27 14:10:19","","2025-07-25 02:04:18"
"21637","ILP25058253","2025-05-27 13:32:15","2025-05-28","2025-06-02 17:58:59"
"21636","NWP25058306","2025-05-27 12:58:47","","2025-07-14 18:43:23"
"21635","TXP25058487","2025-05-27 11:09:44","","2025-08-15 19:24:03"
"21634","NWP25058460","2025-05-26 18:41:47","","2025-06-06 06:48:14"
"21633","CAP25058765","2025-05-26 15:23:16","","2025-06-29 06:25:05"
"21632","NJP25058165","2025-05-26 13:57:58","","2025-06-11 08:57:30"
"21631","CAP25058202","2025-05-26 11:04:37","","2025-06-09 04:31:10"
"21630","CAP25058058","2025-05-26 10:35:27","","2025-05-30 11:01:52"
"21629","CAP25058847","2025-05-26 10:30:36","2025-06-19","2025-08-02 01:07:30"
"21628","TXP25058597","2025-05-26 08:23:55","","2025-07-14 13:02:01"
"21627","NJP25058844","2025-05-26 08:16:52","","2025-07-29 22:51:20"
"21626","CAP25058007","2025-05-25 19:21:01","","2025-07-05 12:32:14"
"21625","TXP25059121","2025-05-25 17:33:26","","2025-07-09 05:47:46"
"21624","NJP25058966","2025-05-25 15:16:10","","2025-07-29 11:42:34"
"21623","NWP25058178","2025-05-25 14:20:40","","2025-06-11 16:09:20"
"21622","ILP25058062","2025-05-25 14:19:15","","2025-05-29 17:52:48"
"21621","NWP25058833","2025-05-25 12:37:21","","2025-07-24 18:39:29"
"21620","ILP25058387","2025-05-25 11:29:53","","2025-07-29 05:03:56"
"21619","TXP25058386","2025-05-25 11:04:45","","2025-05-30 20:04:15"
"21618","NWP25058874","2025-05-25 08:44:52","","2025-08-01 14:09:13"
"21617","CAP25058942","2025-05-24 18:05:30","","2025-05-30 00:45:50"
"21616","CAP25058308","2025-05-24 15:31:30","2025-05-25","2025-05-29 02:04:36"
"21615","NJP25058871","2025-05-24 13:32:51","","2025-07-20 14:34:53"
"21614","CAP25058637","2025-05-24 13:13:09","","2025-06-01 22:02:10"
"21613","ILP25058546","2025-05-24 12:36:43","","2025-05-31 05:42:24"
"21612","TXP25058007","2025-05-24 07:49:29","","2025-07-12 07:18:15"
"21611","CAP25059225","2025-05-24 07:44:18","","2025-07-25 05:08:28"
"21610","TXP25058931","2025-05-23 16:42:55","","2025-05-28 15:41:00"
"21609","ILP25058014","2025-05-23 12:53:40","","2025-07-10 21:56:32"
"21608","TXP25058261","2025-05-23 12:24:21","","2025-06-07 11:39:43"
"21607","ILP25058800","2025-05-23 11:52:05","","2025-05-29 18:12:26"
"21606","NJP25058508","2025-05-23 11:48:42","","2025-06-01 07:21:25"
"21605","ILP25058706","2025-05-23 11:04:08","","2025-07-13 13:15:10"
"21604","NJP25058556","2025-05-23 10:39:24","","2025-08-03 21:18:35"
"21603","NWP25058120","2025-05-23 09:21:48","","2025-07-04 17:34:07"
"21602","NWP25058267","2025-05-23 09:16:32","","2025-05-29 15:49:29"
"21601","CAP25058711","2025-05-22 13:33:16","","2025-07-17 19:44:01"
"21600","NJP25058445","2025-05-22 11:19:46","2025-06-08","2025-07-22 19:02:39"
"21599","CAP25058143","2025-05-22 09:26:13","","2025-07-21 06:48:24"
"21598","TXP25058663","2025-05-22 07:34:26","","2025-05-30 23:02:34"
"21597","CAP25059039","2025-05-21 18:05:07","","2025-07-05 17:28:02"
"21596","CAP25058597","2025-05-21 17:07:51","2025-06-03","2025-07-04 14:31:26"
"21595","TXP25058818","2025-05-21 15:54:15","","2025-07-25 01:01:28"
"21594","NWP25058053","2025-05-21 14:22:38","","2025-05-26 02:41:10"
"21593","ILP25058675","2025-05-21 14:13:16","","2025-07-14 05:43:12"
"21592","CAP25058057","2025-05-21 11:42:52","2025-05-23","2025-05-26 20:23:32"
"21591","CAP25059119","2025-05-21 09:18:17","","2025-08-01 15:02:33"
"21590","NWP25058459","2025-05-20 17:52:32","","2025-06-01 16:14:33"
"21589","NJP25058249","2025-05-20 17:17:52","","2025-05-26 04:29:26"
"21588","TXP25058343","2025-05-20 14:43:07","","2025-08-07 08:16:31"
"21587","TXP25058055","2025-05-20 14:39:32","","2025-05-25 23:07:33"
"21586","NJP25058728","2025-05-20 13:14:13","","2025-05-24 23:24:58"
"21585","NWP25058333","2025-05-20 12:52:26","","2025-08-13 15:20:16"
"21584","TXP25058547","2025-05-20 09:26:05","","2025-07-31 22:30:09"
"21583","NWP25058782","2025-05-20 08:57:29","","2025-07-08 10:24:23"
"21582","CAP25058548","2025-05-19 19:40:50","","2025-07-13 16:36:55"
"21581","CAP25058307","2025-05-19 19:37:39","","2025-05-24 06:35:14"
"21580","NJP25058327","2025-05-19 18:23:35","","2025-07-18 02:52:34"
"21579","ILP25058175","2025-05-19 18:02:40","","2025-06-05 03:05:41"
"21578","NJP25058914","2025-05-19 14:03:33","","2025-06-22 21:03:10"
"21577","NJP25058642","2025-05-19 10:44:07","2025-06-08","2025-07-12 19:48:09"
"21576","NJP25058164","2025-05-18 19:12:33","","2025-05-29 12:32:01"
"21575","ILP25058997","2025-05-18 18:57:30","2025-06-08","2025-07-25 08:46:45"
"21574","CAP25058941","2025-05-18 17:40:50","","2025-05-25 22:01:25"
"21573","ILP25058502","2025-05-18 17:15:00","","2025-06-23 00:41:04"
"21572","CAP25058482","2025-05-18 15:15:23","","2025-07-17 09:25:00"
"21571","NJP25058363","2025-05-18 14:42:04","2025-06-07","2025-08-03 06:17:20"
"21570","TXP25059028","2025-05-18 14:12:38","2025-05-29","2025-07-02 17:04:19"
"21569","TXP25058662","2025-05-18 12:34:51","","2025-05-21 10:21:52"
"21568","TXP25058385","2025-05-18 11:56:00","","2025-05-24 04:08:03"
"21567","ILP25058924","2025-05-18 10:03:15","","2025-07-15 03:03:04"
"21566","NWP25058528","2025-05-18 09:54:21","2025-05-28","2025-07-20 12:37:48"
"21565","TXP25058930","2025-05-18 08:34:25","","2025-05-23 21:58:56"
"21564","TXP25058260","2025-05-17 19:39:41","","2025-05-28 20:39:08"
"21563","TXP25058868","2025-05-17 17:48:26","","2025-07-04 06:25:22"
"21562","TXP25059153","2025-05-17 13:39:40","2025-06-03","2025-07-06 15:59:11"
"21561","ILP25058619","2025-05-17 12:22:52","2025-06-05","2025-07-25 13:30:34"
"21560","CAP25059191","2025-05-17 12:14:09","","2025-07-03 19:30:35"
"21559","ILP25058746","2025-05-17 11:25:25","","2025-06-30 08:56:56"
"21558","CAP25058889","2025-05-16 15:51:30","","2025-06-27 03:07:52"
"21557","CAP25059089","2025-05-16 15:48:02","","2025-07-27 13:43:05"
"21556","CAP25058056","2025-05-16 15:33:11","","2025-05-21 10:27:35"
"21555","NWP25058656","2025-05-16 15:05:52","","2025-08-02 04:52:11"
"21554","TXP25058154","2025-05-16 09:41:09","2025-06-02","2025-07-08 01:03:54"
"21553","ILP25058111","2025-05-16 08:27:11","","2025-07-19 16:05:16"
"21552","ILP25058799","2025-05-15 19:09:00","","2025-05-20 21:51:44"
"21551","CAP25058636","2025-05-15 18:28:21","","2025-05-30 09:48:28"
"21550","NWP25058052","2025-05-15 18:24:39","","2025-05-19 16:07:03"
"21549","TXP25058198","2025-05-15 13:07:05","","2025-06-17 17:12:36"
"21548","NWP25058008","2025-05-15 12:47:17","","2025-07-03 06:51:32"
"21547","ILP25058644","2025-05-15 12:21:18","","2025-07-15 18:17:09"
"21546","ILP25058893","2025-05-15 11:54:53","","2025-07-01 21:22:13"
"21545","ILP25058347","2025-05-15 11:22:41","","2025-07-18 10:19:02"
"21544","NJP25058609","2025-05-15 10:47:07","","2025-07-06 21:31:47"
"21543","NWP25058732","2025-05-15 09:43:44","","2025-05-19 09:07:10"
"21542","TXP25058448","2025-05-15 08:41:58","","2025-06-29 18:18:45"
"21541","CAP25058201","2025-05-15 08:17:43","","2025-05-29 16:37:18"
"21540","NWP25058600","2025-05-15 07:49:15","","2025-06-21 04:24:35"
"21539","NWP25058399","2025-05-14 19:08:43","","2025-08-01 11:41:33"
"21538","NWP25058803","2025-05-14 18:56:15","","2025-07-13 10:15:12"
"21537","NJP25058051","2025-05-14 16:10:12","2025-05-15","2025-05-19 14:44:24"
"21536","CAP25058306","2025-05-14 14:29:38","","2025-05-20 14:46:09"
"21535","ILP25058386","2025-05-14 12:50:52","","2025-07-09 20:26:36"
"21534","ILP25058545","2025-05-14 11:07:54","","2025-05-26 00:26:43"
"21533","NJP25058011","2025-05-13 18:49:46","","2025-06-29 00:26:32"
"21532","ILP25058252","2025-05-13 18:00:43","","2025-05-17 22:44:52"
"21531","ILP25058300","2025-05-13 17:05:33","","2025-07-01 18:47:19"
"21530","TXP25058054","2025-05-13 16:21:17","2025-05-14","2025-05-17 16:48:33"
"21529","ILP25058061","2025-05-13 16:08:23","","2025-05-18 05:59:12"
"21528","TXP25058929","2025-05-13 12:20:24","2025-05-15","2025-05-19 00:22:38"
"21527","TXP25058511","2025-05-13 12:02:55","","2025-07-29 13:38:20"
"21526","TXP25058661","2025-05-13 09:23:01","","2025-05-23 07:38:12"
"21525","TXP25058596","2025-05-12 19:31:57","","2025-07-14 08:36:09"
"21524","NWP25058177","2025-05-12 17:29:48","","2025-05-27 06:46:14"
"21523","TXP25059074","2025-05-12 15:25:07","","2025-07-21 08:47:14"
"21522","CAP25059162","2025-05-12 15:14:28","","2025-07-31 21:43:06"
"21521","CAP25058710","2025-05-12 14:57:51","","2025-07-09 01:44:02"
"21520","CAP25059038","2025-05-12 09:07:14","","2025-07-09 22:00:47"
"21519","CAP25058055","2025-05-12 09:04:51","","2025-05-17 01:01:09"
"21518","CAP25058247","2025-05-12 08:24:48","","2025-07-25 13:39:18"
"21517","NJP25058118","2025-05-11 17:44:49","","2025-06-15 21:11:37"
"21516","NJP25058774","2025-05-11 17:28:09","","2025-06-25 21:20:45"
"21515","ILP25058013","2025-05-11 16:55:39","","2025-06-29 16:47:08"
"21514","TXP25058259","2025-05-11 12:21:32","","2025-05-24 10:29:09"
"21513","ILP25058798","2025-05-11 12:15:53","","2025-05-15 07:59:38"
"21512","NJP25058292","2025-05-11 10:23:40","","2025-07-16 22:04:00"
"21511","CAP25058846","2025-05-11 09:50:14","","2025-07-13 17:13:37"
"21510","TXP25058788","2025-05-11 09:30:18","","2025-07-05 22:54:08"
"21509","NWP25058367","2025-05-10 18:39:22","","2025-07-14 13:34:44"
"21508","NJP25058690","2025-05-10 17:36:54","","2025-06-16 07:08:55"
"21507","CAP25058940","2025-05-10 09:56:07","","2025-05-16 01:04:47"
"21506","CAP25058547","2025-05-10 09:21:05","","2025-07-06 21:36:49"
"21505","CAP25059224","2025-05-10 09:14:04","2025-05-22","2025-07-09 20:49:21"
"21504","NJP25058870","2025-05-10 08:51:59","","2025-07-13 17:56:56"
"21503","ILP25058473","2025-05-09 16:35:47","","2025-07-12 12:43:12"
"21502","NJP25058555","2025-05-09 16:11:11","","2025-07-12 11:05:59"
"21501","NWP25058458","2025-05-09 15:45:29","","2025-05-18 19:23:14"
"21500","NJP25058163","2025-05-09 14:37:29","","2025-05-24 09:11:38"
"21499","NWP25058873","2025-05-09 13:03:16","","2025-06-28 07:30:32"
"21498","NWP25058266","2025-05-09 11:26:17","","2025-05-16 23:21:24"
"21497","TXP25058660","2025-05-09 10:28:51","","2025-05-19 05:40:10"
"21496","ILP25059073","2025-05-08 19:00:36","2025-05-25","2025-07-12 17:30:30"
"21495","NWP25058051","2025-05-08 17:20:59","","2025-05-12 10:35:32"
"21494","TXP25058384","2025-05-08 16:37:50","","2025-05-15 19:18:21"
"21493","TXP25058053","2025-05-08 16:33:11","","2025-05-12 15:39:03"
"21492","ILP25058950","2025-05-08 15:24:34","","2025-07-15 02:03:25"
"21491","CAP25059118","2025-05-08 14:22:01","","2025-07-25 17:08:02"
"21490","NJP25058811","2025-05-08 14:03:17","","2025-07-07 04:35:10"
"21489","ILP25058215","2025-05-08 13:26:17","","2025-07-07 12:04:12"
"21488","ILP25059047","2025-05-08 11:48:02","","2025-06-27 20:22:44"
"21487","NWP25058229","2025-05-08 11:28:17","","2025-07-09 18:56:07"
"21486","NJP25058406","2025-05-07 19:19:43","","2025-07-17 15:12:14"
"21485","NWP25058563","2025-05-07 18:24:08","","2025-07-04 18:12:52"
"21484","CAP25058764","2025-05-07 17:21:34","","2025-06-21 22:39:35"
"21483","NWP25058141","2025-05-07 16:26:22","","2025-06-14 21:47:18"
"21482","CAP25058305","2025-05-07 14:28:35","","2025-05-12 02:22:13"
"21481","ILP25058442","2025-05-07 14:09:13","","2025-07-06 00:29:10"
"21480","CAP25058481","2025-05-07 12:05:09","","2025-06-30 15:51:22"
"21479","ILP25058544","2025-05-07 11:43:10","","2025-05-15 17:31:04"
"21478","ILP25058996","2025-05-07 10:02:58","","2025-06-18 12:51:18"
"21477","ILP25058385","2025-05-06 17:30:29","","2025-07-14 19:14:57"
"21476","TXP25058928","2025-05-06 17:10:42","2025-05-08","2025-05-12 04:36:05"
"21475","NJP25058362","2025-05-06 14:47:26","","2025-07-09 05:32:38"
"21474","NJP25058665","2025-05-06 12:26:31","","2025-07-06 19:36:56"
"21473","NJP25058727","2025-05-06 08:56:43","","2025-05-11 15:46:33"
"21472","TXP25058840","2025-05-05 19:02:56","","2025-07-11 17:26:12"
"21471","CAP25058806","2025-05-05 18:14:06","","2025-06-30 10:52:10"
"21470","CAP25058402","2025-05-05 17:51:47","","2025-06-21 08:42:16"
"21469","NWP25058901","2025-05-05 17:33:25","","2025-07-02 04:44:02"
"21468","CAP25058200","2025-05-05 16:43:54","","2025-05-16 22:02:18"
"21467","NWP25058699","2025-05-05 14:15:39","","2025-06-24 15:29:15"
"21466","NJP25058507","2025-05-05 13:08:24","","2025-05-17 20:58:23"
"21465","ILP25058705","2025-05-05 11:40:21","","2025-07-24 02:14:06"
"21464","NWP25058832","2025-05-05 09:50:45","","2025-06-28 21:07:40"
"21463","CAP25058635","2025-05-05 08:24:25","","2025-05-14 04:52:09"
"21462","TXP25059177","2025-05-05 08:09:40","","2025-06-20 09:08:11"
"21461","NJP25058092","2025-05-04 16:43:37","","2025-06-09 07:05:59"
"21460","TXP25058659","2025-05-04 16:07:00","","2025-05-13 11:51:10"
"21459","TXP25058153","2025-05-04 14:49:57","","2025-06-19 14:05:52"
"21458","ILP25058299","2025-05-04 13:35:22","","2025-06-26 09:07:07"
"21457","NWP25058527","2025-05-04 13:23:28","","2025-07-15 00:36:46"
"21456","NJP25058050","2025-05-04 13:10:45","","2025-05-09 12:36:25"
"21455","ILP25058174","2025-05-04 12:06:19","","2025-05-17 23:37:56"
"21454","CAP25058054","2025-05-04 11:41:56","","2025-05-09 22:04:19"
"21453","ILP25058797","2025-05-04 08:50:11","","2025-05-10 01:29:53"
"21452","CAP25059037","2025-05-04 08:35:44","","2025-06-18 03:23:14"
"21451","NJP25058913","2025-05-04 08:30:42","","2025-05-29 10:51:41"
"21450","NJP25058965","2025-05-03 18:05:12","","2025-07-05 03:44:50"
"21449","TXP25058570","2025-05-03 14:41:52","","2025-07-18 09:10:42"
"21448","NJP25058326","2025-05-03 12:14:28","","2025-06-19 14:59:23"
"21447","TXP25059120","2025-05-03 12:10:12","","2025-06-29 11:00:37"
"21446","TXP25058867","2025-05-03 11:19:02","","2025-06-23 02:15:29"
"21445","NJP25058444","2025-05-03 10:02:24","","2025-07-20 18:55:44"
"21444","TXP25058258","2025-05-03 09:49:15","","2025-05-18 17:57:37"
"21443","TXP25059027","2025-05-02 17:44:41","","2025-06-28 13:59:59"
"21442","NWP25058050","2025-05-02 17:12:15","","2025-05-07 20:55:09"
"21441","TXP25058447","2025-05-02 14:47:54","","2025-06-15 01:27:44"
"21440","CAP25058939","2025-05-02 12:44:15","","2025-05-07 22:02:46"
"21439","CAP25058447","2025-05-02 12:18:33","","2025-07-12 19:05:45"
"21438","NJP25058248","2025-05-02 11:46:47","","2025-05-06 21:25:38"
"21437","NWP25058655","2025-05-02 09:36:55","2025-05-23","2025-06-30 01:30:35"
"21436","NWP25058731","2025-05-02 08:17:47","","2025-05-05 16:51:37"
"21435","CAP25058165","2025-05-01 18:11:39","","2025-06-24 18:34:13"
"21434","TXP25058764","2025-05-01 12:24:02","","2025-07-04 09:07:30"
"21433","CAP25058546","2025-05-01 11:51:57","","2025-06-19 08:38:47"
"21432","TXP25058052","2025-05-01 11:00:23","","2025-05-05 13:36:22"
"21431","TXP25058197","2025-05-01 10:09:44","","2025-06-21 06:32:16"
"21430","NWP25058599","2025-05-01 08:21:23","","2025-06-16 11:14:05"
"21429","CAP25058304","2025-05-01 08:08:20","","2025-05-06 13:10:39"
"21428","NJP25048221","2025-04-30 19:35:11","","2025-06-24 09:06:08"
"21427","NJP25048843","2025-04-30 19:14:53","2025-05-24","2025-06-29 11:23:41"
"21426","ILP25048543","2025-04-30 16:12:58","","2025-05-14 08:14:30"
"21425","CAP25049190","2025-04-30 15:59:07","2025-05-12","2025-06-10 15:00:11"
"21424","TXP25048658","2025-04-30 14:45:35","","2025-05-09 01:28:22"
"21423","NJP25048162","2025-04-30 14:18:40","","2025-05-15 20:23:27"
"21422","ILP25048251","2025-04-30 11:53:29","","2025-05-05 10:43:41"
"21421","TXP25048927","2025-04-30 10:58:58","","2025-05-05 11:00:26"
"21420","CAP25048709","2025-04-30 08:55:45","","2025-07-03 14:50:46"
"21419","NWP25048457","2025-04-30 08:18:03","","2025-05-11 05:02:44"
"21418","ILP25048892","2025-04-29 19:29:28","","2025-06-18 19:01:43"
"21417","CAP25048424","2025-04-29 12:26:32","","2025-07-01 12:34:56"
"21416","TXP25048342","2025-04-29 09:16:11","2025-05-14","2025-06-22 12:55:39"
"21415","ILP25048643","2025-04-28 19:20:31","","2025-06-22 07:18:24"
"21414","NJP25048554","2025-04-28 17:59:02","","2025-06-26 07:31:42"
"21413","ILP25048384","2025-04-28 17:50:41","","2025-07-07 20:15:44"
"21412","ILP25048796","2025-04-28 17:39:23","","2025-05-03 22:06:21"
"21411","NWP25048176","2025-04-28 12:14:58","","2025-05-11 09:38:35"
"21410","CAP25048006","2025-04-28 11:32:32","","2025-06-23 23:19:25"
"21409","ILP25048143","2025-04-28 10:36:44","","2025-06-11 06:39:27"
"21408","CAP25048480","2025-04-28 10:23:14","","2025-07-02 20:26:50"
"21407","TXP25048595","2025-04-28 09:43:55","","2025-07-16 10:48:04"
"21406","ILP25048060","2025-04-27 18:33:44","","2025-05-02 07:00:55"
"21405","CAP25048053","2025-04-27 15:26:41","","2025-05-02 06:29:21"
"21404","CAP25048596","2025-04-27 10:20:09","","2025-06-20 00:59:11"
"21403","CAP25048845","2025-04-27 09:36:34","","2025-06-29 00:13:00"
"21402","ILP25048995","2025-04-27 09:33:53","","2025-06-26 06:44:13"
"21401","NWP25048049","2025-04-27 08:33:10","","2025-05-01 10:07:29"
"21400","TXP25048383","2025-04-26 17:43:04","","2025-05-01 14:05:58"
"21399","TXP25048510","2025-04-26 16:42:10","","2025-06-28 19:46:28"
"21398","CAP25048199","2025-04-26 14:50:03","","2025-05-08 21:43:35"
"21397","NWP25048366","2025-04-26 14:41:14","2025-05-03","2025-06-18 12:49:48"
"21396","TXP25048257","2025-04-26 14:20:00","","2025-05-09 15:17:15"
"21395","TXP25049073","2025-04-26 12:43:30","","2025-07-21 02:46:27"
"21394","CAP25048303","2025-04-26 12:25:30","","2025-04-30 16:23:58"
"21393","NWP25048332","2025-04-26 12:11:07","","2025-07-11 10:09:22"
"21392","CAP25048888","2025-04-26 11:36:52","","2025-06-05 18:54:37"
"21391","TXP25048926","2025-04-26 11:26:50","","2025-04-30 09:19:36"
"21390","CAP25048246","2025-04-26 09:54:57","","2025-07-02 00:40:51"
"21389","NWP25048305","2025-04-26 08:25:12","","2025-06-12 13:53:28"
"21388","ILP25048012","2025-04-26 08:21:39","","2025-06-17 22:10:30"
"21387","NJP25048478","2025-04-26 08:01:27","","2025-06-04 17:10:42"
"21386","NJP25048608","2025-04-25 18:33:00","","2025-06-08 01:16:47"
"21385","CAP25049117","2025-04-25 17:38:56","","2025-06-13 18:35:38"
"21384","ILP25048501","2025-04-25 16:34:33","2025-05-02","2025-06-20 18:32:27"
"21383","TXP25048006","2025-04-25 15:01:09","","2025-06-12 17:16:31"
"21382","CAP25048938","2025-04-25 14:40:43","","2025-04-30 02:20:53"
"21381","TXP25048657","2025-04-25 14:14:08","","2025-05-09 14:25:22"
"21380","CAP25048634","2025-04-25 13:20:15","","2025-05-04 05:24:47"
"21379","NJP25048010","2025-04-25 10:04:17","","2025-06-06 19:19:19"
"21378","TXP25048051","2025-04-25 10:00:38","","2025-04-30 08:35:05"
"21377","NJP25048726","2025-04-24 17:06:39","","2025-04-28 20:45:42"
"21376","NWP25048265","2025-04-24 17:00:38","","2025-04-30 05:44:56"
"21375","NJP25048773","2025-04-24 13:03:17","2025-05-08","2025-07-03 01:05:45"
"21374","ILP25048298","2025-04-24 11:29:14","","2025-06-16 15:30:48"
"21373","TXP25048546","2025-04-24 09:22:43","","2025-06-27 06:26:40"
"21372","NWP25048831","2025-04-23 18:57:44","","2025-06-28 02:14:04"
"21371","NWP25048730","2025-04-23 18:02:28","","2025-04-26 07:51:34"
"21370","NWP25048781","2025-04-23 18:00:18","","2025-06-25 15:27:01"
"21369","ILP25048542","2025-04-23 13:41:42","","2025-04-28 08:52:27"
"21368","NWP25048420","2025-04-23 13:30:29","","2025-06-27 00:09:59"
"21367","CAP25049223","2025-04-23 10:20:05","","2025-06-21 18:26:12"
"21366","NJP25048912","2025-04-23 08:35:50","2025-05-04","2025-06-06 18:50:15"
"21365","ILP25048110","2025-04-23 08:01:36","","2025-06-11 01:59:52"
"21364","ILP25048795","2025-04-22 19:05:47","","2025-04-27 01:41:52"
"21363","CAP25048052","2025-04-22 14:38:43","","2025-04-27 15:15:50"
"21362","CAP25049036","2025-04-22 13:53:41","","2025-06-10 10:06:16"
"21361","NWP25048456","2025-04-22 12:51:07","2025-04-25","2025-05-03 01:22:50"
"21360","NJP25048405","2025-04-22 08:29:12","","2025-06-21 02:04:32"
"21359","TXP25048656","2025-04-21 18:55:58","","2025-05-02 16:05:17"
"21358","ILP25048472","2025-04-21 16:55:15","","2025-06-23 07:56:22"
"21357","CAP25048302","2025-04-21 15:15:10","","2025-04-28 09:17:44"
"21356","NWP25048048","2025-04-21 13:47:31","2025-04-24","2025-04-28 01:08:32"
"21355","NWP25048228","2025-04-21 13:20:16","","2025-06-29 07:51:02"
"21354","NJP25048291","2025-04-21 11:20:25","","2025-05-31 12:44:22"
"21353","NWP25048598","2025-04-20 18:31:23","","2025-06-16 18:58:05"
"21352","ILP25048674","2025-04-20 18:26:05","","2025-06-06 00:53:16"
"21351","ILP25048441","2025-04-20 15:36:16","","2025-06-05 19:09:22"
"21350","TXP25049119","2025-04-20 15:01:07","","2025-06-30 16:27:46"
"21349","NWP25048175","2025-04-20 14:16:34","","2025-05-02 19:14:04"
"21348","ILP25048383","2025-04-20 13:20:57","2025-06-11","2025-09-01 09:41:42"
"21347","TXP25049026","2025-04-20 12:35:28","","2025-05-27 12:42:43"
"21346","CAP25049088","2025-04-20 12:16:49","","2025-06-29 16:02:04"
"21345","ILP25048214","2025-04-20 12:02:15","","2025-06-25 11:06:00"
"21344","ILP25048949","2025-04-20 08:54:06","","2025-06-21 20:34:48"
"21343","ILP25048745","2025-04-19 16:08:29","","2025-05-28 05:56:06"
"21342","TXP25048787","2025-04-19 15:17:02","","2025-05-26 08:10:11"
"21341","NJP25048117","2025-04-19 13:21:11","","2025-06-03 07:22:15"
"21340","CAP25048937","2025-04-19 13:12:55","","2025-04-22 18:56:56"
"21339","CAP25048763","2025-04-19 13:12:51","2025-04-27","2025-06-15 01:55:06"
"21338","NWP25048398","2025-04-19 10:13:58","","2025-06-28 15:58:17"
"21337","NJP25048641","2025-04-19 10:02:30","","2025-06-26 10:35:06"
"21336","NJP25048161","2025-04-19 09:18:35","","2025-05-01 09:39:00"
"21335","TXP25048925","2025-04-19 09:18:02","","2025-04-24 03:57:41"
"21334","NJP25048361","2025-04-19 08:29:16","","2025-06-11 13:34:36"
"21333","TXP25048256","2025-04-18 18:21:22","","2025-05-01 21:53:58"
"21332","CAP25048545","2025-04-18 17:09:45","","2025-06-29 07:59:23"
"21331","CAP25048708","2025-04-18 13:31:38","","2025-06-23 21:13:55"
"21330","CAP25048805","2025-04-18 12:09:30","","2025-06-07 04:01:37"
"21329","NJP25048553","2025-04-18 11:01:28","","2025-06-23 13:55:15"
"21328","TXP25048050","2025-04-18 10:57:46","2025-04-19","2025-04-23 11:15:51"
"21327","TXP25048486","2025-04-18 08:15:28","","2025-06-28 14:28:17"
"21326","TXP25048152","2025-04-17 17:48:28","","2025-06-02 12:58:57"
"21325","ILP25048059","2025-04-17 13:33:04","2025-04-19","2025-04-22 08:27:15"
"21324","CAP25048051","2025-04-17 13:19:26","","2025-04-22 11:25:11"
"21323","TXP25048866","2025-04-17 12:39:36","","2025-06-06 05:33:20"
"21322","ILP25048704","2025-04-17 11:16:34","","2025-06-28 12:46:27"
"21321","NJP25048325","2025-04-17 10:01:30","","2025-05-26 05:00:15"
"21320","NWP25048872","2025-04-17 08:52:14","","2025-05-23 23:22:03"
"21319","NJP25048869","2025-04-17 08:25:10","","2025-06-20 23:25:41"
"21318","ILP25048173","2025-04-16 17:46:30","","2025-04-29 16:26:25"
"21317","ILP25048794","2025-04-16 17:01:04","","2025-04-21 23:25:25"
"21316","NJP25048506","2025-04-16 16:19:54","","2025-04-28 04:59:43"
"21315","CAP25048633","2025-04-16 15:46:38","","2025-04-20 20:02:52"
"21314","ILP25048250","2025-04-16 15:05:50","","2025-04-19 16:17:32"
"21313","NJP25048247","2025-04-16 11:57:01","","2025-04-20 21:09:06"
"21312","TXP25048655","2025-04-16 10:42:16","2025-04-19","2025-04-27 00:10:10"
"21311","ILP25048541","2025-04-16 09:57:08","","2025-04-26 11:51:29"
"21310","CAP25048301","2025-04-16 09:46:30","2025-04-18","2025-04-22 15:19:17"
"21309","TXP25049072","2025-04-15 17:34:38","2025-05-12","2025-06-30 22:11:59"
"21308","TXP25048817","2025-04-15 14:19:50","2025-05-02","2025-06-09 20:57:08"
"21307","NJP25048049","2025-04-15 13:07:56","","2025-04-20 20:58:18"
"21306","NJP25048810","2025-04-15 09:15:09","","2025-06-16 20:00:40"
"21305","CAP25048479","2025-04-15 08:23:20","","2025-06-06 07:51:14"
"21304","CAP25049116","2025-04-15 07:53:15","","2025-06-14 11:29:50"
"21303","CAP25049035","2025-04-14 17:57:59","","2025-06-01 17:37:46"
"21302","NWP25048455","2025-04-14 16:59:46","","2025-04-25 10:37:37"
"21301","NWP25048654","2025-04-14 15:50:50","","2025-06-29 23:57:59"
"21300","NJP25048725","2025-04-14 15:46:38","","2025-04-18 03:15:40"
"21299","NWP25048526","2025-04-14 09:50:01","","2025-06-17 02:53:50"
"21298","ILP25048618","2025-04-14 09:39:18","","2025-06-11 22:36:17"
"21297","TXP25049152","2025-04-14 08:47:31","","2025-05-23 03:11:58"
"21296","TXP25048196","2025-04-14 08:37:25","","2025-05-28 10:07:03"
"21295","TXP25048446","2025-04-13 17:40:13","","2025-06-02 05:00:44"
"21294","NJP25048689","2025-04-13 16:51:19","","2025-05-26 06:02:24"
"21293","ILP25048994","2025-04-13 16:17:45","","2025-05-27 15:05:37"
"21292","NWP25048047","2025-04-13 15:13:48","","2025-04-18 23:11:35"
"21291","ILP25049072","2025-04-13 14:56:15","","2025-07-14 22:49:07"
"21290","ILP25048011","2025-04-13 14:32:43","","2025-06-03 22:03:32"
"21289","TXP25049176","2025-04-13 14:02:25","","2025-06-13 18:28:10"
"21288","NWP25048119","2025-04-13 13:46:07","","2025-06-20 11:26:48"
"21287","CAP25048198","2025-04-13 11:49:29","2025-04-14","2025-04-24 20:17:53"
"21286","NWP25048729","2025-04-13 11:11:02","2025-04-14","2025-04-18 03:50:02"
"21285","NJP25048443","2025-04-13 10:34:06","","2025-06-07 05:28:05"
"21284","TXP25048382","2025-04-13 10:14:12","2025-04-15","2025-04-17 14:02:43"
"21283","TXP25048924","2025-04-13 08:21:05","2025-04-15","2025-04-17 17:43:39"
"21282","NWP25048007","2025-04-13 07:59:04","","2025-05-31 22:21:47"
"21281","NJP25048964","2025-04-12 18:41:23","","2025-06-17 07:02:47"
"21280","TXP25048049","2025-04-12 18:22:34","","2025-04-16 10:46:32"
"21279","CAP25048936","2025-04-12 17:22:53","","2025-04-16 05:28:29"
"21278","ILP25048923","2025-04-12 15:52:10","","2025-06-16 15:12:02"
"21277","CAP25048142","2025-04-12 14:20:30","","2025-05-25 16:51:21"
"21276","CAP25048050","2025-04-12 11:17:55","","2025-04-16 16:41:52"
"21275","ILP25048793","2025-04-12 09:19:40","","2025-04-15 21:30:54"
"21274","ILP25048346","2025-04-12 08:26:15","2025-04-28","2025-06-04 11:17:11"
"21273","ILP25048382","2025-04-11 19:02:31","","2025-06-26 13:08:19"
"21272","TXP25048654","2025-04-11 19:00:36","","2025-04-20 12:04:17"
"21271","CAP25048844","2025-04-11 13:28:05","","2025-06-12 13:22:40"
"21270","CAP25048300","2025-04-11 13:06:03","","2025-04-17 00:52:30"
"21269","ILP25048297","2025-04-11 11:05:44","","2025-05-15 20:02:52"
"21268","NJP25048160","2025-04-11 09:11:58","","2025-05-01 20:52:57"
"21267","TXP25048509","2025-04-11 08:51:57","","2025-05-30 23:16:03"
"21266","NWP25048331","2025-04-10 16:48:01","","2025-07-19 06:08:05"
"21265","TXP25048255","2025-04-10 15:40:00","","2025-04-17 05:31:30"
"21264","ILP25049046","2025-04-10 12:35:22","","2025-04-26 03:04:45"
"21263","NWP25048900","2025-04-10 11:43:49","2025-04-24","2025-05-17 11:43:27"
"21262","NWP25048597","2025-04-10 09:38:27","","2025-06-09 07:35:06"
"21261","CAP25049161","2025-04-10 08:57:10","2025-04-16","2025-05-21 07:21:39"
"21260","ILP25048540","2025-04-10 08:31:37","","2025-04-18 14:45:14"
"21259","NJP25048911","2025-04-09 12:49:59","","2025-05-21 19:19:06"
"21258","NWP25048365","2025-04-09 12:21:00","","2025-05-27 12:43:31"
"21257","NWP25048174","2025-04-09 11:49:46","","2025-04-25 05:16:12"
"21256","CAP25049189","2025-04-09 11:43:14","","2025-05-30 01:18:29"
"21255","NJP25048664","2025-04-09 09:38:33","","2025-05-30 23:01:16"
"21254","NJP25048772","2025-04-09 09:15:53","2025-04-19","2025-05-19 15:39:13"
"21253","ILP25048891","2025-04-08 17:44:59","","2025-05-31 10:26:40"
"21252","NWP25048562","2025-04-08 16:08:09","","2025-05-19 06:57:43"
"21251","TXP25048341","2025-04-08 14:00:47","","2025-06-07 16:39:42"
"21250","NJP25048607","2025-04-08 11:04:13","","2025-05-15 06:53:46"
"21249","CAP25048762","2025-04-08 10:26:55","","2025-05-14 14:58:34"
"21248","NWP25048802","2025-04-08 09:01:14","","2025-06-25 16:41:45"
"21247","NWP25048264","2025-04-07 19:28:44","","2025-04-12 23:03:33"
"21246","ILP25048109","2025-04-07 16:17:58","","2025-06-03 18:56:35"
"21245","CAP25048049","2025-04-07 16:11:00","","2025-04-14 06:20:54"
"21244","ILP25048642","2025-04-07 16:00:00","","2025-05-20 03:18:26"
"21243","CAP25048401","2025-04-07 15:45:49","","2025-05-19 09:01:18"
"21242","TXP25048839","2025-04-07 14:36:23","","2025-06-15 08:29:39"
"21241","CAP25048632","2025-04-07 13:47:21","","2025-04-20 21:13:31"
"21240","NWP25048830","2025-04-07 08:55:31","2025-04-20","2025-06-04 19:48:55"
"21239","ILP25048792","2025-04-06 18:25:33","","2025-04-11 00:01:14"
"21238","ILP25048058","2025-04-06 17:32:03","2025-04-09","2025-04-13 01:43:17"
"21237","NJP25048290","2025-04-06 17:13:47","","2025-05-24 10:29:21"
"21236","NJP25048091","2025-04-06 14:24:00","","2025-05-09 16:58:03"
"21235","NWP25048454","2025-04-06 14:18:03","","2025-04-13 22:32:25"
"21234","NWP25048140","2025-04-06 13:35:35","","2025-05-19 20:11:10"
"21233","TXP25048923","2025-04-06 13:05:56","","2025-04-09 01:58:30"
"21232","CAP25048935","2025-04-06 08:12:31","","2025-04-11 08:10:05"
"21231","CAP25048707","2025-04-06 08:06:56","","2025-06-10 15:06:10"
"21230","NWP25048728","2025-04-05 18:42:02","","2025-04-10 15:00:38"
"21229","CAP25048544","2025-04-05 18:11:44","","2025-06-07 23:13:47"
"21228","NJP25048552","2025-04-05 15:11:54","","2025-06-04 20:56:38"
"21227","TXP25048653","2025-04-05 14:48:47","2025-04-09","2025-04-15 09:28:19"
"21226","ILP25048249","2025-04-05 14:18:34","","2025-04-09 22:38:26"
"21225","CAP25049034","2025-04-05 13:07:16","","2025-06-12 01:29:30"
"21224","CAP25048887","2025-04-05 11:05:34","","2025-05-20 18:00:00"
"21223","TXP25048048","2025-04-05 09:17:50","","2025-04-09 22:12:24"
"21222","TXP25048594","2025-04-05 08:31:30","","2025-05-29 03:55:25"
"21221","NWP25048046","2025-04-04 19:44:16","","2025-04-08 23:59:13"
"21220","NJP25048048","2025-04-04 19:15:15","","2025-04-09 16:23:09"
"21219","ILP25048993","2025-04-04 18:17:15","","2025-05-24 04:30:02"
"21218","ILP25048172","2025-04-04 15:41:11","","2025-04-22 00:02:09"
"21217","CAP25048299","2025-04-04 10:28:43","","2025-04-07 21:40:07"
"21216","CAP25048804","2025-04-03 15:22:29","","2025-06-07 11:50:48"
"21215","TXP25049118","2025-04-03 15:12:26","","2025-05-30 09:08:09"
"21214","TXP25048254","2025-04-03 14:24:10","2025-04-04","2025-04-09 23:08:08"
"21213","NJP25048724","2025-04-03 13:41:21","","2025-04-07 20:24:54"
"21212","NJP25048404","2025-04-03 11:33:20","","2025-05-18 03:14:40"
"21211","TXP25048545","2025-04-03 11:19:16","","2025-06-02 03:06:48"
"21210","CAP25048478","2025-04-03 11:04:28","","2025-06-07 13:40:23"
"21209","CAP25048197","2025-04-03 09:17:08","2025-04-07","2025-04-20 10:05:28"
"21208","NWP25048227","2025-04-03 08:45:37","","2025-05-31 23:24:09"
"21207","CAP25048446","2025-04-03 08:01:17","2025-04-23","2025-06-13 15:21:09"
"21206","NJP25048360","2025-04-02 19:29:47","","2025-05-31 19:27:14"
"21205","CAP25048164","2025-04-02 19:00:02","","2025-05-24 07:05:42"
"21204","NJP25048220","2025-04-02 18:10:07","","2025-05-28 22:47:21"
"21203","ILP25048791","2025-04-02 18:02:12","","2025-04-07 00:48:33"
"21202","TXP25048569","2025-04-02 17:51:31","","2025-05-22 06:16:24"
"21201","NJP25048324","2025-04-02 16:31:02","","2025-07-13 21:06:34"
"21200","NJP25048009","2025-04-02 15:03:20","","2025-05-18 10:46:28"
"21199","CAP25049115","2025-04-02 13:23:47","","2025-05-24 06:37:16"
"21198","ILP25048440","2025-04-02 12:33:42","","2025-05-30 08:29:03"
"21197","ILP25048142","2025-04-02 11:44:33","","2025-05-11 07:49:35"
"21196","ILP25048539","2025-04-02 09:51:38","","2025-04-12 00:15:51"
"21195","ILP25048381","2025-04-02 08:40:10","","2025-05-13 23:46:30"
"21194","CAP25049222","2025-04-02 08:06:21","","2025-06-02 11:05:05"
"21193","ILP25048703","2025-04-02 08:02:56","","2025-05-29 19:56:03"
"21192","NJP25048246","2025-04-02 07:59:28","","2025-04-06 12:38:07"
"21191","TXP25049025","2025-04-01 18:06:23","","2025-05-15 21:39:49"
"21190","TXP25048381","2025-04-01 16:50:24","","2025-04-07 17:17:36"
"21189","CAP25048631","2025-04-01 11:25:41","","2025-04-10 09:46:30"
"21188","NJP25048116","2025-04-01 09:45:30","","2025-05-19 16:57:16"
"21187","TXP25038151","2025-03-31 19:26:44","","2025-06-11 15:06:25"
"21186","TXP25038445","2025-03-31 16:48:09","","2025-05-20 13:33:42"
"21185","CAP25038245","2025-03-31 16:01:18","","2025-05-30 11:28:07"
"21184","CAP25038048","2025-03-31 13:59:45","","2025-04-06 10:02:45"
"21183","TXP25038922","2025-03-31 13:11:34","2025-04-01","2025-04-05 00:49:46"
"21182","TXP25038047","2025-03-31 11:24:36","2025-04-01","2025-04-05 17:05:52"
"21181","TXP25038652","2025-03-31 10:20:20","","2025-04-10 07:42:51"
"21180","NJP25038868","2025-03-31 09:12:55","","2025-04-27 22:02:52"
"21179","TXP25038005","2025-03-30 19:25:54","2025-04-07","2025-05-30 18:07:48"
"21178","NJP25038159","2025-03-30 18:32:19","","2025-04-10 20:20:48"
"21177","NWP25038173","2025-03-30 18:22:46","","2025-04-18 06:16:20"
"21176","NWP25038780","2025-03-30 17:56:19","","2025-06-06 15:50:49"
"21175","CAP25038934","2025-03-30 16:51:22","","2025-04-04 09:22:35"
"21174","ILP25038948","2025-03-30 16:47:15","","2025-05-29 09:25:16"
"21173","NJP25038809","2025-03-30 14:46:44","","2025-06-20 05:53:57"
"21172","CAP25038298","2025-03-30 11:23:22","","2025-04-05 16:46:38"
"21171","NJP25038505","2025-03-30 10:52:39","","2025-04-01 13:36:11"
"21170","NJP25038842","2025-03-30 10:45:09","2025-04-11","2025-05-30 01:04:40"
"21169","TXP25038195","2025-03-29 19:17:51","","2025-05-14 02:21:33"
"21168","ILP25038010","2025-03-29 16:04:34","2025-04-10","2025-05-22 16:09:35"
"21167","TXP25038253","2025-03-29 14:47:04","","2025-04-11 08:07:30"
"21166","NJP25038477","2025-03-29 13:42:50","","2025-05-12 23:38:15"
"21165","NWP25038653","2025-03-29 12:53:53","","2025-05-28 20:45:47"
"21164","TXP25038786","2025-03-29 09:40:58","","2025-05-14 16:36:31"
"21163","TXP25038865","2025-03-29 09:28:21","","2025-05-16 11:27:25"
"21162","NWP25038045","2025-03-29 07:54:27","","2025-04-02 06:10:33"
"21161","NWP25038419","2025-03-28 13:13:45","","2025-06-06 20:00:36"
"21160","TXP25039071","2025-03-28 13:06:55","","2025-06-10 03:25:40"
"21159","CAP25038423","2025-03-28 07:44:51","","2025-05-15 15:06:48"
"21158","ILP25038057","2025-03-27 15:15:19","","2025-04-01 11:06:41"
"21157","TXP25038651","2025-03-27 14:07:36","","2025-04-07 23:40:36"
"21156","NWP25038525","2025-03-27 14:04:07","","2025-06-10 06:52:59"
"21155","NWP25038727","2025-03-27 13:44:34","","2025-04-01 04:39:52"
"21154","NWP25038453","2025-03-27 10:52:29","","2025-04-07 13:55:03"
"21153","NJP25038910","2025-03-27 10:02:56","","2025-05-15 22:33:01"
"21152","CAP25039033","2025-03-27 08:42:41","","2025-04-23 02:10:22"
"21151","ILP25038296","2025-03-27 08:42:14","","2025-05-24 18:38:16"
"21150","TXP25039175","2025-03-26 18:52:38","","2025-05-19 07:14:36"
"21149","TXP25038046","2025-03-26 18:25:40","","2025-03-31 22:51:07"
"21148","NWP25038596","2025-03-26 16:28:12","2025-04-15","2025-05-20 08:10:40"
"21147","TXP25038921","2025-03-25 19:21:01","","2025-04-01 00:06:34"
"21146","NJP25038551","2025-03-25 18:00:36","","2025-06-09 23:52:42"
"21145","NJP25038442","2025-03-25 17:24:31","","2025-06-07 09:54:34"
"21144","CAP25038477","2025-03-25 15:49:49","","2025-05-04 19:49:44"
"21143","CAP25038843","2025-03-25 15:46:56","","2025-05-26 04:36:35"
"21142","CAP25038933","2025-03-25 15:05:45","","2025-03-30 23:26:44"
"21141","ILP25038538","2025-03-25 11:26:59","","2025-04-03 01:48:25"
"21140","ILP25038790","2025-03-25 11:25:48","","2025-03-27 11:27:11"
"21139","NWP25038829","2025-03-25 10:41:06","","2025-05-19 16:31:35"
"21138","NWP25038263","2025-03-25 08:43:04","","2025-03-31 04:58:46"
"21137","CAP25038047","2025-03-25 08:01:13","","2025-03-29 22:53:25"
"21136","ILP25038471","2025-03-24 14:23:09","","2025-05-22 00:04:48"
"21135","TXP25038252","2025-03-24 10:22:25","","2025-04-09 13:28:12"
"21134","NJP25038606","2025-03-24 10:12:45","","2025-05-24 20:27:43"
"21133","NJP25038963","2025-03-24 09:32:35","","2025-06-04 17:13:19"
"21132","CAP25038630","2025-03-24 08:37:26","","2025-04-03 10:51:17"
"21131","NJP25038723","2025-03-24 07:40:27","2025-03-24","2025-03-28 05:21:40"
"21130","CAP25038005","2025-03-23 19:02:27","","2025-05-12 10:06:25"
"21129","ILP25038213","2025-03-23 17:50:47","","2025-05-22 08:24:59"
"21128","CAP25038297","2025-03-23 16:21:56","","2025-03-29 20:47:26"
"21127","TXP25038508","2025-03-23 16:21:18","","2025-06-07 13:20:57"
"21126","CAP25038706","2025-03-23 15:53:46","2025-04-10","2025-05-28 05:13:35"
"21125","ILP25038673","2025-03-23 15:29:23","","2025-06-06 12:29:23"
"21124","ILP25038992","2025-03-23 14:18:34","","2025-05-03 11:01:27"
"21123","CAP25038543","2025-03-23 12:57:10","","2025-05-28 04:42:55"
"21122","ILP25038500","2025-03-23 12:55:40","","2025-05-16 01:48:04"
"21121","CAP25038196","2025-03-23 11:18:38","","2025-04-05 16:36:41"
"21120","ILP25038248","2025-03-22 18:34:13","2025-03-23","2025-03-27 03:10:28"
"21119","ILP25038702","2025-03-22 17:25:10","","2025-05-10 20:36:36"
"21118","NJP25038289","2025-03-22 16:45:26","","2025-05-14 08:54:28"
"21117","NWP25038698","2025-03-22 16:43:34","","2025-05-12 12:29:25"
"21116","TXP25038380","2025-03-22 15:29:05","","2025-03-27 23:03:34"
"21115","TXP25038763","2025-03-22 15:27:06","","2025-05-20 09:56:29"
"21114","NWP25038304","2025-03-22 12:07:41","2025-04-12","2025-05-17 10:42:24"
"21113","TXP25039024","2025-03-22 11:03:05","","2025-05-02 15:26:04"
"21112","ILP25038380","2025-03-22 09:24:02","2025-03-30","2025-06-12 02:32:54"
"21111","NWP25038044","2025-03-21 19:04:06","","2025-03-27 23:36:01"
"21110","TXP25039151","2025-03-21 18:20:31","","2025-05-11 17:38:25"
"21109","NWP25038452","2025-03-21 10:53:47","","2025-03-29 01:18:52"
"21108","ILP25038744","2025-03-21 10:21:36","","2025-05-03 11:22:29"
"21107","NJP25038688","2025-03-21 09:17:57","","2025-05-04 11:44:51"
"21106","CAP25039087","2025-03-21 09:17:00","","2025-05-24 15:50:11"
"21105","NJP25038403","2025-03-21 09:14:05","","2025-05-07 04:22:46"
"21104","TXP25038650","2025-03-21 09:13:59","","2025-04-04 21:02:16"
"21103","NWP25038006","2025-03-21 08:49:29","","2025-05-13 04:04:21"
"21102","TXP25038045","2025-03-20 12:16:46","","2025-03-26 03:46:11"
"21101","ILP25038171","2025-03-20 11:52:35","","2025-03-30 20:04:41"
"21100","NWP25038330","2025-03-20 10:42:42","","2025-06-16 09:45:23"
"21099","CAP25038761","2025-03-20 09:38:02","","2025-05-10 06:50:30"
"21098","CAP25038046","2025-03-20 09:02:57","","2025-03-24 01:07:46"
"21097","NWP25038871","2025-03-19 19:45:25","","2025-05-05 14:54:14"
"21096","NWP25038561","2025-03-19 19:43:24","","2025-05-04 09:07:52"
"21095","TXP25038920","2025-03-19 18:59:32","","2025-03-24 10:23:03"
"21094","NWP25038652","2025-03-19 15:56:06","","2025-05-15 06:31:38"
"21093","NJP25038047","2025-03-19 12:48:00","2025-03-20","2025-03-23 22:15:53"
"21092","CAP25038296","2025-03-19 09:33:57","","2025-03-25 02:02:19"
"21091","NWP25038726","2025-03-19 08:44:21","","2025-03-23 16:21:36"
"21090","TXP25038593","2025-03-19 08:15:18","","2025-06-02 11:29:16"
"21089","ILP25038108","2025-03-18 19:32:04","","2025-05-09 22:39:56"
"21088","ILP25039045","2025-03-18 17:16:43","","2025-05-14 07:26:46"
"21087","NJP25038158","2025-03-18 12:08:18","","2025-04-06 20:57:25"
"21086","ILP25038789","2025-03-18 10:48:54","","2025-03-20 22:04:55"
"21085","CAP25039114","2025-03-18 09:59:35","2025-03-28","2025-05-11 01:08:55"
"21084","TXP25038251","2025-03-18 08:30:44","","2025-03-23 21:00:53"
"21083","CAP25038932","2025-03-18 08:06:12","","2025-03-23 02:39:20"
"21082","NWP25038226","2025-03-18 07:55:12","","2025-05-29 23:42:11"
"21081","ILP25038537","2025-03-17 18:52:16","","2025-03-28 12:16:15"
"21080","CAP25039188","2025-03-17 17:59:59","","2025-05-15 07:00:23"
"21079","NWP25038172","2025-03-17 14:53:22","","2025-03-30 07:32:21"
"21078","TXP25039070","2025-03-17 12:27:38","","2025-05-29 07:44:03"
"21077","NWP25038364","2025-03-17 11:28:57","","2025-05-23 16:16:45"
"21076","CAP25038595","2025-03-17 10:59:07","","2025-05-13 18:05:54"
"21075","ILP25038641","2025-03-17 09:05:51","2025-03-28","2025-05-15 21:53:17"
"21074","CAP25039032","2025-03-16 17:11:51","","2025-04-27 19:45:02"
"21073","NWP25038397","2025-03-16 16:41:52","","2025-05-30 23:49:12"
"21072","ILP25039071","2025-03-16 15:30:26","","2025-05-20 15:55:21"
"21071","ILP25038890","2025-03-16 15:28:15","2025-03-30","2025-05-16 22:37:20"
"21070","TXP25039117","2025-03-16 13:56:43","2025-04-09","2025-05-19 19:12:30"
"21069","NWP25038899","2025-03-16 13:05:05","","2025-05-14 18:36:02"
"21068","NJP25038245","2025-03-16 13:04:45","","2025-03-22 06:08:51"
"21067","CAP25038629","2025-03-16 09:55:22","2025-03-18","2025-03-22 17:54:45"
"21066","TXP25038649","2025-03-16 09:27:06","","2025-03-30 08:58:21"
"21065","CAP25038476","2025-03-16 07:54:34","2025-03-26","2025-05-12 09:25:18"
"21064","NJP25038640","2025-03-15 19:36:30","","2025-05-07 05:14:53"
"21063","TXP25038919","2025-03-15 16:56:03","","2025-03-20 00:50:51"
"21062","ILP25038991","2025-03-15 16:04:40","2025-04-02","2025-05-14 13:42:06"
"21061","TXP25038340","2025-03-15 15:31:02","","2025-05-12 18:02:22"
"21060","TXP25038444","2025-03-15 13:17:43","","2025-05-01 00:35:13"
"21059","NJP25038771","2025-03-15 10:47:13","","2025-05-01 16:48:04"
"21058","CAP25038803","2025-03-14 19:10:55","","2025-05-09 10:33:02"
"21057","NJP25038909","2025-03-14 18:20:20","","2025-04-17 08:54:07"
"21056","NWP25038451","2025-03-14 17:16:17","","2025-03-26 19:28:55"
"21055","TXP25038044","2025-03-14 16:31:34","","2025-03-18 13:15:36"
"21054","ILP25038947","2025-03-14 14:18:13","","2025-05-16 08:01:30"
"21053","CAP25038886","2025-03-14 12:55:40","","2025-04-30 23:39:30"
"21052","CAP25038295","2025-03-14 08:12:07","","2025-03-22 18:45:57"
"21051","ILP25038439","2025-03-13 18:08:18","","2025-05-10 14:51:07"
"21050","CAP25038542","2025-03-13 18:05:41","2025-04-01","2025-05-27 00:41:40"
"21049","NJP25038359","2025-03-13 17:46:25","2025-03-22","2025-05-09 22:28:09"
"21048","ILP25038295","2025-03-13 17:32:36","","2025-05-08 01:50:25"
"21047","TXP25038864","2025-03-13 16:44:10","","2025-04-26 14:40:04"
"21046","TXP25038379","2025-03-13 12:52:15","","2025-03-18 00:33:02"
"21045","NJP25038008","2025-03-13 11:49:54","","2025-05-16 21:35:27"
"21044","ILP25038379","2025-03-13 09:10:11","","2025-06-09 17:07:31"
"21043","TXP25039174","2025-03-12 19:44:14","2025-03-20","2025-04-22 11:05:21"
"21042","NWP25038801","2025-03-12 19:42:02","","2025-05-19 20:25:56"
"21041","CAP25038400","2025-03-12 17:36:31","","2025-05-05 05:57:18"
"21040","TXP25038485","2025-03-12 17:27:52","","2025-06-08 02:16:35"
"21039","CAP25038045","2025-03-12 17:10:51","","2025-03-17 12:03:45"
"21038","TXP25038648","2025-03-12 16:28:48","","2025-03-21 12:59:26"
"21037","TXP25038150","2025-03-12 16:04:47","","2025-04-27 23:42:39"
"21036","ILP25038788","2025-03-12 15:52:52","","2025-03-16 10:41:36"
"21035","ILP25038617","2025-03-12 15:25:29","","2025-05-23 12:07:36"
"21034","NJP25038550","2025-03-12 14:09:47","","2025-05-21 01:00:42"
"21033","NWP25038139","2025-03-12 13:45:11","","2025-04-26 12:09:50"
"21032","TXP25038250","2025-03-12 11:14:30","","2025-03-29 02:06:31"
"21031","CAP25038163","2025-03-12 10:30:50","","2025-04-26 23:29:03"
"21030","CAP25038842","2025-03-12 08:52:11","","2025-05-09 23:29:45"
"21029","NWP25038595","2025-03-12 08:44:28","","2025-05-13 21:13:17"
"21028","CAP25038931","2025-03-12 07:49:58","","2025-03-13 08:18:58"
"21027","NJP25038722","2025-03-11 19:48:41","","2025-03-16 01:49:35"
"21026","ILP25038701","2025-03-11 18:22:25","","2025-05-09 22:15:13"
"21025","NJP25038867","2025-03-11 18:21:24","2025-03-21","2025-04-27 22:11:40"
"21024","NWP25038262","2025-03-11 17:44:16","","2025-03-20 01:57:51"
"21023","NJP25038504","2025-03-11 17:06:30","","2025-03-21 09:21:41"
"21022","CAP25039160","2025-03-11 15:46:00","","2025-04-29 13:08:03"
"21021","CAP25038705","2025-03-11 11:35:29","","2025-05-15 19:13:22"
"21020","CAP25038244","2025-03-11 11:00:50","2025-03-19","2025-05-12 19:47:29"
"21019","NWP25038043","2025-03-11 09:52:54","","2025-03-15 18:41:21"
"21018","ILP25038056","2025-03-11 09:42:26","2025-03-12","2025-03-16 18:42:15"
"21017","TXP25038568","2025-03-11 08:52:34","","2025-05-23 17:06:05"
"21016","CAP25038294","2025-03-10 19:28:06","","2025-03-17 16:20:07"
"21015","NJP25038663","2025-03-10 18:50:42","","2025-05-02 10:24:24"
"21014","ILP25038247","2025-03-10 17:56:06","","2025-03-19 08:37:25"
"21013","CAP25038628","2025-03-10 14:36:31","","2025-03-20 18:41:57"
"21012","TXP25038838","2025-03-10 12:00:24","","2025-05-13 19:03:23"
"21011","NWP25038725","2025-03-10 11:06:45","","2025-03-14 06:01:18"
"21010","TXP25038785","2025-03-10 10:00:03","","2025-04-25 04:48:29"
"21009","CAP25038195","2025-03-10 09:38:00","2025-03-16","2025-03-25 22:07:20"
"21008","TXP25038194","2025-03-10 07:58:37","","2025-04-22 10:45:46"
"21007","TXP25038544","2025-03-09 18:12:59","","2025-04-30 09:34:43"
"21006","ILP25038922","2025-03-09 12:48:25","","2025-05-18 20:52:49"
"21005","CAP25039221","2025-03-09 12:11:25","","2025-05-18 23:32:08"
"21004","ILP25038345","2025-03-09 12:00:04","","2025-05-15 14:30:15"
"21003","ILP25038009","2025-03-09 11:32:46","","2025-04-25 21:43:18"
"21002","ILP25038536","2025-03-09 10:51:18","","2025-03-19 23:24:39"
"21001","NJP25038605","2025-03-09 08:53:55","","2025-04-16 22:19:05"
"21000","TXP25038918","2025-03-08 19:33:43","","2025-03-13 19:22:48"
"20999","NWP25038118","2025-03-08 16:44:59","","2025-04-09 00:30:43"
"20998","TXP25038043","2025-03-08 15:21:12","","2025-03-14 14:23:21"
"20997","NJP25038402","2025-03-08 13:57:47","","2025-05-12 23:16:07"
"20996","NJP25038441","2025-03-08 13:23:02","","2025-05-08 03:40:00"
"20995","NWP25038524","2025-03-08 09:58:57","","2025-05-08 12:29:02"
"20994","NWP25038828","2025-03-08 08:54:55","","2025-05-03 18:00:26"
"20993","CAP25038475","2025-03-08 08:30:35","","2025-05-06 18:09:38"
"20992","TXP25038507","2025-03-07 19:22:32","","2025-05-12 01:31:15"
"20991","NJP25038323","2025-03-07 16:16:41","","2025-05-15 21:35:13"
"20990","NJP25038808","2025-03-07 15:55:45","","2025-06-04 09:52:11"
"20989","ILP25038990","2025-03-07 12:27:56","","2025-05-06 05:09:55"
"20988","NJP25038115","2025-03-07 11:41:34","","2025-04-15 21:45:16"
"20987","NWP25038171","2025-03-07 09:57:45","","2025-03-22 08:28:40"
"20986","CAP25038044","2025-03-07 08:33:01","","2025-03-12 06:55:07"
"20985","NJP25038157","2025-03-06 18:49:24","","2025-03-17 01:32:53"
"20984","TXP25038249","2025-03-06 15:01:03","","2025-03-21 06:26:38"
"20983","NWP25038651","2025-03-06 14:52:24","2025-03-30","2025-05-14 07:55:37"
"20982","CAP25038930","2025-03-06 14:34:34","","2025-03-11 03:43:47"
"20981","NWP25038450","2025-03-06 14:27:18","","2025-03-20 05:52:31"
"20980","ILP25038170","2025-03-06 12:25:43","","2025-03-20 08:49:43"
"20979","TXP25039023","2025-03-06 12:09:14","","2025-04-28 22:37:29"
"20978","NJP25038687","2025-03-06 08:52:14","","2025-04-23 17:24:49"
"20977","NJP25038090","2025-03-06 08:40:57","","2025-04-20 21:38:10"
"20976","NWP25038042","2025-03-05 19:19:29","","2025-03-09 15:23:28"
"20975","ILP25038787","2025-03-05 18:15:10","","2025-03-11 01:25:28"
"20974","CAP25039113","2025-03-05 10:17:40","","2025-05-20 01:36:06"
"20973","TXP25038647","2025-03-05 10:12:42","","2025-03-14 00:26:12"
"20972","TXP25038042","2025-03-04 19:14:09","2025-03-05","2025-03-10 13:24:17"
"20971","TXP25038816","2025-03-04 17:51:44","","2025-05-11 02:21:35"
"20970","ILP25038212","2025-03-04 17:22:39","","2025-04-24 22:05:42"
"20969","ILP25038378","2025-03-04 16:52:29","","2025-05-08 07:49:20"
"20968","TXP25038004","2025-03-04 14:10:08","","2025-04-27 14:31:24"
"20967","CAP25038541","2025-03-04 08:08:28","2025-03-28","2025-05-07 17:08:10"
"20966","TXP25038917","2025-03-03 18:52:11","","2025-03-09 12:16:37"
"20965","ILP25038294","2025-03-03 15:20:29","","2025-04-22 11:47:16"
"20964","CAP25038627","2025-03-03 14:27:58","","2025-03-11 15:41:12"
"20963","CAP25038293","2025-03-03 11:55:27","","2025-03-11 16:14:58"
"20962","CAP25038141","2025-03-03 09:54:33","","2025-04-19 21:09:31"
"20961","NJP25038962","2025-03-03 08:26:16","","2025-05-09 19:56:20"
"20960","ILP25038107","2025-03-02 18:30:54","","2025-04-07 18:20:18"
"20959","NJP25038476","2025-03-02 18:17:31","2025-03-10","2025-04-15 14:27:48"
"20958","CAP25038043","2025-03-02 17:01:03","","2025-03-07 09:56:37"
"20957","NWP25038418","2025-03-02 11:41:25","","2025-04-26 09:33:58"
"20956","CAP25039031","2025-03-02 10:19:14","2025-03-14","2025-05-04 12:27:23"
"20955","ILP25038535","2025-03-02 08:26:17","","2025-03-14 07:28:16"
"20954","CAP25038004","2025-03-01 18:56:24","","2025-04-09 01:20:10"
"20953","NJP25038288","2025-03-01 17:52:49","2025-03-09","2025-04-15 21:52:01"
"20952","CAP25038929","2025-03-01 17:43:18","","2025-03-06 08:17:42"
"20951","CAP25038760","2025-03-01 17:21:18","","2025-04-22 03:04:18"
"20950","NWP25038363","2025-03-01 16:19:55","","2025-05-09 12:20:02"
"20949","CAP25038445","2025-03-01 13:04:46","","2025-05-20 07:18:45"
"20948","TXP25038378","2025-03-01 09:28:49","2025-03-02","2025-03-07 18:41:29"
"20947","NJP25038046","2025-03-01 08:43:51","","2025-03-06 17:51:41"
"20946","NJP25028549","2025-02-28 17:24:23","","2025-05-03 15:58:52"
"20945","NWP25028041","2025-02-28 15:59:43","","2025-03-06 07:18:46"
"20944","NJP25028908","2025-02-28 15:30:41","","2025-04-07 10:18:37"
"20943","NWP25028329","2025-02-28 12:02:54","","2025-05-18 07:04:41"
"20942","TXP25028443","2025-02-28 11:58:27","","2025-04-25 13:32:34"
"20941","ILP25028946","2025-02-28 10:13:28","","2025-04-22 00:08:27"
"20940","NJP25028503","2025-02-27 19:33:38","","2025-03-14 01:51:18"
"20939","NJP25028244","2025-02-27 17:18:21","","2025-03-05 02:47:25"
"20938","TXP25028193","2025-02-27 17:11:12","","2025-04-13 10:34:39"
"20937","NWP25028594","2025-02-27 14:41:43","","2025-05-02 14:29:10"
"20936","TXP25028646","2025-02-27 13:09:55","2025-02-28","2025-03-03 10:16:02"
"20935","NJP25028219","2025-02-27 12:46:45","2025-03-09","2025-05-01 21:40:58"
"20934","CAP25028704","2025-02-27 12:23:19","","2025-04-30 22:41:20"
"20933","TXP25028916","2025-02-27 11:29:35","","2025-03-06 02:56:00"
"20932","CAP25029187","2025-02-27 10:49:02","","2025-04-01 09:48:44"
"20931","CAP25028292","2025-02-27 10:39:44","","2025-03-04 18:43:49"
"20930","ILP25028889","2025-02-27 08:33:53","","2025-04-18 05:05:17"
"20929","NWP25028449","2025-02-26 19:29:21","","2025-03-08 00:18:04"
"20928","NWP25028303","2025-02-26 18:18:28","","2025-04-25 05:09:58"
"20927","ILP25028246","2025-02-26 15:50:05","","2025-03-04 10:11:44"
"20926","TXP25029069","2025-02-26 15:22:04","","2025-05-09 08:10:14"
"20925","NWP25028697","2025-02-26 09:46:12","2025-03-05","2025-04-10 16:56:51"
"20924","TXP25028248","2025-02-26 09:38:20","","2025-03-13 17:13:40"
"20923","NWP25028170","2025-02-26 07:34:05","","2025-03-13 15:53:08"
"20922","NWP25028870","2025-02-25 18:19:11","","2025-04-30 07:58:21"
"20921","NJP25028156","2025-02-25 17:56:17","","2025-03-17 09:41:17"
"20920","TXP25028762","2025-02-25 17:48:14","","2025-05-03 05:13:02"
"20919","TXP25028041","2025-02-25 17:24:32","","2025-03-03 01:33:21"
"20918","CAP25028474","2025-02-25 17:09:38","","2025-04-19 13:01:38"
"20917","NWP25028724","2025-02-25 16:31:42","","2025-03-02 05:46:47"
"20916","ILP25028141","2025-02-25 15:42:51","","2025-04-18 22:42:19"
"20915","NWP25028898","2025-02-25 15:42:05","","2025-05-10 14:44:30"
"20914","CAP25028042","2025-02-25 14:10:21","","2025-03-02 15:24:54"
"20913","NJP25028841","2025-02-25 08:55:55","","2025-05-02 11:54:06"
"20912","ILP25028786","2025-02-25 08:15:54","","2025-02-28 21:21:40"
"20911","NWP25028225","2025-02-24 18:15:40","","2025-05-05 20:43:18"
"20910","TXP25028592","2025-02-24 16:49:37","","2025-04-21 11:10:22"
"20909","NJP25028358","2025-02-24 16:40:25","","2025-04-24 07:07:15"
"20908","TXP25029116","2025-02-24 16:30:58","","2025-05-05 14:10:30"
"20907","NJP25028866","2025-02-24 13:29:59","","2025-04-24 04:17:16"
"20906","CAP25028626","2025-02-24 13:12:17","","2025-03-04 12:08:18"
"20905","ILP25028470","2025-02-24 13:05:50","","2025-05-07 15:07:21"
"20904","ILP25028989","2025-02-24 11:02:19","","2025-04-06 08:45:07"
"20903","ILP25028055","2025-02-24 10:48:17","","2025-03-02 13:05:42"
"20902","ILP25028640","2025-02-23 18:57:54","","2025-04-17 07:02:08"
"20901","NJP25028721","2025-02-23 17:00:33","","2025-03-01 09:58:35"
"20900","NWP25028261","2025-02-23 15:12:22","","2025-02-28 10:58:41"
"20899","CAP25029112","2025-02-23 13:28:19","2025-03-02","2025-04-16 18:50:35"
"20898","CAP25028928","2025-02-23 12:53:56","","2025-03-02 09:09:52"
"20897","ILP25028672","2025-02-23 12:44:36","","2025-04-20 18:02:10"
"20896","ILP25028499","2025-02-23 10:45:14","","2025-05-01 22:14:43"
"20895","NJP25028401","2025-02-23 10:09:26","","2025-04-19 09:47:49"
"20894","ILP25028534","2025-02-23 09:48:34","","2025-03-07 15:03:51"
"20893","NWP25028827","2025-02-23 08:46:43","","2025-05-10 09:49:24"
"20892","ILP25028377","2025-02-23 08:04:32","","2025-05-07 01:56:05"
"20891","TXP25028863","2025-02-22 16:35:00","","2025-04-03 06:52:15"
"20890","ILP25028700","2025-02-22 16:18:54","2025-03-05","2025-05-01 06:31:20"
"20889","CAP25028422","2025-02-22 16:03:29","","2025-04-29 14:45:43"
"20888","CAP25028194","2025-02-22 15:28:08","","2025-03-02 17:27:20"
"20887","CAP25028885","2025-02-22 15:23:20","","2025-04-13 14:57:34"
"20886","ILP25028743","2025-02-22 13:22:08","2025-02-28","2025-04-02 05:54:36"
"20885","TXP25029173","2025-02-22 08:33:26","","2025-04-21 01:03:01"
"20884","CAP25029030","2025-02-22 08:11:40","","2025-04-09 20:20:09"
"20883","CAP25028841","2025-02-21 15:01:02","","2025-04-28 13:02:36"
"20882","NJP25028007","2025-02-21 14:57:25","","2025-04-12 19:06:40"
"20881","ILP25028438","2025-02-21 14:31:18","2025-03-08","2025-04-06 16:11:18"
"20880","TXP25028915","2025-02-21 12:44:52","","2025-02-28 04:01:17"
"20879","CAP25028802","2025-02-21 08:26:17","","2025-04-29 10:12:16"
"20878","NJP25028322","2025-02-20 15:49:32","","2025-04-30 16:42:48"
"20877","NWP25028523","2025-02-20 14:15:33","","2025-04-27 19:43:32"
"20876","TXP25028149","2025-02-20 13:55:10","","2025-04-02 11:47:16"
"20875","TXP25028645","2025-02-20 11:47:22","2025-02-23","2025-03-01 15:29:25"
"20874","CAP25028291","2025-02-20 11:19:53","","2025-02-25 13:06:19"
"20873","CAP25028162","2025-02-20 09:40:04","","2025-04-06 13:52:04"
"20872","NWP25028005","2025-02-19 13:14:43","2025-03-11","2025-04-15 15:31:11"
"20871","TXP25028377","2025-02-19 12:37:40","","2025-02-24 00:34:20"
"20870","NWP25028040","2025-02-19 10:09:36","","2025-02-23 21:46:45"
"20869","NWP25028560","2025-02-19 08:38:56","","2025-04-11 13:32:25"
"20868","NWP25028650","2025-02-19 07:52:20","","2025-04-11 19:07:02"
"20867","ILP25028785","2025-02-18 19:28:44","","2025-02-22 11:01:54"
"20866","NJP25028907","2025-02-18 18:44:18","","2025-04-06 20:01:03"
"20865","CAP25028243","2025-02-18 17:43:58","2025-03-17","2025-05-03 18:37:13"
"20864","TXP25028247","2025-02-18 15:06:14","","2025-03-09 08:45:58"
"20863","ILP25029044","2025-02-18 14:34:15","","2025-04-08 20:18:49"
"20862","ILP25028008","2025-02-18 12:39:30","","2025-04-07 05:52:08"
"20861","NJP25028770","2025-02-18 07:36:27","","2025-04-17 13:50:03"
"20860","TXP25028040","2025-02-17 19:37:51","","2025-02-21 21:03:57"
"20859","CAP25028540","2025-02-17 16:20:34","","2025-04-25 15:35:23"
"20858","CAP25028041","2025-02-17 14:00:05","","2025-02-22 03:18:00"
"20857","CAP25029220","2025-02-17 13:50:07","","2025-04-28 16:18:54"
"20856","NWP25028593","2025-02-17 12:50:19","","2025-04-30 07:22:19"
"20855","NWP25028779","2025-02-17 10:20:17","","2025-04-09 19:52:20"
"20854","TXP25028339","2025-02-17 10:15:59","","2025-05-06 01:34:20"
"20853","CAP25028594","2025-02-16 19:18:13","","2025-04-23 09:41:31"
"20852","NJP25028155","2025-02-16 19:13:47","","2025-02-25 09:57:33"
"20851","TXP25028484","2025-02-16 17:38:54","","2025-04-17 00:21:00"
"20850","ILP25028344","2025-02-16 15:52:49","2025-02-24","2025-03-28 14:03:41"
"20849","ILP25028169","2025-02-16 12:57:36","","2025-03-03 04:28:40"
"20848","ILP25028245","2025-02-16 12:02:39","","2025-02-21 13:03:10"
"20847","NJP25028287","2025-02-16 09:14:08","","2025-04-02 12:09:55"
"20846","TXP25029022","2025-02-16 09:07:13","","2025-04-10 00:50:13"
"20845","ILP25028293","2025-02-16 08:53:16","","2025-04-02 17:04:16"
"20844","CAP25029086","2025-02-16 08:19:05","","2025-04-19 18:24:32"
"20843","CAP25028625","2025-02-16 07:58:15","2025-02-17","2025-02-23 03:53:37"
"20842","NJP25028604","2025-02-15 19:43:42","","2025-03-17 16:00:09"
"20841","CAP25028473","2025-02-15 18:41:49","","2025-04-19 09:14:55"
"20840","NJP25028114","2025-02-15 18:23:41","","2025-03-22 12:58:32"
"20839","TXP25028644","2025-02-15 17:38:44","","2025-02-26 10:26:09"
"20838","NWP25028448","2025-02-15 17:20:43","","2025-02-28 12:02:58"
"20837","NJP25028502","2025-02-15 16:41:33","","2025-02-24 16:14:35"
"20836","TXP25028442","2025-02-15 16:32:26","","2025-03-22 23:49:17"
"20835","NWP25028169","2025-02-15 16:06:11","","2025-02-28 12:31:59"
"20834","NJP25028548","2025-02-15 14:12:04","","2025-04-25 12:03:39"
"20833","CAP25028703","2025-02-15 13:51:30","","2025-04-25 17:40:42"
"20832","ILP25028054","2025-02-15 10:43:01","","2025-02-20 09:07:05"
"20831","TXP25028506","2025-02-15 10:01:39","","2025-05-03 02:00:30"
"20830","ILP25028533","2025-02-15 09:37:54","","2025-02-26 18:12:11"
"20829","CAP25028927","2025-02-15 08:17:22","","2025-02-19 10:41:58"
"20828","TXP25028914","2025-02-14 18:22:15","","2025-02-19 16:51:44"
"20827","CAP25028290","2025-02-14 12:47:52","","2025-02-22 06:52:32"
"20826","CAP25028759","2025-02-14 12:15:26","","2025-03-27 09:30:18"
"20825","ILP25028921","2025-02-14 08:07:13","2025-03-03","2025-04-16 22:33:20"
"20824","NJP25028243","2025-02-13 16:42:21","","2025-02-18 16:30:16"
"20823","NJP25028357","2025-02-13 14:52:02","","2025-05-06 08:08:54"
"20822","TXP25028543","2025-02-13 14:23:14","","2025-04-11 12:10:33"
"20821","NJP25028440","2025-02-13 11:41:57","","2025-04-12 22:16:24"
"20820","NWP25028039","2025-02-13 08:57:48","2025-02-15","2025-02-18 17:22:32"
"20819","CAP25028193","2025-02-12 19:18:44","","2025-03-01 11:12:14"
"20818","TXP25028376","2025-02-12 18:05:43","","2025-02-18 02:48:11"
"20817","ILP25028376","2025-02-12 17:24:07","","2025-03-31 21:39:00"
"20816","CAP25028040","2025-02-12 14:58:26","","2025-02-17 23:42:34"
"20815","NJP25028686","2025-02-12 13:12:11","","2025-03-30 11:55:51"
"20814","TXP25028039","2025-02-12 10:22:43","2025-02-13","2025-02-17 17:56:03"
"20813","CAP25029111","2025-02-12 09:18:42","2025-03-10","2025-04-22 12:49:18"
"20812","ILP25028988","2025-02-12 08:01:51","","2025-03-20 11:07:47"
"20811","NWP25028723","2025-02-12 07:47:32","","2025-02-17 19:59:21"
"20810","ILP25028616","2025-02-11 19:48:28","","2025-04-27 10:30:57"
"20809","NWP25028260","2025-02-11 18:57:57","","2025-02-20 04:25:50"
"20808","ILP25028888","2025-02-11 18:28:03","","2025-04-01 09:23:02"
"20807","NJP25028807","2025-02-11 15:35:49","2025-03-05","2025-04-20 09:42:50"
"20806","TXP25028643","2025-02-11 15:10:30","","2025-02-18 11:51:12"
"20805","NJP25028045","2025-02-11 13:33:34","2025-02-12","2025-02-17 11:34:55"
"20804","CAP25029029","2025-02-11 10:26:34","","2025-03-21 17:40:30"
"20803","CAP25028624","2025-02-10 17:34:01","","2025-02-24 07:50:05"
"20802","NWP25028826","2025-02-10 14:59:03","","2025-04-04 06:52:44"
"20801","NJP25028400","2025-02-10 14:45:04","","2025-04-15 17:43:31"
"20800","ILP25028699","2025-02-10 13:42:49","2025-02-26","2025-04-13 07:36:16"
"20799","TXP25028192","2025-02-10 11:51:44","2025-02-27","2025-03-28 09:48:57"
"20798","TXP25028246","2025-02-10 10:46:12","","2025-02-26 14:03:12"
"20797","ILP25028784","2025-02-10 10:28:03","","2025-02-14 09:38:12"
"20796","NWP25028328","2025-02-10 09:32:38","","2025-04-09 08:22:10"
"20795","TXP25028784","2025-02-10 08:43:01","2025-02-26","2025-03-31 02:25:52"
"20794","NWP25028138","2025-02-10 08:05:58","","2025-03-25 07:20:45"
"20793","CAP25028926","2025-02-09 18:16:35","","2025-02-12 00:51:13"
"20792","ILP25028106","2025-02-09 16:05:50","","2025-04-02 23:21:44"
"20791","NJP25028961","2025-02-09 14:31:18","","2025-03-22 08:36:38"
"20790","TXP25029150","2025-02-08 18:34:48","","2025-03-29 22:36:43"
"20789","CAP25029186","2025-02-08 16:35:23","2025-02-21","2025-03-18 17:47:35"
"20788","NJP25028154","2025-02-08 15:55:07","2025-02-09","2025-02-16 07:59:27"
"20787","NWP25028592","2025-02-08 14:38:46","","2025-04-06 09:28:48"
"20786","NWP25028362","2025-02-08 12:39:57","","2025-04-07 21:54:17"
"20785","TXP25028913","2025-02-08 09:45:27","","2025-02-12 07:54:35"
"20784","TXP25028567","2025-02-07 18:35:36","","2025-04-04 04:26:52"
"20783","ILP25028945","2025-02-07 17:20:16","2025-02-21","2025-04-04 11:57:41"
"20782","CAP25028289","2025-02-07 17:03:03","","2025-02-13 09:29:43"
"20781","TXP25028642","2025-02-07 14:23:42","","2025-02-15 07:37:33"
"20780","NWP25028224","2025-02-07 12:08:16","","2025-03-29 15:11:35"
"20779","NWP25028038","2025-02-07 11:34:08","","2025-02-13 13:30:08"
"20778","TXP25029068","2025-02-07 11:08:44","","2025-04-05 17:12:27"
"20777","CAP25028039","2025-02-07 09:49:25","","2025-02-12 03:26:21"
"20776","ILP25028211","2025-02-07 09:18:27","","2025-04-21 02:44:35"
"20775","CAP25028840","2025-02-07 08:27:28","","2025-04-15 19:53:11"
"20774","CAP25029159","2025-02-07 08:11:06","","2025-04-02 03:02:15"
"20773","CAP25028472","2025-02-06 19:33:13","","2025-04-12 16:19:13"
"20772","NJP25028865","2025-02-06 16:59:18","","2025-03-12 21:40:17"
"20771","NWP25028417","2025-02-06 15:40:06","","2025-04-02 18:54:57"
"20770","CAP25028399","2025-02-06 14:24:22","2025-02-22","2025-03-21 15:39:40"
"20769","ILP25028292","2025-02-06 14:20:40","","2025-03-19 07:10:12"
"20768","ILP25028783","2025-02-06 13:33:02","","2025-02-10 01:48:48"
"20767","NJP25028720","2025-02-06 11:27:55","","2025-02-08 21:30:01"
"20766","NJP25028639","2025-02-06 10:26:03","","2025-04-03 19:51:36"
"20765","ILP25028532","2025-02-06 10:08:57","","2025-02-17 07:41:14"
"20764","NJP25028906","2025-02-06 09:06:28","2025-02-13","2025-03-13 08:24:43"
"20763","TXP25029115","2025-02-06 07:56:58","","2025-04-01 03:04:43"
"20762","ILP25029070","2025-02-05 17:46:21","","2025-04-21 17:13:47"
"20761","NWP25028447","2025-02-05 17:36:12","","2025-02-18 20:26:01"
"20760","TXP25028375","2025-02-05 14:05:12","","2025-02-11 14:18:24"
"20759","ILP25028375","2025-02-05 12:35:40","","2025-03-27 07:09:10"
"20758","NWP25028396","2025-02-05 09:42:13","","2025-04-06 23:40:45"
"20757","NWP25028649","2025-02-05 08:44:01","","2025-04-09 08:51:34"
"20756","TXP25028038","2025-02-05 07:43:23","","2025-02-10 10:03:05"
"20755","TXP25028245","2025-02-04 19:04:46","","2025-02-21 22:59:24"
"20754","NWP25028800","2025-02-04 16:41:42","","2025-04-14 04:05:12"
"20753","ILP25028053","2025-02-04 14:17:02","","2025-02-10 18:28:22"
"20752","TXP25028591","2025-02-04 12:18:45","","2025-04-08 20:55:14"
"20751","ILP25028168","2025-02-04 07:54:44","","2025-02-20 06:22:53"
"20750","ILP25028437","2025-02-03 17:49:49","","2025-03-24 15:00:15"
"20749","ILP25028498","2025-02-03 17:26:15","","2025-03-28 13:23:33"
"20748","TXP25028641","2025-02-03 15:36:35","","2025-02-11 23:19:05"
"20747","ILP25028007","2025-02-03 15:26:38","","2025-03-24 11:47:38"
"20746","ILP25028987","2025-02-03 12:17:13","","2025-03-23 01:32:35"
"20745","TXP25028862","2025-02-03 11:23:26","2025-02-19","2025-03-21 14:53:09"
"20744","CAP25028702","2025-02-03 09:20:23","","2025-04-10 03:29:31"
"20743","NWP25028168","2025-02-02 17:43:46","2025-02-07","2025-02-16 07:01:54"
"20742","CAP25028539","2025-02-02 14:47:06","","2025-04-13 15:52:23"
"20741","ILP25028469","2025-02-02 14:22:24","","2025-04-10 21:14:09"
"20740","CAP25028288","2025-02-02 12:39:37","","2025-02-08 12:41:45"
"20739","ILP25028782","2025-02-01 18:42:35","","2025-02-05 13:11:18"
"20738","ILP25028639","2025-02-01 18:38:41","","2025-03-08 17:21:46"
"20737","NWP25028037","2025-02-01 15:47:54","","2025-02-06 23:33:15"
"20736","NWP25028559","2025-02-01 13:10:59","","2025-04-11 09:10:53"
"20735","TXP25029172","2025-02-01 12:29:23","","2025-03-22 22:50:41"
"20734","NJP25028547","2025-02-01 11:45:00","","2025-04-04 02:04:20"
"20733","TXP25028912","2025-02-01 11:14:26","2025-02-02","2025-02-05 04:21:56"
"20732","TXP25028837","2025-02-01 10:48:18","","2025-04-07 11:01:17"
"20731","TXP25029021","2025-02-01 10:39:43","","2025-03-31 13:23:47"
"20730","TXP25028003","2025-02-01 10:20:17","","2025-03-16 05:55:26"
"20729","CAP25028884","2025-02-01 10:15:05","","2025-03-26 14:26:15"
"20728","CAP25028925","2025-02-01 10:04:27","","2025-02-05 02:06:53"
"20727","ILP25028140","2025-02-01 08:50:23","2025-02-11","2025-03-20 06:17:48"
"20726","CAP25018192","2025-01-31 17:04:53","","2025-02-10 18:26:40"
"20725","CAP25018801","2025-01-31 17:03:33","2025-02-07","2025-04-07 06:29:11"
"20724","ILP25018742","2025-01-31 16:44:16","","2025-03-19 02:17:38"
"20723","NJP25018501","2025-01-31 16:21:11","","2025-02-08 06:34:26"
"20722","CAP25018623","2025-01-31 15:12:11","","2025-02-08 13:18:43"
"20721","TXP25018338","2025-01-31 12:22:23","","2025-04-14 23:36:31"
"20720","TXP25018148","2025-01-31 10:11:44","","2025-03-20 21:09:44"
"20719","NWP25018869","2025-01-31 09:58:45","2025-02-08","2025-03-26 20:02:51"
"20718","NWP25018522","2025-01-31 09:56:40","","2025-04-08 17:46:28"
"20717","NWP25018722","2025-01-30 18:15:16","","2025-02-05 05:43:03"
"20716","CAP25018038","2025-01-30 13:53:10","","2025-02-05 20:40:59"
"20715","TXP25018037","2025-01-30 10:16:38","2025-01-31","2025-02-03 09:02:19"
"20714","NJP25018044","2025-01-30 10:15:20","","2025-02-04 18:56:53"
"20713","NJP25018113","2025-01-30 09:54:44","","2025-03-24 22:36:08"
"20712","NJP25018006","2025-01-30 08:31:43","","2025-03-26 19:18:22"
"20711","ILP25018531","2025-01-30 08:08:45","","2025-02-05 15:58:36"
"20710","NJP25018662","2025-01-29 17:39:01","","2025-03-27 14:27:31"
"20709","CAP25019219","2025-01-29 15:44:32","2025-02-11","2025-03-19 19:51:44"
"20708","NJP25018218","2025-01-29 15:20:01","","2025-04-08 09:35:01"
"20707","NJP25018356","2025-01-29 14:22:11","","2025-03-10 19:24:56"
"20706","CAP25019110","2025-01-29 12:08:01","","2025-04-10 20:05:24"
"20705","NJP25018089","2025-01-29 10:14:36","","2025-03-08 16:31:17"
"20704","CAP25019028","2025-01-29 10:08:53","","2025-03-18 18:12:57"
"20703","TXP25018191","2025-01-29 08:40:39","","2025-03-14 05:27:55"
"20702","TXP25018911","2025-01-28 19:19:20","","2025-02-02 07:52:05"
"20701","TXP25018441","2025-01-28 18:59:40","","2025-03-18 08:22:46"
"20700","ILP25018244","2025-01-28 18:49:25","","2025-01-30 17:00:28"
"20699","NWP25018302","2025-01-28 17:19:35","","2025-03-14 00:15:41"
"20698","NWP25018117","2025-01-28 15:30:16","","2025-03-04 00:55:36"
"20697","TXP25018640","2025-01-28 15:23:24","","2025-02-05 06:54:39"
"20696","CAP25018471","2025-01-28 14:50:35","","2025-03-22 15:20:13"
"20695","CAP25018242","2025-01-28 14:43:59","","2025-04-09 07:20:58"
"20694","TXP25018374","2025-01-28 14:39:50","","2025-02-02 14:42:25"
"20693","ILP25018698","2025-01-28 11:56:42","","2025-04-07 16:36:39"
"20692","ILP25018374","2025-01-28 10:07:16","","2025-03-13 15:55:55"
"20691","CAP25018758","2025-01-28 08:42:58","","2025-03-08 09:35:13"
"20690","CAP25018140","2025-01-28 08:33:01","","2025-03-13 05:35:51"
"20689","NJP25018603","2025-01-28 07:37:15","","2025-03-23 01:07:50"
"20688","NJP25018153","2025-01-27 18:47:26","","2025-02-12 11:03:56"
"20687","CAP25018287","2025-01-27 18:25:13","","2025-02-03 05:33:38"
"20686","ILP25018887","2025-01-27 16:35:19","","2025-03-25 20:02:40"
"20685","NWP25018004","2025-01-27 14:11:52","","2025-03-17 05:30:29"
"20684","NWP25018897","2025-01-27 11:44:28","","2025-03-15 01:54:56"
"20683","NJP25018286","2025-01-27 10:54:49","2025-02-02","2025-03-12 13:58:46"
"20682","TXP25018244","2025-01-27 10:18:50","","2025-02-11 08:46:29"
"20681","NWP25018696","2025-01-27 08:02:04","","2025-03-16 14:03:04"
"20680","NWP25018446","2025-01-26 18:25:26","2025-01-29","2025-02-06 04:41:37"
"20679","NWP25018591","2025-01-26 18:22:11","2025-02-17","2025-03-30 18:44:42"
"20678","NJP25018242","2025-01-26 18:08:16","","2025-02-01 19:02:19"
"20677","NWP25018036","2025-01-26 17:33:13","","2025-01-31 08:35:50"
"20676","CAP25018037","2025-01-26 17:31:59","","2025-01-30 10:05:02"
"20675","NJP25018905","2025-01-26 16:08:35","","2025-03-22 22:51:04"
"20674","TXP25018815","2025-01-26 15:31:57","","2025-03-24 23:13:24"
"20673","NJP25018439","2025-01-26 14:37:50","","2025-03-22 17:58:49"
"20672","CAP25018161","2025-01-26 12:54:29","2025-02-12","2025-03-17 07:57:45"
"20671","ILP25018781","2025-01-26 09:16:19","","2025-01-29 17:30:31"
"20670","NJP25018321","2025-01-25 16:20:29","2025-02-10","2025-03-06 16:22:37"
"20669","NWP25018259","2025-01-25 14:37:24","","2025-02-02 03:18:17"
"20668","NJP25018399","2025-01-25 12:02:00","","2025-03-23 01:21:45"
"20667","ILP25018343","2025-01-25 10:15:12","","2025-04-09 12:01:21"
"20666","CAP25018924","2025-01-25 10:05:44","","2025-01-29 12:46:16"
"20665","CAP25018444","2025-01-25 08:06:03","2025-02-08","2025-04-26 00:05:10"
"20664","NJP25018475","2025-01-25 07:43:52","","2025-04-08 21:44:31"
"20663","TXP25018505","2025-01-24 18:59:14","","2025-03-27 10:03:24"
"20662","NJP25018769","2025-01-24 18:54:53","","2025-03-26 02:50:41"
"20661","TXP25018036","2025-01-24 17:47:08","","2025-01-30 04:42:43"
"20660","CAP25018622","2025-01-24 16:03:32","","2025-02-07 05:52:49"
"20659","ILP25018920","2025-01-24 13:25:23","","2025-04-02 18:51:18"
"20658","CAP25018593","2025-01-24 13:04:14","","2025-03-15 22:11:37"
"20657","NJP25018840","2025-01-24 10:31:16","","2025-03-20 21:52:15"
"20656","ILP25018052","2025-01-24 09:26:22","","2025-01-29 04:55:54"
"20655","NJP25018806","2025-01-24 08:31:01","","2025-04-03 23:11:24"
"20654","NJP25018864","2025-01-23 17:13:32","","2025-03-16 09:31:23"
"20653","TXP25018910","2025-01-23 13:22:15","","2025-01-25 08:32:05"
"20652","CAP25018003","2025-01-23 11:44:48","","2025-03-16 08:05:54"
"20651","TXP25018639","2025-01-23 09:58:21","","2025-01-31 21:49:11"
"20650","NWP25018361","2025-01-23 09:40:21","","2025-03-11 17:07:08"
"20649","ILP25018986","2025-01-23 07:37:59","","2025-03-04 07:11:55"
"20648","NWP25018778","2025-01-22 17:27:59","","2025-03-14 17:24:08"
"20647","TXP25019067","2025-01-22 17:21:01","2025-02-16","2025-04-11 12:10:28"
"20646","ILP25019043","2025-01-22 15:02:16","","2025-02-19 14:46:52"
"20645","ILP25018291","2025-01-22 13:11:31","","2025-03-01 12:57:26"
"20644","CAP25018839","2025-01-22 11:48:41","","2025-03-17 19:35:01"
"20643","NWP25018223","2025-01-22 11:41:27","","2025-04-05 03:49:29"
"20642","NWP25018648","2025-01-22 08:06:52","2025-02-10","2025-03-30 09:58:06"
"20641","CAP25018191","2025-01-21 15:12:24","","2025-02-02 19:20:19"
"20640","NWP25018825","2025-01-21 14:13:30","","2025-04-01 11:14:34"
"20639","TXP25018783","2025-01-21 13:07:30","2025-02-12","2025-03-20 17:53:32"
"20638","NWP25018327","2025-01-21 11:57:49","","2025-03-31 23:30:29"
"20637","ILP25018530","2025-01-21 09:32:40","","2025-02-01 10:02:33"
"20636","CAP25018701","2025-01-21 08:45:05","","2025-03-26 23:20:41"
"20635","NWP25018167","2025-01-20 18:37:28","","2025-02-03 18:55:56"
"20634","CAP25018538","2025-01-20 17:29:41","","2025-03-29 00:46:54"
"20633","NWP25018137","2025-01-20 16:52:18","","2025-03-08 16:53:46"
"20632","CAP25019158","2025-01-20 14:55:36","","2025-02-23 08:12:03"
"20631","ILP25018780","2025-01-20 14:41:59","","2025-01-24 10:30:52"
"20630","ILP25018105","2025-01-20 10:39:40","","2025-02-15 14:19:11"
"20629","CAP25018286","2025-01-20 10:32:40","","2025-01-26 02:58:55"
"20628","NJP25018685","2025-01-20 09:16:27","","2025-03-10 02:33:12"
"20627","TXP25018243","2025-01-20 08:30:07","","2025-02-02 15:21:26"
"20626","NJP25018500","2025-01-20 08:15:36","","2025-01-30 13:56:03"
"20625","ILP25018006","2025-01-19 18:59:41","","2025-03-02 23:57:32"
"20624","ILP25018671","2025-01-19 16:02:44","2025-02-04","2025-03-17 18:35:10"
"20623","TXP25018638","2025-01-19 14:45:53","","2025-01-30 14:20:24"
"20622","NWP25018721","2025-01-19 13:35:54","","2025-01-26 05:38:51"
"20621","TXP25018035","2025-01-19 13:02:40","","2025-01-24 19:11:49"
"20620","NWP25018445","2025-01-19 09:47:22","","2025-01-31 00:56:54"
"20619","NJP25018719","2025-01-19 08:07:05","","2025-01-21 17:42:31"
"20618","CAP25018421","2025-01-19 08:01:00","","2025-03-19 04:05:13"
"20617","ILP25018167","2025-01-18 19:06:50","","2025-01-30 21:25:32"
"20616","ILP25018243","2025-01-18 18:55:39","","2025-01-25 01:44:38"
"20615","TXP25018373","2025-01-18 18:21:11","","2025-01-23 17:31:48"
"20614","CAP25018036","2025-01-18 11:53:52","","2025-01-22 21:31:38"
"20613","NJP25018546","2025-01-18 10:22:00","","2025-03-30 18:06:28"
"20612","CAP25018470","2025-01-18 07:29:39","2025-01-31","2025-03-09 01:26:51"
"20611","TXP25018190","2025-01-17 19:06:43","","2025-03-07 05:06:10"
"20610","CAP25019027","2025-01-17 15:37:51","2025-02-06","2025-03-20 01:32:34"
"20609","NWP25018035","2025-01-17 08:01:55","","2025-01-21 20:08:54"
"20608","TXP25018909","2025-01-16 18:31:27","","2025-01-21 00:39:01"
"20607","TXP25019114","2025-01-16 17:30:37","","2025-03-13 18:27:16"
"20606","TXP25018861","2025-01-16 15:06:48","","2025-03-03 11:34:50"
"20605","TXP25018761","2025-01-16 14:50:52","","2025-03-18 18:13:06"
"20604","TXP25018542","2025-01-16 14:18:13","","2025-03-08 21:10:07"
"20603","TXP25018483","2025-01-16 14:05:09","","2025-03-19 17:05:32"
"20602","CAP25018923","2025-01-16 13:06:22","","2025-01-22 07:28:08"
"20601","CAP25018800","2025-01-16 12:59:31","","2025-03-09 21:18:43"
"20600","NJP25018043","2025-01-16 12:01:52","","2025-01-22 02:01:53"
"20599","ILP25018944","2025-01-16 10:43:56","","2025-03-08 20:22:58"
"20598","ILP25018615","2025-01-15 19:13:31","","2025-03-25 21:13:06"
"20597","ILP25018373","2025-01-15 17:21:14","2025-01-27","2025-03-26 16:40:12"
"20596","ILP25018779","2025-01-15 15:28:39","","2025-01-19 17:19:42"
"20595","NJP25018960","2025-01-15 14:17:14","","2025-03-29 11:17:09"
"20594","ILP25018468","2025-01-15 13:22:33","","2025-03-22 04:11:43"
"20593","NWP25018590","2025-01-15 12:30:13","","2025-03-17 17:42:18"
"20592","NJP25018152","2025-01-15 09:18:28","","2025-01-29 05:28:41"
"20591","NJP25018241","2025-01-15 08:18:51","","2025-01-18 21:40:13"
"20590","TXP25018034","2025-01-15 08:09:29","","2025-01-21 05:43:12"
"20589","TXP25018147","2025-01-14 16:32:17","","2025-02-22 16:24:44"
"20588","CAP25018757","2025-01-14 14:56:09","","2025-03-03 07:24:28"
"20587","TXP25018590","2025-01-14 14:45:09","","2025-03-15 23:06:42"
"20586","TXP25018637","2025-01-14 14:22:59","","2025-01-22 19:44:30"
"20585","NJP25018005","2025-01-14 10:54:46","","2025-03-12 17:22:40"
"20584","CAP25018621","2025-01-14 10:36:46","","2025-01-25 04:48:06"
"20583","CAP25018285","2025-01-14 08:53:29","","2025-01-20 20:08:13"
"20582","CAP25019085","2025-01-14 08:24:13","","2025-03-11 20:34:38"
"20581","CAP25018035","2025-01-13 17:45:52","","2025-01-18 11:40:07"
"20580","TXP25019020","2025-01-13 16:12:03","","2025-03-05 02:39:28"
"20579","NJP25018285","2025-01-13 13:40:21","","2025-03-02 17:17:39"
"20578","ILP25018638","2025-01-13 12:37:05","","2025-02-15 15:58:08"
"20577","ILP25018529","2025-01-13 11:50:05","","2025-01-25 14:39:09"
"20576","ILP25018697","2025-01-13 09:20:47","","2025-03-15 15:18:38"
"20575","CAP25019109","2025-01-13 08:22:20","","2025-03-06 15:36:27"
"20574","ILP25018436","2025-01-12 16:40:21","2025-01-26","2025-03-06 15:22:11"
"20573","NWP25018166","2025-01-12 13:13:30","","2025-01-27 20:00:33"
"20572","NJP25018904","2025-01-12 12:58:53","","2025-02-28 18:43:15"
"20571","ILP25018985","2025-01-12 11:19:05","","2025-02-19 15:23:47"
"20570","NWP25018258","2025-01-12 10:11:32","","2025-01-18 06:58:51"
"20569","TXP25018337","2025-01-12 10:00:09","","2025-03-15 10:11:59"
"20568","NJP25018638","2025-01-12 07:42:48","","2025-03-25 17:10:29"
"20567","NWP25018416","2025-01-11 19:03:22","","2025-02-27 18:02:03"
"20566","NJP25018355","2025-01-11 14:55:25","","2025-02-27 16:18:38"
"20565","NWP25018558","2025-01-11 14:52:53","","2025-03-08 22:14:30"
"20564","CAP25018922","2025-01-11 14:38:50","","2025-01-15 11:35:46"
"20563","TXP25018242","2025-01-11 10:55:29","","2025-01-26 06:17:57"
"20562","CAP25019185","2025-01-11 10:20:19","","2025-03-07 11:17:42"
"20561","ILP25018290","2025-01-11 07:53:07","2025-01-15","2025-02-14 16:54:10"
"20560","TXP25019171","2025-01-10 15:20:45","","2025-03-01 21:21:57"
"20559","TXP25018033","2025-01-10 14:51:29","","2025-01-15 23:00:03"
"20558","TXP25018836","2025-01-10 14:09:41","","2025-03-13 00:40:20"
"20557","ILP25018051","2025-01-10 12:47:46","","2025-01-15 10:19:27"
"20556","NJP25018438","2025-01-10 11:37:55","","2025-03-20 20:34:16"
"20555","ILP25019069","2025-01-10 08:18:54","","2025-03-27 05:19:15"
"20554","CAP25018838","2025-01-10 07:59:11","","2025-03-16 04:53:50"
"20553","ILP25018210","2025-01-09 16:08:00","","2025-03-28 03:21:12"
"20552","NWP25018521","2025-01-09 14:43:34","","2025-03-12 07:17:15"
"20551","TXP25018440","2025-01-09 12:54:05","","2025-02-24 22:23:29"
"20550","TXP25018372","2025-01-09 12:39:23","","2025-01-15 15:21:21"
"20549","NJP25018398","2025-01-09 09:19:12","","2025-03-11 16:30:48"
"20548","NWP25018444","2025-01-09 07:52:17","","2025-01-21 19:25:35"
"20547","TXP25018908","2025-01-09 07:47:17","","2025-01-13 16:35:50"
"20546","NWP25018034","2025-01-08 19:10:37","","2025-01-12 10:55:54"
"20545","NWP25018720","2025-01-08 18:51:10","2025-01-09","2025-01-12 14:43:29"
"20544","CAP25018034","2025-01-08 17:02:58","","2025-01-14 15:16:15"
"20543","NJP25018151","2025-01-08 15:01:08","","2025-01-24 11:18:55"
"20542","TXP25018636","2025-01-08 13:55:30","","2025-01-17 20:37:14"
"20541","ILP25018778","2025-01-08 11:19:07","","2025-01-10 03:03:37"
"20540","CAP25018284","2025-01-08 10:54:06","","2025-01-14 17:27:52"
"20539","NJP25018112","2025-01-08 09:45:50","","2025-02-27 08:33:40"
"20538","NJP25018863","2025-01-08 09:28:43","","2025-02-27 15:34:15"
"20537","TXP25019066","2025-01-08 09:10:46","","2025-03-16 21:19:05"
"20536","NJP25018805","2025-01-07 18:36:18","","2025-04-02 00:14:07"
"20535","NJP25018718","2025-01-07 16:37:19","","2025-01-12 05:22:46"
"20534","CAP25018883","2025-01-07 11:23:54","","2025-02-24 21:01:26"
"20533","CAP25018700","2025-01-07 11:13:35","","2025-03-13 18:47:52"
"20532","ILP25018372","2025-01-07 10:27:52","","2025-03-30 09:31:22"
"20531","ILP25018886","2025-01-07 09:17:35","2025-01-27","2025-02-27 12:43:37"
"20530","TXP25019149","2025-01-07 08:20:24","","2025-02-23 04:24:03"
"20529","ILP25018139","2025-01-06 18:10:20","","2025-02-17 14:27:04"
"20528","CAP25019026","2025-01-06 16:18:47","","2025-02-19 22:44:50"
"20527","CAP25018921","2025-01-06 15:02:58","","2025-01-10 19:51:01"
"20526","NWP25018301","2025-01-06 14:45:32","","2025-03-05 18:22:20"
"20525","NJP25018602","2025-01-06 13:59:55","","2025-03-07 16:46:05"
"20524","ILP25018166","2025-01-06 12:51:26","","2025-01-21 11:16:33"
"20523","CAP25018190","2025-01-06 12:10:14","","2025-01-17 03:06:00"
"20522","CAP25019218","2025-01-06 10:21:19","","2025-03-07 09:28:47"
"20521","CAP25018469","2025-01-06 08:35:31","","2025-02-25 06:12:17"
"20520","TXP25018002","2025-01-06 08:23:35","","2025-02-20 05:19:15"
"20519","CAP25018537","2025-01-05 19:43:14","","2025-03-12 18:19:59"
"20518","NWP25018589","2025-01-05 17:49:05","","2025-03-15 08:02:18"
"20517","TXP25018032","2025-01-05 12:31:51","","2025-01-09 19:51:51"
"20516","CAP25018241","2025-01-05 11:43:28","","2025-03-20 15:12:01"
"20515","NWP25018799","2025-01-05 10:06:16","","2025-03-09 12:58:02"
"20514","NWP25018647","2025-01-05 10:05:56","","2025-02-28 22:57:04"
"20513","CAP25018620","2025-01-05 09:27:23","2025-01-07","2025-01-11 05:04:44"
"20512","TXP25018782","2025-01-04 17:56:32","","2025-03-01 19:11:36"
"20511","NWP25018824","2025-01-04 17:09:32","","2025-03-01 04:39:09"
"20510","NWP25018360","2025-01-04 16:01:27","","2025-02-25 07:44:21"
"20509","NJP25018903","2025-01-04 15:40:09","","2025-02-21 11:47:21"
"20508","NWP25018896","2025-01-04 15:40:01","","2025-02-18 09:28:24"
"20507","ILP25018342","2025-01-04 15:30:43","","2025-03-06 06:10:27"
"20506","NJP25018320","2025-01-04 15:17:57","","2025-03-16 23:24:16"
"20505","NJP25018545","2025-01-04 15:13:03","","2025-03-05 13:20:56"
"20504","TXP25018189","2025-01-04 10:43:45","","2025-02-20 07:28:37"
"20503","TXP25018241","2025-01-04 10:27:56","","2025-01-20 17:02:54"
"20502","CAP25018283","2025-01-04 10:21:23","","2025-01-07 18:29:44"
"20501","ILP25018528","2025-01-04 09:07:50","","2025-01-14 22:38:23"
"20500","ILP25018242","2025-01-04 08:11:01","","2025-01-11 11:58:53"
"20499","TXP25018907","2025-01-03 13:51:24","2025-01-05","2025-01-09 13:23:07"
"20498","CAP25018160","2025-01-03 09:31:26","2025-01-22","2025-02-21 05:17:17"
"20497","NWP25018868","2025-01-03 09:13:12","","2025-03-13 08:08:17"
"20496","TXP25019019","2025-01-02 18:42:52","","2025-02-27 01:34:01"
"20495","NWP25018443","2025-01-02 18:04:09","","2025-01-15 10:31:08"
"20494","NJP25018768","2025-01-02 15:04:58","2025-01-16","2025-02-14 08:44:30"
"20493","NWP25018033","2025-01-02 11:53:16","","2025-01-07 14:39:23"
"20492","TXP25018566","2025-01-02 08:46:32","","2025-02-26 06:25:24"
"20491","TXP25018635","2025-01-02 08:41:47","","2025-01-10 06:27:56"
"20490","ILP25018005","2025-01-01 18:10:01","","2025-02-17 21:53:09"
"20489","ILP25018777","2025-01-01 17:47:05","","2025-01-08 01:16:33"
"20488","NJP25018150","2025-01-01 17:33:03","","2025-01-10 22:02:51"
"20487","NJP25018004","2025-01-01 16:57:22","","2025-02-17 15:36:39"
"20486","NJP25018499","2025-01-01 16:28:41","","2025-01-11 07:49:01"
"20485","NWP25018165","2025-01-01 14:40:23","","2025-01-13 21:43:06"
"20484","CAP25018033","2025-01-01 14:10:12","","2025-01-06 15:12:40"
"20483","TXP25018504","2025-01-01 11:48:14","","2025-02-20 17:51:50"
"20482","ILP25018741","2025-01-01 09:21:27","","2025-02-22 08:44:08"
"20481","NWP25018395","2025-01-01 09:11:20","","2025-03-16 01:39:40"
"20480","NWP24128257","2024-12-31 16:30:26","","2025-01-05 16:25:31"
"20479","CAP24129108","2024-12-31 14:39:07","2025-01-16","2025-03-03 22:14:00"
"20478","ILP24128497","2024-12-31 12:41:43","","2025-03-07 08:21:36"
"20477","TXP24128031","2024-12-31 12:39:01","","2025-01-05 21:11:04"
"20476","NJP24128042","2024-12-31 08:28:17","","2025-01-03 15:20:10"
"20475","ILP24128371","2024-12-30 19:37:12","","2025-02-11 10:07:11"
"20474","TXP24128906","2024-12-30 15:28:32","","2025-01-05 00:12:09"
"20473","ILP24128527","2024-12-30 14:41:59","","2025-01-17 19:21:36"
"20472","TXP24128146","2024-12-30 13:05:05","","2025-02-08 19:40:45"
"20471","NWP24128719","2024-12-30 10:18:57","","2025-01-03 19:53:17"
"20470","CAP24128920","2024-12-30 09:28:20","","2025-01-03 16:21:17"
"20469","CAP24128756","2024-12-30 08:42:36","","2025-02-22 13:53:35"
"20468","NJP24128240","2024-12-29 18:09:46","","2025-01-02 16:47:37"
"20467","ILP24128670","2024-12-29 15:44:16","","2025-02-02 12:46:12"
"20466","CAP24128443","2024-12-29 15:42:45","","2025-04-09 01:55:36"
"20465","CAP24128282","2024-12-29 14:21:58","","2025-01-02 21:11:28"
"20464","NJP24128684","2024-12-29 14:10:56","","2025-02-10 10:40:13"
"20463","NJP24128661","2024-12-29 12:49:21","","2025-02-25 03:30:12"
"20462","TXP24128371","2024-12-29 12:40:35","2024-12-30","2025-01-02 05:37:35"
"20461","TXP24128814","2024-12-29 12:31:53","","2025-03-04 15:05:32"
"20460","ILP24128467","2024-12-29 07:31:11","","2025-03-09 20:32:57"
"20459","CAP24129025","2024-12-28 19:42:42","","2025-02-10 17:39:42"
"20458","NWP24128222","2024-12-28 16:24:47","","2025-03-01 01:54:52"
"20457","ILP24128984","2024-12-28 16:22:50","","2025-02-21 17:55:34"
"20456","TXP24128439","2024-12-28 14:21:32","","2025-02-08 02:33:53"
"20455","CAP24128398","2024-12-28 13:07:00","","2025-02-04 10:46:44"
"20454","ILP24128943","2024-12-28 12:46:38","","2025-03-04 14:35:16"
"20453","NWP24128326","2024-12-28 11:52:30","","2025-03-03 18:42:03"
"20452","TXP24128589","2024-12-28 11:14:33","2025-01-09","2025-02-26 13:12:40"
"20451","ILP24128776","2024-12-28 11:04:21","","2024-12-31 10:26:59"
"20450","TXP24128860","2024-12-28 10:06:01","2025-01-14","2025-02-12 05:57:21"
"20449","ILP24128104","2024-12-28 07:48:47","","2025-02-10 11:16:36"
"20448","CAP24128189","2024-12-27 19:44:01","","2025-01-09 17:50:24"
"20447","CAP24128468","2024-12-27 17:12:53","","2025-02-17 01:18:39"
"20446","ILP24128696","2024-12-27 17:12:22","","2025-02-05 21:40:53"
"20445","NJP24128397","2024-12-27 15:25:42","2025-01-13","2025-02-10 23:04:17"
"20444","NJP24128088","2024-12-27 14:16:27","2025-01-05","2025-02-11 04:31:29"
"20443","TXP24128030","2024-12-27 13:40:08","","2025-01-01 20:29:12"
"20442","CAP24128837","2024-12-27 10:59:12","2025-01-15","2025-02-25 02:13:30"
"20441","TXP24128240","2024-12-27 10:16:05","2024-12-29","2025-01-11 21:24:38"
"20440","CAP24128592","2024-12-27 09:49:35","","2025-02-03 14:51:00"
"20439","ILP24129042","2024-12-27 09:02:39","","2025-02-22 02:14:15"
"20438","TXP24128634","2024-12-27 08:28:15","","2025-01-02 08:33:01"
"20437","NWP24128003","2024-12-27 08:13:18","","2025-02-18 00:32:48"
"20436","NWP24128520","2024-12-26 19:43:22","2025-01-12","2025-02-22 12:23:50"
"20435","CAP24128032","2024-12-26 18:34:50","","2024-12-31 14:57:32"
"20434","CAP24129157","2024-12-26 18:04:05","","2025-01-28 06:25:32"
"20433","TXP24128336","2024-12-26 17:13:30","","2025-03-01 20:20:06"
"20432","CAP24128799","2024-12-26 16:36:09","","2025-03-22 03:26:32"
"20431","CAP24128619","2024-12-26 15:07:53","","2025-01-02 15:30:01"
"20430","ILP24128289","2024-12-26 14:15:47","","2025-02-17 10:59:03"
"20429","ILP24128050","2024-12-26 11:15:53","","2024-12-31 02:27:10"
"20428","NWP24128777","2024-12-26 10:19:42","","2025-02-21 01:18:13"
"20427","NJP24128717","2024-12-26 08:39:20","","2024-12-29 17:49:20"
"20426","NWP24128032","2024-12-25 14:38:02","","2024-12-29 14:03:31"
"20425","TXP24129113","2024-12-25 14:19:57","2025-01-19","2025-03-03 13:36:16"
"20424","NJP24128474","2024-12-25 10:23:17","","2025-03-02 01:02:54"
"20423","ILP24128919","2024-12-25 08:04:59","","2025-03-02 15:06:04"
"20422","CAP24128281","2024-12-24 18:46:38","2024-12-25","2024-12-29 18:57:44"
"20421","TXP24129065","2024-12-24 11:58:15","","2025-03-06 01:35:52"
"20420","NJP24128217","2024-12-24 11:26:01","","2025-02-16 13:19:29"
"20419","TXP24128905","2024-12-24 10:03:20","","2024-12-29 15:18:47"
"20418","CAP24129184","2024-12-24 07:40:26","2025-01-15","2025-02-18 20:17:28"
"20417","ILP24128637","2024-12-23 19:33:16","","2025-02-03 05:03:35"
"20416","CAP24128699","2024-12-23 19:18:29","","2025-03-01 08:00:43"
"20415","ILP24128241","2024-12-23 18:06:38","","2024-12-29 18:01:28"
"20414","NWP24128116","2024-12-23 17:58:26","","2025-02-12 15:42:06"
"20413","NJP24128902","2024-12-23 17:26:33","","2025-01-19 01:00:08"
"20412","TXP24128029","2024-12-23 16:36:10","","2024-12-28 02:35:24"
"20411","NJP24128544","2024-12-23 16:23:06","","2025-02-20 23:10:58"
"20410","ILP24128526","2024-12-23 14:41:53","","2025-01-01 05:56:55"
"20409","NJP24128354","2024-12-23 11:04:56","","2025-02-02 11:15:16"
"20408","CAP24128919","2024-12-22 17:16:27","","2024-12-27 08:51:32"
"20407","NJP24128959","2024-12-22 17:12:51","","2025-02-17 07:08:44"
"20406","NJP24128437","2024-12-22 15:42:46","","2025-02-13 03:14:56"
"20405","NWP24128588","2024-12-22 14:53:36","","2025-03-01 19:07:14"
"20404","NWP24128442","2024-12-22 14:45:21","","2025-01-01 18:20:29"
"20403","NWP24128823","2024-12-22 12:32:17","","2025-02-11 07:52:35"
"20402","NJP24128839","2024-12-22 11:06:34","","2025-02-10 05:23:31"
"20401","NWP24128136","2024-12-22 10:56:25","","2025-01-25 23:41:27"
"20400","CAP24128536","2024-12-22 10:15:03","","2025-02-24 03:47:30"
"20399","NJP24128111","2024-12-22 09:23:39","","2025-01-26 02:31:17"
"20398","TXP24128541","2024-12-22 08:50:49","","2025-02-22 06:33:49"
"20397","TXP24128633","2024-12-22 08:21:10","","2024-12-30 00:26:57"
"20396","CAP24128240","2024-12-22 07:54:23","","2025-03-01 04:46:49"
"20395","CAP24128031","2024-12-21 19:07:21","","2024-12-25 19:03:25"
"20394","NJP24128284","2024-12-21 18:36:45","","2025-02-04 16:00:10"
"20393","ILP24128775","2024-12-21 17:02:53","","2024-12-27 14:39:06"
"20392","NJP24128804","2024-12-21 16:51:11","","2025-02-19 08:58:16"
"20391","ILP24128165","2024-12-21 13:18:21","","2025-01-09 16:03:47"
"20390","TXP24128370","2024-12-21 12:44:56","","2024-12-26 18:38:54"
"20389","NWP24128646","2024-12-21 11:11:24","","2025-02-20 17:50:20"
"20388","NJP24128149","2024-12-21 10:39:08","","2025-01-05 19:01:03"
"20387","TXP24128188","2024-12-21 08:58:18","","2025-01-30 02:41:31"
"20386","TXP24128239","2024-12-21 08:38:59","","2025-01-06 19:41:31"
"20385","ILP24128983","2024-12-20 18:02:55","","2025-02-09 07:16:42"
"20384","CAP24129217","2024-12-20 16:15:48","","2025-02-24 20:11:44"
"20383","NJP24128637","2024-12-20 10:23:04","","2025-02-18 02:33:03"
"20382","CAP24128139","2024-12-20 10:10:23","","2025-02-20 10:03:16"
"20381","TXP24128835","2024-12-20 09:39:27","","2025-02-19 22:52:13"
"20380","TXP24128904","2024-12-19 18:22:01","","2024-12-24 22:49:38"
"20379","NJP24128041","2024-12-19 16:32:59","","2024-12-25 07:06:10"
"20378","ILP24128885","2024-12-19 16:13:24","","2025-02-05 17:13:55"
"20377","NJP24128601","2024-12-19 16:05:07","","2025-01-20 19:32:59"
"20376","CAP24128467","2024-12-19 14:36:22","","2025-02-11 18:06:51"
"20375","NWP24128359","2024-12-19 12:03:00","","2025-02-26 09:56:42"
"20374","CAP24128002","2024-12-18 19:05:50","","2025-02-11 02:46:57"
"20373","TXP24128632","2024-12-18 14:43:20","","2024-12-31 02:44:12"
"20372","NWP24128031","2024-12-18 13:13:17","2024-12-20","2024-12-24 10:34:43"
"20371","NJP24128862","2024-12-18 13:06:24","","2025-02-01 23:20:53"
"20370","CAP24128618","2024-12-18 12:50:56","","2025-01-01 15:58:55"
"20369","CAP24128280","2024-12-18 10:23:20","","2024-12-22 06:59:44"
"20368","NWP24128164","2024-12-18 09:38:28","","2024-12-31 20:12:36"
"20367","NJP24128003","2024-12-18 09:06:30","","2025-01-27 18:34:36"
"20366","TXP24128028","2024-12-17 19:42:05","2024-12-19","2024-12-22 16:21:10"
"20365","TXP24129170","2024-12-17 15:22:31","","2025-02-06 14:32:50"
"20364","TXP24128482","2024-12-17 12:47:35","","2025-01-14 08:46:50"
"20363","CAP24128420","2024-12-17 12:15:40","","2025-02-12 21:10:22"
"20362","NWP24128718","2024-12-17 08:33:26","","2024-12-21 15:36:19"
"20361","CAP24128918","2024-12-16 18:19:31","","2024-12-23 08:36:58"
"20360","TXP24129018","2024-12-16 16:28:31","","2025-02-14 17:41:28"
"20359","ILP24128049","2024-12-16 16:09:11","","2024-12-20 18:26:01"
"20358","ILP24128370","2024-12-16 15:28:32","","2025-02-11 23:18:04"
"20357","ILP24128942","2024-12-16 14:54:17","","2025-02-10 12:05:52"
"20356","NWP24128695","2024-12-16 10:44:27","2024-12-25","2025-01-20 08:54:39"
"20355","TXP24128145","2024-12-16 09:39:46","","2025-01-28 08:26:12"
"20354","ILP24128774","2024-12-15 19:03:32","","2024-12-22 00:41:47"
"20353","CAP24128030","2024-12-15 18:46:23","","2024-12-20 14:11:36"
"20352","CAP24128836","2024-12-15 15:58:39","","2025-02-09 21:18:36"
"20351","CAP24128882","2024-12-15 12:49:05","2024-12-21","2025-02-02 20:36:33"
"20350","CAP24128698","2024-12-15 09:25:46","","2025-02-08 03:40:17"
"20349","NWP24128300","2024-12-15 09:22:03","","2025-02-13 01:20:49"
"20348","ILP24128525","2024-12-15 08:07:09","","2024-12-25 04:04:33"
"20347","TXP24128631","2024-12-14 19:47:14","","2024-12-26 14:38:49"
"20346","ILP24128740","2024-12-14 18:49:59","2024-12-20","2025-02-05 19:31:13"
"20345","NJP24128767","2024-12-14 17:42:45","","2025-02-20 18:44:15"
"20344","NWP24128256","2024-12-14 17:24:55","","2024-12-17 07:57:31"
"20343","ILP24128004","2024-12-14 15:54:41","","2025-02-02 00:10:28"
"20342","TXP24128238","2024-12-14 15:01:25","","2024-12-29 16:41:04"
"20341","CAP24129107","2024-12-14 13:34:58","","2025-02-14 11:09:35"
"20340","TXP24128438","2024-12-14 12:47:59","","2025-02-04 04:10:17"
"20339","CAP24129024","2024-12-14 11:58:55","","2025-02-03 11:14:51"
"20338","NJP24128716","2024-12-14 09:02:06","","2024-12-19 01:14:02"
"20337","TXP24128903","2024-12-14 08:58:30","","2024-12-18 20:07:41"
"20336","NJP24128498","2024-12-14 08:11:14","","2024-12-25 09:13:14"
"20335","ILP24128341","2024-12-14 07:36:03","","2025-02-25 04:07:25"
"20334","NJP24128148","2024-12-13 17:32:48","","2024-12-29 09:00:15"
"20333","NJP24128239","2024-12-13 17:25:34","2024-12-15","2024-12-18 17:47:53"
"20332","CAP24128188","2024-12-13 14:29:14","","2024-12-30 15:17:21"
"20331","ILP24128435","2024-12-13 14:13:30","","2025-02-06 14:18:47"
"20330","TXP24128369","2024-12-13 12:51:49","","2024-12-20 12:02:22"
"20329","ILP24128288","2024-12-13 11:50:52","","2025-01-21 07:43:08"
"20328","TXP24128760","2024-12-13 11:28:02","","2025-02-17 12:19:45"
"20327","NJP24128543","2024-12-13 09:18:34","","2025-02-10 01:15:56"
"20326","CAP24128755","2024-12-12 16:04:41","","2025-01-17 20:48:24"
"20325","NJP24128353","2024-12-12 16:02:43","2024-12-28","2025-01-24 17:28:07"
"20324","NWP24128441","2024-12-12 15:22:38","","2024-12-22 03:51:43"
"20323","NJP24128901","2024-12-12 12:32:31","","2025-02-15 18:43:03"
"20322","CAP24128279","2024-12-12 11:44:11","","2024-12-18 22:51:54"
"20321","NWP24128557","2024-12-12 10:16:13","","2025-01-19 19:57:30"
"20320","ILP24128209","2024-12-12 07:59:54","","2025-02-05 20:44:38"
"20319","NJP24128683","2024-12-11 18:39:12","","2025-01-22 12:47:27"
"20318","ILP24128695","2024-12-11 18:18:08","","2025-02-13 06:35:41"
"20317","TXP24128630","2024-12-11 18:14:28","","2024-12-24 23:36:09"
"20316","TXP24128027","2024-12-11 16:38:12","","2024-12-15 17:31:55"
"20315","CAP24128535","2024-12-11 10:09:54","","2025-02-08 16:00:24"
"20314","CAP24128798","2024-12-10 18:27:55","","2025-02-11 17:01:14"
"20313","NWP24128645","2024-12-10 17:32:11","2024-12-16","2025-02-04 02:05:07"
"20312","CAP24128159","2024-12-10 16:08:31","","2025-01-29 05:35:04"
"20311","NWP24128221","2024-12-10 14:41:03","","2025-02-14 16:03:25"
"20310","NWP24128519","2024-12-10 13:59:00","","2025-02-10 07:18:58"
"20309","CAP24128617","2024-12-10 13:23:01","","2024-12-21 19:39:57"
"20308","ILP24128982","2024-12-10 12:33:38","","2025-01-28 05:54:42"
"20307","ILP24128138","2024-12-10 10:39:23","","2025-01-29 04:46:03"
"20306","TXP24128503","2024-12-10 10:37:01","","2025-01-31 10:29:35"
"20305","CAP24128917","2024-12-10 08:15:02","","2024-12-15 07:23:57"
"20304","TXP24128859","2024-12-09 16:41:20","","2025-01-23 11:34:28"
"20303","NJP24128319","2024-12-09 15:09:43","2024-12-22","2025-02-05 20:01:42"
"20302","ILP24128164","2024-12-09 10:50:10","","2024-12-23 11:38:51"
"20301","TXP24129064","2024-12-08 18:36:53","","2025-02-09 19:41:09"
"20300","TXP24128781","2024-12-08 18:05:34","","2025-01-19 10:42:09"
"20299","NJP24128396","2024-12-08 17:03:53","","2025-02-02 00:47:52"
"20298","NWP24128587","2024-12-08 11:51:02","","2025-01-29 01:08:43"
"20297","NWP24128895","2024-12-08 11:50:40","2024-12-24","2025-01-26 18:18:18"
"20296","NWP24128822","2024-12-08 10:44:29","","2025-02-09 14:05:08"
"20295","ILP24128240","2024-12-08 10:06:25","","2024-12-13 01:40:52"
"20294","NWP24128798","2024-12-08 09:49:07","","2025-02-24 14:38:25"
"20293","ILP24128773","2024-12-08 09:32:01","2024-12-09","2024-12-13 11:14:07"
"20292","NWP24128030","2024-12-08 09:11:19","","2024-12-12 07:44:57"
"20291","TXP24128237","2024-12-08 07:52:09","","2024-12-25 23:14:01"
"20290","CAP24128466","2024-12-07 15:43:36","","2025-01-25 15:25:15"
"20289","NWP24128867","2024-12-07 15:09:12","","2025-01-11 15:49:36"
"20288","CAP24128029","2024-12-07 14:04:23","","2024-12-12 07:26:55"
"20287","NWP24128325","2024-12-07 10:25:40","","2025-01-14 00:01:41"
"20286","TXP24129112","2024-12-07 09:14:53","","2025-01-25 22:08:31"
"20285","TXP24128902","2024-12-07 09:11:14","2024-12-07","2024-12-08 09:43:14"
"20284","NJP24128283","2024-12-07 08:13:11","","2025-01-21 04:01:30"
"20283","ILP24128614","2024-12-07 08:12:30","","2025-02-03 01:29:26"
"20282","NJP24128803","2024-12-07 07:55:18","","2025-02-20 07:13:47"
"20281","NJP24128436","2024-12-06 18:26:12","","2025-02-05 16:40:11"
"20280","ILP24128369","2024-12-06 16:32:05","","2025-02-04 16:02:03"
"20279","CAP24129023","2024-12-06 15:28:05","2024-12-27","2025-02-02 05:31:50"
"20278","CAP24128278","2024-12-06 15:01:48","","2024-12-13 04:36:27"
"20277","TXP24128629","2024-12-06 13:57:50","","2024-12-14 20:53:42"
"20276","ILP24128524","2024-12-06 10:28:22","","2024-12-16 04:39:40"
"20275","CAP24128697","2024-12-05 19:03:01","","2025-02-10 04:56:29"
"20274","TXP24128588","2024-12-05 12:41:48","","2025-02-21 04:13:47"
"20273","NJP24128147","2024-12-05 10:33:32","","2024-12-17 13:18:42"
"20272","TXP24128026","2024-12-05 09:04:28","","2024-12-10 05:44:13"
"20271","TXP24128187","2024-12-05 08:49:56","2024-12-13","2025-01-10 11:25:17"
"20270","NWP24128163","2024-12-04 18:24:31","2024-12-07","2024-12-19 07:49:16"
"20269","CAP24128397","2024-12-04 17:23:30","","2025-01-19 02:05:08"
"20268","CAP24129156","2024-12-04 16:58:52","","2025-02-01 12:33:48"
"20267","NJP24128040","2024-12-04 14:12:55","","2024-12-11 15:34:59"
"20266","ILP24129068","2024-12-04 13:59:48","","2025-02-13 09:06:24"
"20265","TXP24129017","2024-12-04 13:43:14","","2025-02-02 20:41:26"
"20264","CAP24128916","2024-12-04 08:52:06","2024-12-05","2024-12-09 12:31:33"
"20263","CAP24129106","2024-12-04 08:33:37","","2025-01-23 05:36:24"
"20262","ILP24128636","2024-12-03 19:00:53","","2025-01-19 12:23:49"
"20261","CAP24128028","2024-12-03 15:31:22","","2024-12-08 16:50:19"
"20260","ILP24128048","2024-12-03 14:02:24","","2024-12-09 06:08:32"
"20259","TXP24128368","2024-12-03 13:46:53","2024-12-04","2024-12-09 08:21:31"
"20258","NJP24128900","2024-12-03 13:43:53","2024-12-11","2025-01-08 08:10:00"
"20257","TXP24128144","2024-12-03 12:00:07","","2025-01-18 06:04:59"
"20256","NWP24128717","2024-12-03 11:35:04","2024-12-05","2024-12-09 10:50:19"
"20255","CAP24129084","2024-12-03 10:39:26","","2025-01-24 16:38:07"
"20254","ILP24128103","2024-12-02 17:21:45","","2024-12-12 20:34:29"
"20253","NWP24128358","2024-12-02 17:20:55","","2025-02-09 07:30:37"
"20252","ILP24128772","2024-12-02 16:58:43","","2024-12-08 12:00:17"
"20251","ILP24128918","2024-12-02 16:30:41","","2025-02-11 04:29:03"
"20250","CAP24128534","2024-12-02 15:46:57","","2025-02-07 14:06:39"
"20249","NJP24128542","2024-12-02 15:42:40","","2025-02-07 12:25:56"
"20248","ILP24128496","2024-12-02 15:10:57","","2025-01-27 17:44:38"
"20247","TXP24129148","2024-12-02 15:05:57","","2025-01-08 12:30:05"
"20246","NWP24128440","2024-12-02 12:00:37","","2024-12-13 02:29:19"
"20245","NJP24128110","2024-12-01 18:33:07","","2025-01-23 23:31:18"
"20244","TXP24128236","2024-12-01 17:04:53","","2024-12-16 22:58:52"
"20243","CAP24128239","2024-12-01 16:26:12","","2025-01-17 07:37:05"
"20242","ILP24129041","2024-12-01 15:21:33","","2025-01-13 13:36:41"
"20241","ILP24128884","2024-12-01 14:58:36","","2025-01-20 07:43:28"
"20240","CAP24128616","2024-12-01 07:41:27","","2024-12-13 11:33:39"
"20239","TXP24118001","2024-11-30 19:33:43","","2025-01-13 19:45:52"
"20238","NJP24118861","2024-11-30 19:25:56","","2025-01-31 07:14:18"
"20237","NJP24118958","2024-11-30 16:49:33","","2025-01-26 20:44:19"
"20236","NJP24118600","2024-11-30 16:17:06","","2025-01-10 05:11:07"
"20235","CAP24118881","2024-11-30 15:42:24","","2025-01-20 09:52:08"
"20234","TXP24118901","2024-11-30 13:30:06","","2024-12-05 23:31:53"
"20233","ILP24118287","2024-11-30 12:27:41","","2025-01-28 07:06:21"
"20232","CAP24119216","2024-11-30 11:07:36","","2025-02-02 05:29:27"
"20231","ILP24118466","2024-11-30 11:01:18","","2025-02-06 08:48:40"
"20230","CAP24119183","2024-11-30 11:01:09","","2025-01-19 05:36:14"
"20229","CAP24118277","2024-11-30 08:35:34","","2024-12-04 07:31:12"
"20228","TXP24118628","2024-11-30 07:55:20","","2024-12-09 07:37:21"
"20227","TXP24118565","2024-11-29 18:43:47","","2025-02-12 01:32:02"
"20226","ILP24118981","2024-11-29 17:17:25","2024-12-05","2025-01-03 18:57:15"
"20225","NJP24118636","2024-11-29 17:01:38","","2025-01-30 04:48:28"
"20224","TXP24118025","2024-11-29 16:40:24","","2024-12-05 21:28:25"
"20223","NWP24118029","2024-11-29 14:42:57","2024-11-30","2024-12-03 07:22:39"
"20222","NWP24118135","2024-11-29 12:59:33","","2025-01-17 04:24:24"
"20221","NWP24118415","2024-11-29 09:18:47","","2025-02-15 02:34:54"
"20220","ILP24118523","2024-11-29 07:53:51","","2024-12-09 08:52:44"
"20219","ILP24118669","2024-11-28 18:46:04","","2025-01-21 09:21:55"
"20218","NJP24118715","2024-11-28 18:29:34","","2024-12-04 08:34:00"
"20217","NJP24118002","2024-11-28 17:38:02","","2025-01-14 05:20:25"
"20216","CAP24118915","2024-11-28 15:56:26","","2024-12-03 14:52:49"
"20215","NJP24118352","2024-11-28 14:08:07","","2025-01-29 21:44:51"
"20214","CAP24118027","2024-11-28 13:58:11","","2024-12-03 22:33:55"
"20213","NJP24118473","2024-11-28 13:01:56","","2025-01-09 03:15:55"
"20212","TXP24118335","2024-11-28 11:57:47","","2025-01-21 18:06:03"
"20211","ILP24118941","2024-11-28 08:54:10","","2025-01-13 15:52:13"
"20210","TXP24118540","2024-11-28 07:42:04","","2025-01-23 00:03:47"
"20209","NJP24118087","2024-11-28 07:37:02","","2024-12-30 15:43:09"
"20208","TXP24119169","2024-11-27 17:58:32","","2025-01-30 12:33:15"
"20207","NJP24118766","2024-11-27 17:26:57","","2024-12-30 01:03:05"
"20206","TXP24118437","2024-11-27 14:48:04","","2025-01-05 07:18:13"
"20205","NJP24118660","2024-11-27 13:05:06","","2025-01-31 00:22:16"
"20204","ILP24118771","2024-11-27 11:24:01","","2024-11-29 11:21:01"
"20203","ILP24118694","2024-11-27 08:28:15","","2025-01-16 10:46:29"
"20202","ILP24118003","2024-11-26 18:57:15","","2025-01-20 15:37:15"
"20201","CAP24118465","2024-11-26 17:25:10","","2025-01-17 12:33:07"
"20200","NJP24118238","2024-11-26 17:24:07","","2024-12-02 07:16:37"
"20199","CAP24119022","2024-11-26 15:24:28","","2025-01-16 05:46:53"
"20198","CAP24118187","2024-11-26 15:21:41","","2024-12-14 15:36:24"
"20197","NWP24118644","2024-11-26 13:41:36","2024-12-06","2025-01-20 11:31:05"
"20196","NJP24118838","2024-11-26 13:22:27","","2025-01-25 22:56:50"
"20195","TXP24118813","2024-11-26 13:13:24","","2025-02-11 12:46:53"
"20194","CAP24118276","2024-11-26 13:06:09","","2024-11-29 18:36:12"
"20193","NWP24118586","2024-11-26 12:46:19","","2025-01-20 18:17:48"
"20192","NJP24118146","2024-11-26 11:38:36","2024-11-28","2024-12-08 10:42:03"
"20191","NWP24118821","2024-11-26 11:29:27","","2025-01-31 21:31:39"
"20190","NWP24118255","2024-11-26 10:44:55","","2024-12-02 00:43:21"
"20189","CAP24118138","2024-11-26 07:49:33","","2024-12-25 08:09:19"
"20188","ILP24118239","2024-11-25 18:37:20","","2024-12-03 19:55:46"
"20187","NWP24118776","2024-11-25 15:33:54","","2025-01-20 03:09:43"
"20186","CAP24118835","2024-11-25 15:00:57","","2025-01-26 09:18:56"
"20185","NWP24118394","2024-11-25 14:36:24","2024-12-08","2025-02-04 05:51:31"
"20184","TXP24119063","2024-11-25 11:55:37","","2025-02-11 09:41:43"
"20183","NJP24118216","2024-11-25 11:36:09","","2025-01-21 07:48:33"
"20182","TXP24118235","2024-11-25 10:54:04","","2024-12-04 19:58:53"
"20181","NWP24118518","2024-11-25 10:14:39","","2025-02-03 12:40:51"
"20180","NWP24118115","2024-11-25 07:50:00","","2025-01-06 03:03:26"
"20179","NWP24118439","2024-11-24 19:20:07","","2024-12-03 04:39:21"
"20178","NJP24118282","2024-11-24 18:40:41","","2025-01-09 06:58:30"
"20177","CAP24118797","2024-11-24 17:25:55","","2025-02-03 19:04:17"
"20176","NWP24118162","2024-11-24 14:01:20","","2024-12-06 00:26:58"
"20175","NJP24118497","2024-11-24 13:50:19","","2024-12-04 13:16:05"
"20174","TXP24118627","2024-11-24 13:30:40","","2024-12-02 13:50:28"
"20173","TXP24119111","2024-11-24 13:05:46","","2025-02-07 03:48:44"
"20172","CAP24118754","2024-11-24 11:26:07","","2025-01-01 06:07:30"
"20171","ILP24118368","2024-11-24 10:49:55","","2025-01-21 19:25:29"
"20170","NWP24118002","2024-11-23 18:40:27","","2025-01-15 16:13:41"
"20169","TXP24119016","2024-11-23 15:45:13","2024-12-10","2025-01-06 12:21:25"
"20168","NWP24118299","2024-11-23 14:55:19","","2025-01-10 19:05:38"
"20167","NJP24118802","2024-11-23 13:47:59","","2025-02-06 21:45:06"
"20166","TXP24118481","2024-11-23 13:27:43","","2025-02-05 05:13:30"
"20165","CAP24118615","2024-11-23 09:22:36","","2024-12-05 04:08:40"
"20164","CAP24118026","2024-11-23 09:16:55","","2024-11-28 00:42:20"
"20163","TXP24118858","2024-11-23 09:12:09","","2025-01-07 06:35:17"
"20162","NWP24118716","2024-11-23 09:03:20","","2024-11-29 19:20:23"
"20161","NWP24118028","2024-11-22 19:08:06","","2024-11-28 00:18:14"
"20160","TXP24118367","2024-11-22 18:54:09","","2024-11-27 10:58:29"
"20159","TXP24118024","2024-11-22 18:13:46","","2024-11-27 06:31:22"
"20158","NJP24118899","2024-11-22 16:57:47","","2025-01-13 03:13:57"
"20157","NJP24118682","2024-11-22 15:15:10","","2025-01-11 11:42:01"
"20156","CAP24119105","2024-11-22 14:30:32","","2025-01-21 22:06:29"
"20155","TXP24118900","2024-11-22 13:25:03","2024-11-23","2024-11-27 15:12:15"
"20154","NJP24118435","2024-11-22 12:29:04","","2025-02-04 10:31:48"
"20153","ILP24118163","2024-11-22 08:51:11","","2024-12-02 09:11:28"
"20152","CAP24118696","2024-11-22 08:20:41","","2025-01-19 12:20:30"
"20151","CAP24118914","2024-11-21 17:49:45","","2024-11-22 17:50:45"
"20150","ILP24118522","2024-11-21 15:18:28","","2024-12-04 04:15:39"
"20149","CAP24118275","2024-11-21 14:13:09","","2024-11-27 02:20:35"
"20148","CAP24118442","2024-11-21 12:29:08","","2025-01-22 15:47:03"
"20147","NJP24118541","2024-11-21 12:02:49","","2025-01-05 02:48:47"
"20146","ILP24118770","2024-11-21 11:19:40","2024-11-22","2024-11-23 11:09:22"
"20145","TXP24118186","2024-11-21 10:26:57","","2025-01-04 09:10:01"
"20144","ILP24118980","2024-11-21 09:34:09","2024-12-06","2025-01-11 19:35:41"
"20143","TXP24118626","2024-11-20 19:41:24","","2024-12-03 01:59:58"
"20142","CAP24118591","2024-11-20 18:46:14","2024-12-02","2025-01-29 01:18:23"
"20141","NJP24118039","2024-11-20 13:52:27","2024-11-21","2024-11-24 20:24:22"
"20140","NWP24118220","2024-11-20 12:11:28","","2025-01-25 03:36:47"
"20139","TXP24118143","2024-11-20 10:55:28","2024-11-24","2024-12-09 07:19:46"
"20138","CAP24118025","2024-11-19 09:46:41","","2024-11-24 05:13:33"
"20137","ILP24118047","2024-11-19 07:55:40","","2024-11-24 16:41:31"
"20136","NJP24118395","2024-11-18 14:17:38","","2025-01-26 01:53:16"
"20135","TXP24118023","2024-11-18 13:13:08","","2024-11-24 04:54:20"
"20134","TXP24118502","2024-11-18 08:56:26","","2025-02-02 23:36:14"
"20133","CAP24118533","2024-11-17 18:49:00","","2025-01-21 00:17:01"
"20132","TXP24118234","2024-11-17 16:44:36","","2024-11-22 19:43:13"
"20131","ILP24118208","2024-11-17 15:39:53","","2025-01-09 10:17:23"
"20130","NWP24118357","2024-11-17 14:23:46","","2025-01-14 07:59:15"
"20129","ILP24118286","2024-11-17 10:14:11","","2024-12-28 09:08:59"
"20128","TXP24118759","2024-11-17 08:47:13","","2025-01-15 17:09:38"
"20127","NJP24118318","2024-11-16 15:54:50","","2025-01-11 23:15:41"
"20126","CAP24118464","2024-11-16 15:52:57","","2025-01-01 11:14:09"
"20125","ILP24118739","2024-11-16 15:13:45","","2025-01-04 19:48:36"
"20124","CAP24118001","2024-11-16 15:07:36","","2024-12-28 19:29:42"
"20123","ILP24118434","2024-11-16 11:18:52","","2025-01-05 04:00:24"
"20122","NWP24118643","2024-11-16 09:33:20","","2025-01-16 21:14:22"
"20121","TXP24118899","2024-11-15 19:26:26","2024-11-16","2024-11-21 02:00:53"
"20120","ILP24118940","2024-11-15 17:37:45","","2025-01-10 20:39:53"
"20119","CAP24118158","2024-11-15 17:32:37","","2025-01-04 08:28:13"
"20118","CAP24118614","2024-11-15 16:40:03","","2024-12-01 02:13:42"
"20117","CAP24118274","2024-11-15 15:13:21","","2024-11-20 00:39:32"
"20116","ILP24118002","2024-11-15 12:41:34","","2025-01-10 03:49:13"
"20115","CAP24119215","2024-11-15 12:35:50","","2025-01-08 00:28:29"
"20114","NJP24118145","2024-11-15 11:50:42","","2024-11-25 23:05:45"
"20113","NJP24118237","2024-11-15 10:19:40","","2024-11-20 11:43:20"
"20112","ILP24118769","2024-11-14 17:17:15","","2024-11-18 11:08:56"
"20111","NWP24118585","2024-11-14 17:02:50","","2025-01-13 19:13:16"
"20110","NWP24118324","2024-11-14 16:38:02","","2025-02-07 21:10:54"
"20109","ILP24118521","2024-11-14 16:16:49","","2024-11-27 00:39:37"
"20108","NWP24118438","2024-11-14 14:08:07","","2024-11-27 11:14:03"
"20107","CAP24118913","2024-11-14 10:14:31","","2024-11-17 01:41:43"
"20106","TXP24118625","2024-11-14 10:13:22","","2024-11-25 09:21:32"
"20105","ILP24118102","2024-11-14 09:45:19","","2024-12-20 02:40:26"
"20104","NJP24118599","2024-11-14 08:18:51","","2024-12-30 21:15:31"
"20103","ILP24118465","2024-11-13 19:41:45","","2025-01-13 18:53:20"
"20102","CAP24119021","2024-11-13 18:22:37","","2025-01-02 04:56:58"
"20101","TXP24118366","2024-11-13 18:15:59","","2024-11-19 07:30:54"
"20100","ILP24118137","2024-11-13 15:50:55","","2024-12-17 23:19:59"
"20099","ILP24118693","2024-11-13 15:08:21","","2025-01-07 22:52:16"
"20098","NWP24118254","2024-11-13 14:30:10","2024-11-16","2024-11-20 17:16:17"
"20097","ILP24118495","2024-11-13 13:10:15","2024-11-28","2025-01-10 07:11:58"
"20096","TXP24118834","2024-11-13 10:59:39","","2025-01-14 05:11:17"
"20095","NWP24118556","2024-11-13 10:40:22","","2024-12-25 14:57:42"
"20094","TXP24118022","2024-11-12 17:23:30","","2024-11-17 04:28:25"
"20093","NJP24118714","2024-11-12 16:30:58","","2024-11-19 08:18:50"
"20092","ILP24118340","2024-11-12 15:44:15","2024-12-05","2025-01-12 00:54:11"
"20091","NJP24118540","2024-11-12 14:57:13","","2025-01-21 19:31:34"
"20090","NWP24118866","2024-11-12 13:56:57","","2024-12-25 20:19:08"
"20089","ILP24118367","2024-11-12 13:21:47","","2025-01-21 22:34:46"
"20088","NWP24118027","2024-11-12 13:18:48","","2024-11-18 16:07:21"
"20087","TXP24118898","2024-11-11 18:30:26","","2024-11-18 21:02:54"
"20086","CAP24118695","2024-11-11 17:54:26","","2025-01-01 13:11:50"
"20085","CAP24118024","2024-11-11 17:15:35","","2024-11-15 08:12:10"
"20084","ILP24118635","2024-11-11 08:39:33","","2025-01-17 16:02:32"
"20083","CAP24118273","2024-11-11 08:37:45","","2024-11-17 12:44:25"
"20082","NJP24118801","2024-11-10 19:27:45","","2025-01-26 19:51:06"
"20081","NJP24118898","2024-11-10 19:05:56","","2024-12-19 02:11:29"
"20080","NWP24118161","2024-11-10 18:49:53","2024-11-12","2024-11-24 05:16:33"
"20079","NWP24118715","2024-11-10 18:21:34","2024-11-11","2024-11-15 21:52:17"
"20078","TXP24118587","2024-11-10 17:36:37","","2025-01-13 05:16:40"
"20077","TXP24118436","2024-11-10 14:08:58","","2024-12-27 05:19:40"
"20076","NWP24118797","2024-11-10 11:51:39","","2025-01-23 16:18:49"
"20075","TXP24118780","2024-11-10 10:04:05","","2025-01-04 13:25:51"
"20074","NWP24118517","2024-11-09 19:03:46","","2025-01-12 21:49:53"
"20073","CAP24118186","2024-11-09 17:04:27","","2024-11-19 07:07:50"
"20072","NJP24118860","2024-11-09 12:26:33","","2024-12-27 07:09:12"
"20071","TXP24118233","2024-11-09 12:20:37","","2024-11-19 11:52:19"
"20070","TXP24118624","2024-11-09 11:36:28","","2024-11-18 08:02:33"
"20069","CAP24118834","2024-11-09 10:19:45","","2025-01-03 10:45:55"
"20068","CAP24118238","2024-11-09 08:22:11","","2025-01-07 14:09:14"
"20067","ILP24118768","2024-11-09 08:09:02","","2024-11-13 17:17:48"
"20066","ILP24118979","2024-11-08 19:00:15","2024-11-21","2024-12-19 05:05:59"
"20065","CAP24118419","2024-11-08 14:08:59","","2024-12-22 12:46:03"
"20064","CAP24118796","2024-11-08 13:56:50","2024-11-17","2025-01-05 22:54:36"
"20063","CAP24118396","2024-11-08 13:14:09","","2024-12-17 10:16:47"
"20062","TXP24118539","2024-11-08 12:30:07","","2024-12-21 12:41:54"
"20061","NJP24118351","2024-11-08 11:32:27","2024-11-26","2025-01-05 02:04:07"
"20060","NWP24118437","2024-11-08 11:08:57","","2024-11-18 22:03:32"
"20059","NWP24118894","2024-11-08 10:28:05","","2025-01-06 16:25:41"
"20058","CAP24119104","2024-11-08 10:21:26","","2025-01-22 12:45:52"
"20057","ILP24118883","2024-11-08 07:36:25","","2025-01-06 12:31:11"
"20056","CAP24119155","2024-11-07 18:57:00","","2024-12-31 23:16:12"
"20055","ILP24118238","2024-11-07 17:22:43","","2024-11-15 03:01:14"
"20054","CAP24118532","2024-11-07 16:26:32","","2025-01-01 07:19:57"
"20053","CAP24118880","2024-11-07 14:16:28","","2024-12-20 14:10:28"
"20052","NJP24118281","2024-11-07 14:14:54","","2024-12-15 13:33:23"
"20051","CAP24118463","2024-11-07 13:58:42","","2024-12-23 16:56:31"
"20050","NJP24118109","2024-11-07 13:50:42","","2024-12-16 12:27:12"
"20049","TXP24119168","2024-11-07 13:08:56","","2024-12-07 05:41:39"
"20048","NWP24118820","2024-11-07 12:42:16","2024-11-16","2025-01-02 13:27:27"
"20047","NJP24118001","2024-11-07 11:58:37","","2025-01-07 01:23:45"
"20046","NJP24118765","2024-11-07 07:48:18","","2024-12-29 23:09:14"
"20045","TXP24118021","2024-11-06 17:38:32","","2024-11-10 21:30:13"
"20044","CAP24119182","2024-11-06 16:38:41","","2024-12-16 19:59:13"
"20043","NJP24118496","2024-11-06 16:02:56","","2024-11-20 01:25:18"
"20042","TXP24119062","2024-11-06 16:00:24","","2024-12-30 08:30:07"
"20041","ILP24119040","2024-11-06 14:31:33","","2024-12-24 21:07:11"
"20040","CAP24118912","2024-11-06 14:17:04","","2024-11-09 09:42:17"
"20039","CAP24118023","2024-11-06 14:14:38","","2024-11-11 04:55:07"
"20038","CAP24118613","2024-11-06 11:32:54","","2024-11-17 06:41:22"
"20037","NJP24118957","2024-11-06 10:50:51","","2024-12-26 23:47:31"
"20036","ILP24118520","2024-11-06 09:17:09","","2024-11-16 19:55:55"
"20035","NWP24118026","2024-11-06 09:02:37","","2024-11-12 18:58:47"
"20034","NWP24118134","2024-11-05 18:32:16","","2024-12-19 22:21:14"
"20033","NWP24118694","2024-11-05 17:48:47","","2024-12-20 13:23:07"
"20032","NWP24118584","2024-11-05 17:06:45","","2025-01-02 12:58:48"
"20031","ILP24118162","2024-11-05 15:05:58","","2024-11-17 04:08:48"
"20030","TXP24119015","2024-11-05 15:05:40","","2025-01-08 01:58:52"
"20029","TXP24118142","2024-11-05 14:38:23","2024-11-17","2024-12-07 20:46:54"
"20028","CAP24118272","2024-11-05 12:31:15","","2024-11-11 13:36:52"
"20027","TXP24119110","2024-11-05 11:20:52","","2024-12-27 09:10:55"
"20026","ILP24118767","2024-11-05 09:43:41","","2024-11-11 00:52:07"
"20025","NWP24118414","2024-11-04 18:05:15","","2025-01-05 21:53:31"
"20024","CAP24119020","2024-11-04 17:50:02","","2024-12-09 00:34:26"
"20023","TXP24118623","2024-11-04 17:09:10","2024-11-07","2024-11-13 19:37:25"
"20022","NWP24118642","2024-11-04 17:04:18","","2024-12-30 18:35:56"
"20021","TXP24118897","2024-11-04 16:39:17","","2024-11-09 09:19:16"
"20020","TXP24118185","2024-11-04 16:19:35","","2024-12-16 11:21:51"
"20019","CAP24118753","2024-11-04 11:10:00","","2024-12-30 11:58:27"
"20018","ILP24118046","2024-11-04 10:26:47","","2024-11-09 10:32:05"
"20017","ILP24118285","2024-11-03 19:12:07","","2024-12-19 20:13:00"
"20016","NJP24118144","2024-11-03 17:53:12","","2024-11-18 22:27:42"
"20015","ILP24118613","2024-11-03 17:50:58","","2025-01-01 10:12:00"
"20014","ILP24118001","2024-11-03 15:59:29","","2024-12-22 23:45:05"
"20013","TXP24118812","2024-11-03 15:16:14","","2024-12-09 20:36:56"
"20012","TXP24118232","2024-11-03 13:48:27","2024-11-06","2024-11-21 07:19:17"
"20011","NJP24118038","2024-11-03 11:27:56","","2024-11-07 15:32:36"
"20010","TXP24118334","2024-11-03 08:21:45","","2025-01-18 01:49:02"
"20009","TXP24118365","2024-11-02 16:31:35","","2024-11-07 00:58:49"
"20008","ILP24118917","2024-11-02 15:56:28","","2025-01-20 21:50:33"
"20007","NJP24118434","2024-11-02 15:43:32","","2024-12-25 11:37:23"
"20006","TXP24118857","2024-11-02 13:59:15","","2024-12-20 06:06:53"
"20005","NWP24118001","2024-11-02 11:09:13","2024-11-14","2024-12-30 01:44:31"
"20004","ILP24118692","2024-11-02 09:03:09","","2024-12-30 03:13:40"
"20003","NWP24118436","2024-11-01 19:22:45","2024-11-05","2024-11-15 18:06:51"
"20002","ILP24118366","2024-11-01 17:37:25","","2025-01-09 02:19:51"
"20001","CAP24118911","2024-11-01 16:09:46","","2024-11-05 15:06:13"
"20000","CAP24119214","2024-11-01 10:16:42","","2024-12-29 13:18:22"
